origin,spot,realized,z,alpha,drift,sigma_h,crps,crps_b,pin50,pin50_b,wink,wink_b,pit,in50,in80,in90,w90,w90_b,med_disp,u,origin_idx
2012-01-17,8.7,9.32,-0.6520240833427556,0.0,0.0023691263936114486,0.10545260601556981,0.35445431088762924,0.36392432632381433,0.2948653334170075,0.2993420647730307,3.0061555377845552,3.008407185046229,0.75135,False,True,True,0.3455351192855811,0.34579392931565855,0.003479233697239792,0.6303350780495287,260
2012-04-10,9.32,9.32,0.0,0.0,0.0023691263936114486,0.08623954623345631,0.1745482713021868,0.15165739008744739,0.012478636437902146,0.010359147300060378,2.611344927276617,2.1239688055696107,0.48595,True,True,True,0.2801872239567186,0.22789364866626724,0.002677818978090496,-0.027471461725900814,320
2012-07-03,9.32,8.57,-0.38055488096109474,0.0,0.0023691263936114486,0.09683055030246662,0.466117027623394,0.4818863080789984,0.3847388798964957,0.3872980399045902,2.939875080288772,2.2397434779261314,0.17225,False,True,True,0.31543724037433174,0.24031582381181665,0.0020898883898059495,-0.8908760944966498,380
2012-10-03,8.57,8.63,-0.10188722250637539,0.0,0.0023691263936114486,0.08128726977836014,0.15041229782497884,0.1260996353293959,0.024367066214611377,0.016562164585248063,2.2447809852434615,1.778475986206363,0.5312,True,True,True,0.2619347707401939,0.20752345229945893,0.0013145703116426155,0.05668348936555634,440
2013-01-02,8.63,8.61,-0.18356329212644837,0.0,0.0023691263936114486,0.06867808651401336,0.12673115629880255,0.1244566775978675,0.020221927168856624,0.019251867093906583,1.919488209727633,1.7274816335652643,0.4691,True,True,True,0.2224204182766666,0.2001716840747699,0.0023689286602215365,-0.06827961126074664,500
2013-03-27,8.61,9.26,-0.9906573744967236,0.0,0.0023691263936114486,0.05960561170222671,0.40063841790116606,0.40427101863342124,0.3159190075251219,0.3141784465081843,1.6566439258773418,1.50869423595819,0.89365,False,True,True,0.19240928291258327,0.17522581137725787,0.0021094059175095214,1.181274746018701,560
2013-06-19,9.26,9.86,0.30058374302317076,0.0,0.0023691263936114486,0.07448577801426257,0.3460927146224413,0.34528259865568395,0.2920979819055951,0.2876317189545734,2.230708955355766,1.90863691767432,0.8137,False,True,True,0.24089729539479116,0.20611629780500218,0.0017066993724417223,0.8110674973587123,620
2013-09-19,9.86,11.18,0.9550923599676783,0.0,0.0023691263936114486,0.08096802666976372,0.889415811386751,0.953940824406303,0.6482507362751813,0.653460353671842,2.5994508521408477,6.90739152650716,0.93995,False,False,True,0.26363598906093794,0.20345484181948914,0.002383217794081016,1.5224672971415207,680
2013-12-23,11.18,13.39,1.6684845497876808,0.0,0.0023691263936114486,0.0842076453157127,1.652204329163103,1.7524111261297546,1.094599338590994,1.0961265245872065,13.932655750190406,20.98186460695548,0.97935,False,False,False,0.2712075594139974,0.21512937795776624,0.001860583436315899,2.1139715392243663,740
2014-03-17,13.39,13.98,2.712422700702667,0.0,0.0023691263936114486,0.08418524461741217,0.3600911578922331,0.37984489404761856,0.2755420664846753,0.2805407810946212,3.6742631567560515,3.895743172307787,0.70495,True,True,True,0.27440352178910016,0.29094422496697436,0.0029063380904144065,0.4840569258207395,800
2014-06-09,13.98,16.68,2.1742376129946313,0.0,0.0023691263936114486,0.08194565098740977,2.0174122603075366,1.9571678671594583,1.3335532772479795,1.3400262499720608,17.23524365309366,14.407221700918445,0.9802,False,False,False,0.26681215174511597,0.2869600872803497,0.0023528930975709184,2.1259643633570176,860
2014-09-08,16.68,12.9,2.6565156278506814,0.0,0.0023691263936114486,0.08999597071458139,3.0590613562075015,3.0452297707573797,1.905628236949915,1.9056972030824477,36.30928561925371,36.269909296962155,0.0047,False,False,False,0.2896690983451586,0.2904807786917471,0.001873889322531852,-2.8818202625883194,920
2014-12-09,12.9,13.64,1.418901873568938,0.0,0.0023691263936114486,0.09795278078138588,0.4362522209061839,0.46625337731430905,0.35011889976829913,0.34766788324987097,4.085427046691121,4.637811904067606,0.7254,True,True,True,0.31669977106132724,0.3595203026408997,0.0030823411211939877,0.5452649146661878,980
2015-03-04,13.64,13.5,-0.20693912808080345,0.0,0.0023691263936114486,0.10210627084470716,0.30768256316587994,0.40616403951510915,0.08825763879687631,0.07476013717339036,4.523030424672639,5.7178044209486725,0.44155,True,True,True,0.3316004710170556,0.4191938725035683,0.002677073137371755,-0.12424401811557609,1040
2015-05-27,13.5,11.24,-0.13468086049525843,0.0,0.0023691263936114486,0.09304288511520714,1.6785995401883222,1.5072590805453763,1.1475631534762174,1.1420828670174936,12.103813561526678,5.747093259190258,0.02585,False,False,False,0.3011971539272575,0.425710611791871,0.0026019486631432276,-1.9945637664036548,1100
2015-08-25,11.24,9.4,-1.1800563383141276,0.0,0.0023691263936114486,0.1389703724659055,1.228919476334839,1.1943976925549233,0.9442827496738619,0.9217864991800084,5.1200280400765035,5.0568237871054595,0.0865,False,False,True,0.4555185089036035,0.449895354724685,0.0043207739633206454,-1.303430928255144,1160
2015-11-24,9.4,8.29,-1.5031105407840237,0.0,0.0023691263936114486,0.1000597538663669,0.735000598831277,0.6830050081399367,0.565767060479927,0.5558463150897364,3.069526015656024,3.732055627823047,0.0909,False,False,True,0.32654532081447063,0.39702719444926027,0.0022908639318992563,-1.2795239002221908,1220
2016-02-16,8.29,8.3,-2.5752503078119093,0.0,0.0023691263936114486,0.10564664756047272,0.1864915556622797,0.18475405874973383,0.0026065736792437733,0.0014922380247188727,2.790121755944674,2.621190485814105,0.5037,True,True,True,0.3365647473998401,0.316187030858155,0.0005774249265999565,-0.011013891733729624,1280
2016-05-10,8.3,8.16,-2.5014137306149196,0.0,0.0023691263936114486,0.08689280131359034,0.1714534454299122,0.1892582162801953,0.07687463385736137,0.07209508431211553,2.3164063417711587,2.5167915942689945,0.40465,True,True,True,0.27908510141821186,0.3032279029239752,0.0016565382788822358,-0.2230388700463838,1340
2016-08-09,8.16,7.69,-2.107242109179956,0.0,0.0023691263936114486,0.08550515069277748,0.29875558645585987,0.29723261524952177,0.2430624722429937,0.24032862349938933,2.258904172231346,2.431661065684543,0.20915,False,True,True,0.2768264916950179,0.29799767961820384,0.001976096137988659,-0.7215063812206766,1400
2016-11-09,7.69,8.22,-1.6723996107590349,0.0,0.0023691263936114486,0.11556289510401492,0.31999450994787626,0.3055511095767015,0.25806453335106294,0.25697093027817663,2.8793969733772213,2.332210858209913,0.7335,True,True,True,0.37443393672005476,0.3032783950858144,0.0018037624574609445,0.5562364900867848,1460
2017-02-01,8.22,7.72,0.040980313775730144,0.0,0.0023691263936114486,0.09336318874845273,0.3131690864492757,0.31010657393041313,0.2577012201606048,0.253795782874803,2.4872567319682295,2.34334424502197,0.2238,False,True,True,0.3025859771250887,0.28507837530680896,0.00187377619479423,-0.6975444208582114,1520
2017-04-26,7.72,8.06,-0.4801460632445264,0.0,0.0023691263936114486,0.08681850407770222,0.20799754376846963,0.21218626642518162,0.15764976012225373,0.15691479648103268,2.1614374527134412,2.1219569074449414,0.6923,True,True,True,0.2799789446520002,0.27486488438405976,0.003199544009778954,0.46914038108497663,1580
2017-07-26,8.06,8.9,-0.3171459098796022,0.0,0.0023691263936114486,0.08362088115996665,0.5131113495248705,0.49089778266001016,0.4101160242947044,0.4053653407630291,2.1705127937266377,2.288899341274825,0.88805,False,True,True,0.26929439128122057,0.2839825485452636,0.0024525994305943932,1.1572300181915982,1640
2017-10-26,8.9,10.56,1.6067357115931566,0.0,0.0023691263936114486,0.0958109955905228,1.1651749494521875,1.2234345395669282,0.8136101770420474,0.8190473179610285,5.605857477624896,10.59717803448508,0.96185,False,False,False,0.31020545222738155,0.26169682028406677,0.0036831062826860883,1.760266388079285,1700
2018-01-18,10.56,10.36,1.2341106459989133,0.0,0.0023691263936114486,0.08015117412417633,0.20956210364115507,0.19472426885917,0.11357269079318755,0.11383912175444344,2.758903367699258,2.3341882303809403,0.38185,True,True,True,0.26125978860788424,0.2210405521194072,0.0025705853774975473,-0.2681204371017167,1760
2018-04-12,10.36,12.73,2.0847495439077504,0.0,0.0023691263936114486,0.07636827138564778,1.886876757146689,1.902575956064883,1.17233060338339,1.1772847486051177,22.406246691893095,23.232511502593745,0.9929,False,False,False,0.24843653861320888,0.23638536749133396,0.002445829462666138,2.666553080873293,1820
2018-07-12,12.73,12.35,2.3348449507469433,0.0,0.0023691263936114486,0.09085963141689929,0.31414556718297093,0.31119624870530327,0.20795100915626197,0.2000046137484892,3.733638240912901,3.57968132456414,0.34165,True,True,True,0.29329444154853895,0.2812004182689819,0.002820268524157399,-0.3596148848438235,1880
2018-10-15,12.35,14.58,1.6322268691587618,0.0,0.0023691263936114486,0.11627593962642457,1.4642044772111138,1.4971016154015118,1.101669998292846,1.0999044692235733,4.688147120546706,4.1400430494799245,0.92665,False,False,True,0.37960705429527986,0.3352261578526255,0.0021587047299034268,1.4072175003583405,1940
2019-01-07,14.58,18.21,1.5564928863378726,0.0,0.0023691263936114486,0.0930576548267577,2.801506972108429,2.580530398020583,1.7966607152404244,1.7935771316600704,28.392141518804245,16.87788822341644,0.98735,False,False,False,0.3038648599511835,0.38156658849287045,0.0025156769217524744,2.3635996541592266,2000
2019-04-01,18.21,20.4,2.0598605798047624,0.0,0.0023691263936114486,0.08855298037637827,1.3829926900123777,1.3009668374934877,1.072569575674251,1.0914593803268993,5.2648310140773535,6.995174351667005,0.9067,False,False,True,0.28911757353527473,0.3841391736225703,0.002463528207111265,1.2556876148541707,2060
2019-07-01,20.4,17.92,1.881644840034668,0.0,0.0023691263936114486,0.11783886165751867,1.5976161855945137,1.5257418807842842,1.2588681351958932,1.2512935808026953,7.8484026714499535,8.811805184435933,0.11565,False,True,True,0.38472562114950754,0.43195123453117323,0.001849817176068136,-1.1200602062891387,2120
2019-10-01,17.92,18.57,1.5760598728059585,0.0,0.0023691263936114486,0.10837358357714492,0.499526356386923,0.6215030749199402,0.2957459859722782,0.310736545697063,6.346133961357115,7.965050986889132,0.62925,True,True,True,0.3541369398078747,0.444478291679081,0.0032649569227367614,0.306909122374292,2180
2019-12-24,18.57,11.06,0.7545211657305622,0.0,0.0023691263936114486,0.12203064672348497,6.431511556125788,6.2667263070475325,3.763484560047204,3.7729022282042637,92.52445092316366,84.24568430602608,0.00065,False,False,False,0.39673293026742745,0.45583124457626634,0.0009137921429407392,-4.265989893863689,2240
2020-03-17,11.06,13.13,-0.10908385875531793,0.0,0.0023691263936114486,0.17595033461923157,1.2249222146020178,1.2125429192863106,1.0178663059382718,1.0141591740270783,6.401144955694479,6.0343771130471,0.85095,False,True,True,0.5787653666993199,0.5456037172736979,0.0030983171901859397,0.9616097985437495,2300
2020-06-16,13.13,14.77,-1.6632904352076894,0.0,0.0023691263936114486,0.15191473839300038,0.9408438729867714,0.9485405373862976,0.7945254636759458,0.8031052752621779,6.534277048883,7.558292574708629,0.79445,False,True,True,0.4976600951167555,0.5756506149816167,0.00388035587571256,0.7591711183191291,2360
2020-09-15,14.77,15.38,-0.8852231356870097,0.0,0.0023691263936114486,0.11635451704608563,0.45139649246748925,0.6169126729129644,0.28771225241541654,0.2674259755397088,5.560875188157095,8.103282067461503,0.6343,True,True,True,0.37649798159492853,0.5486311487787071,0.002340927228785983,0.3274539064564823,2420
2020-12-09,15.38,15.56,-0.6584121731431773,0.0,0.0023691263936114486,0.11047871801900558,0.3759214530527333,0.5779835469413965,0.08240034075013192,0.07739712276874222,5.538504726071141,8.195606087359828,0.5438,True,True,True,0.3601108404467582,0.5328742579557755,0.0009882521781363618,0.08387523357704056,2480
2021-03-03,15.56,19.95,-0.06507505749048363,0.0,0.0023691263936114486,0.11198788778986467,3.319755805296101,2.951888503571519,2.173088774858292,2.1666565778627422,30.247574554044498,7.825999491433025,0.98255,False,False,False,0.3672480041603423,0.5029562655162613,0.0028163528459776987,2.1980635857147885,2540
2021-06-01,19.95,20.17,1.7071453161504049,0.0,0.0023691263936114486,0.11711049798608138,0.5057338273779086,0.5260120398408981,0.07805130674116079,0.09041126786170395,7.644091563199691,7.316821878218491,0.531,True,True,True,0.3831624843709118,0.3667579888831324,0.003202876517176989,0.07341854389226869,2600
2021-08-31,20.17,21.0,1.4939361647760991,0.0,0.0023691263936114486,0.11535298101604541,0.6141564277511153,0.6209145681451886,0.3891623509093147,0.39233359822026515,7.573184459903743,7.285911867080834,0.64745,True,True,True,0.37546774714445924,0.3612251793297389,0.0025619880109750692,0.3290505284680187,2660
2021-11-24,21.0,26.36,1.9190105597841849,0.0,0.0023691263936114486,0.14303558256046325,3.644567339813758,3.922300209830388,2.648548835490633,2.644411898513294,9.899949644588233,31.52160502648897,0.94475,False,False,True,0.4714261735518206,0.36159546169566326,0.0029953490008920447,1.5727285580997286,2720
2022-02-16,26.36,26.25,1.744091862230894,0.0,0.0023691263936114486,0.12875678660334838,0.7286702004078196,0.7528617655017158,0.07946624284916126,0.10250877524194557,10.995926127724804,10.601160907666056,0.47775,True,True,True,0.41714439027787575,0.4021684714592586,0.0018563158459150575,-0.05087768313499328,2780
2022-05-19,26.25,27.71,1.730661863215189,0.0,0.004130628174907858,0.15236552569337306,1.0706763833486739,1.0442442882383864,0.690743624798575,0.6423003998023713,13.183121917612784,12.338457286553158,0.64635,True,True,True,0.5022141682900109,0.47003646805916793,0.0029909619201085036,0.32813683695721363,2840
2022-08-17,27.71,27.49,0.913987553701149,0.0,0.007037810057510572,0.12365726029194227,0.7682208460478082,1.0710207169204904,0.20858167815129924,0.23676838937411482,11.088983343946133,15.0051660432054,0.44385,True,True,True,0.4001798391896836,0.5415072552582244,0.007115242017415868,-0.12137473141333546,2900
2022-11-10,27.49,21.9,0.3097268693195721,0.0,0.010480210813517696,0.1375942367811448,4.145993726628781,3.8010119867507495,2.926888713313277,2.9127786206124426,19.423562408421617,15.966769405623673,0.0391,False,False,False,0.451259391132885,0.5808210042060267,0.009595395657568284,-1.728385444998565,2960
2023-02-05,21.9,24.0,-0.2989694294987405,0.0,0.012182925374857007,0.126537969183121,1.1057539271567118,1.2340977844375463,0.9180171348765942,0.9216953645778769,9.058754589592844,12.871517955928532,0.75615,False,True,True,0.41364176208186504,0.5877405459328097,0.012053229691635359,0.6273553200126967,3020
2023-05-08,24.0,22.54,-0.8915832927687918,0.0,0.01331134093768952,0.1338012660149623,1.142457252292017,1.3364773666223733,0.904673844976287,0.8859496951797166,10.719417841157107,14.980685790489481,0.2601,True,True,True,0.44664241004821276,0.624195241270395,0.014556153748023881,-0.5685571216157105,3080
2023-08-07,22.54,19.91,-0.34359905187983225,0.0,0.013873549553327565,0.14676167154534342,1.7972602902980104,1.7666737626967124,1.4581628787800955,1.4583650836309143,10.953652524687808,11.520439303812218,0.1567,False,True,True,0.48596506320709,0.5111108830440203,0.012703006102936731,-0.939911208671632,3140
2023-10-31,19.91,22.76,-0.9620348269882568,0.0,0.013873549553327565,0.1495336589696642,1.5073756021458329,1.4854963118843483,1.268451676265558,1.2666052066958873,9.821731375495906,9.479872098470803,0.80695,False,True,True,0.4933064477898496,0.47613621790410865,0.01572559756247549,0.8018859596890061,3200
2024-01-23,22.76,20.81,-0.3813606870345699,0.0,0.013873549553327565,0.1553872573101075,1.3919057615183785,1.4037894630686705,1.1305758588682426,1.1422435074203836,11.658426476871554,10.695709407514663,0.2353,False,True,True,0.512233149247432,0.4699345082387813,0.013670989355732965,-0.6657207302363914,3260
2024-04-24,20.81,20.44,-0.01956854715139865,0.0,0.013873549553327565,0.1357837784728616,0.6837567396787474,0.687969455778136,0.3267879888673484,0.3258426099443774,9.25342894897976,8.800245964968639,0.39795,True,True,True,0.44466261167610577,0.4228854380090648,0.013626909069423432,-0.23429473668480347,3320
2024-07-24,20.44,18.3,-1.1883685433952103,0.0,0.013873549553327565,0.13463691222654411,1.4846681536198074,1.4966590232584063,1.2111016032250692,1.2322376551782135,9.088097691035902,8.959121185071012,0.16005,False,True,True,0.44462317470821433,0.4383131695240221,0.013806419102257328,-0.9244586271558676,3380
2024-10-17,18.3,20.89,-0.22119481622511508,0.0,0.01274780164953091,0.11781036754006942,1.4459472828991307,1.3811469598902715,1.1842877442009687,1.1683739552668246,7.174779174034709,8.050158548307877,0.8626,False,True,True,0.3920644357396016,0.4398993742244741,0.012099700087325749,1.015375102966917,3440
2025-01-09,20.89,23.21,-0.051502526968249134,0.0,0.011616705754626668,0.1272625918656238,1.2297631882942026,1.2013450407536768,1.039946451837416,1.0180071907231714,8.747378589264486,8.59407333348236,0.78855,False,True,True,0.4187352125066771,0.4113965214687582,0.011493877277413578,0.7362410083724978,3500
2025-04-10,23.21,21.42,0.031065479658859356,0.0,0.011616705754626668,0.18575763470716386,1.3781603549463086,1.2606170958250036,1.0286909692599373,1.016819013648547,14.302478281891208,10.458783633708656,0.28785,True,True,True,0.6162205205467991,0.4506154086044229,0.011520117988792489,-0.4945953428304845,3560
2025-07-09,21.42,20.88,0.3050881353294712,0.0,0.011616705754626668,0.1231771343252527,0.6804923084272874,0.7578939363362629,0.3926713141036071,0.38784876190613105,8.593321034081818,9.55391476773256,0.3708,True,True,True,0.4011821211055937,0.4460277669342932,0.011453904211354393,-0.30159824681174924,3620
2025-10-02,20.88,19.78,0.2053024090735804,0.0,0.011049136384322797,0.13468121719144419,0.8916043131053233,0.9079697710380781,0.6672120997038427,0.676289913826313,9.29359586822876,8.905378765747137,0.29955,True,True,True,0.44509558755884865,0.4265028144514913,0.011227212615310789,-0.48388019178322794,3680
2025-12-25,19.78,21.72,-0.35026504812209736,0.0,0.009909922545433205,0.10510792107833387,1.0383412664644918,1.036573204999452,0.8765157218920727,0.8659958465596134,6.883556497563024,8.207333128757018,0.8098,False,True,True,0.3480058896644602,0.41493089629711916,0.009452404257626501,0.7958700492552966,3740
2026-03-29,21.72,20.22,-0.3988537427981501,0.0,0.009909922545433205,0.12764689394629125,1.058235275770387,1.046049392829543,0.8641536635816927,0.8459673179925691,8.963117868749865,8.802444737990516,0.2378,False,True,True,0.41266656854281153,0.4052690947509446,0.010511387070137435,-0.6382544964480089,3800
