origin,fy,h,line,forecast,actual,log_err,scaled_err,freeze_err,trend_err,crosses_B4,log_err_realized_macro
2016,2016,1,rev,14483.52142565398,15285.672,-0.05390436927711077,,-0.22019159836473454,-0.0896393918695936,0,-0.01691778764691098
2016,2017,2,rev,17442.25319075373,17656.586,-0.012213251400953282,,-0.3643845375712483,-0.10328012458096618,0,0.29929804070667093
2016,2018,3,rev,21480.74611203352,25811.964,-0.18368110113797895,,-0.7441137846895894,-0.3524571652041664,0,-0.18144646786412227
2016,2019,4,rev,27118.041081758707,25398.046000000002,0.06552698703336664,,-0.7279479212485434,-0.20573909526797934,0,0.007878584929409713
2016,2020,5,rev,35153.50857586492,23310.764,0.41080920236848845,,-0.6421909074604402,0.010570125015264938,0,0.2860788973574305
2016,2016,1,gp,1688.483076984994,2202.059,-0.2655622934861464,,-0.3229185483399336,-0.18999246418234952,0,-0.5277911954696735
2016,2017,2,gp,1816.0244562421976,1952.8,-0.07261449291447107,,-0.20278995667121005,0.0630622116439578,0,
2016,2018,3,gp,1998.4112956413192,3563.953,-0.5785178093760186,,-0.8043960386663507,-0.40561778619359873,0,-0.2417287218408829
2016,2019,4,gp,2271.206483871527,3815.976,-0.5188852832636247,,-0.872722180832683,-0.3410178442023472,0,-0.1368956746547293
2016,2020,5,gp,2693.488831837749,4764.358,-0.5703254788134722,,-1.0946885121796095,-0.43005809139168955,0,-0.16641870736173892
2016,2016,1,sga,1021.269566534234,1199.554,-0.16090329463653083,,-0.2922000496630146,-0.07303631761300942,0,-0.1252002944135295
2016,2017,2,sga,1176.4936679810849,1282.791,-0.08649962582026753,,-0.35928840153043884,0.07903906256957151,0,0.17229253324066485
2016,2018,3,sga,1371.3416359881521,1702.502,-0.21630937679995166,,-0.6423491624047658,0.01514203374524977,0,-0.08709113653018005
2016,2019,4,sga,1619.646889674203,2184.206,-0.29904421963029587,,-0.8915026043998089,-0.014847676199788119,0,-0.2049727602660552
2016,2020,5,sga,1940.3486777460644,2613.1440000000002,-0.29768640636752847,,-1.0708043227109616,0.025014337539064572,0,-0.2609036314455051
2016,2016,1,op,816.3650888644443,865.962,-0.058979359963155245,,-0.1435491783991107,-0.07731460226214511,0,-0.7839690202182179
2016,2017,2,op,819.1514425230005,618.173,0.2815006247063359,,0.19352349573474847,0.3259926480086796,0,
2016,2018,3,op,848.278790634153,1975.405,-0.845319375302143,,-0.9682368703108069,-0.76953314189991,0,-0.3024301094070598
2016,2019,4,op,930.8216957237701,1482.954,-0.46572358360927046,,-0.6814994741575672,-0.4165611696097048,0,0.20038242589066455
2016,2020,5,op,1115.1516523162943,2303.948,-0.7256337664250843,,-1.1220876028236917,-0.7909147221388638,0,0.015720479643251857
2016,2016,1,fin,-576.4154998450816,-1837.387,-1.159270978054428,,-1.2753074516017493,-1.2753074516017493,0,-1.107300697198117
2016,2017,2,fin,-701.1367638012936,-1369.902,-0.6697915172640859,,-0.9817022024212496,-0.9817022024212496,0,-0.2633923037998947
2016,2018,3,fin,-897.2329296128102,-1187.257,-0.2800853787727394,,-0.8386086023943411,-0.8386086023943411,0,0.1976745226116846
2016,2019,4,fin,-1169.9963113422946,-1167.018,0.0025488187558093075,,-0.8214147753365196,-0.8214147753365196,0,0.3008897121936673
2016,2020,5,fin,-1550.688923325833,-779.114,0.6882972012017763,,-0.417365095631686,-0.417365095631686,0,0.8459434867207047
2016,2016,1,pbt,239.94958901936263,-987.39,,5.180855930246065,,,0,
2016,2017,2,pbt,118.0146787217069,-751.729,,3.6713691434818507,,,0,
2016,2018,3,pbt,-48.95413897865717,788.148,,-3.533582408446879,-1.2020519995158543,-1.4863460961880097,0,-4.09605126467782
2016,2019,4,pbt,-239.1746156185245,315.936,,-2.3432374793415103,-0.28790577146358415,-0.666964567026458,0,-0.2948262790901983
2016,2020,5,pbt,-435.5372710095387,1524.834,,-8.275135272878057,-1.862006940692182,-2.335830435145774,0,-1.0662784095442286
2016,2016,1,np,191.3610851214405,-989.8100000000001,,6.167544331596858,,,0,
2016,2017,2,np,94.11733969930513,-723.655,,4.2700394733508,,,0,
2016,2018,3,np,-48.95413897865717,636.734,,-3.580355164524041,-1.2013910729446446,-1.56657737030747,0,-4.108984075343633
2016,2019,4,np,-239.1746156185245,223.556,,-2.4161712230882575,-0.15470102895488594,-0.6416160921053197,0,-0.17521527381852225
2016,2020,5,np,-435.5372710095387,1116.061,,-8.101748545848025,-1.762599887947569,-2.3712437168856115,0,-0.980465094036638
2016,2016,1,pc_rev,8032.491708347786,8016.1,0.0020427604297886537,,-0.06789657300944199,0.0020427604297886537,0,0.0020427604297886537
2016,2016,1,m3w_rev,2381.278205773272,1708.2,0.3321972202369696,,0.10245852179955701,0.2667118353539663,0,0.4547466298933047
2016,2017,2,m3w_rev,2996.29373489605,2206.2,0.3061045246511482,,-0.15337287222367735,0.175133754885141,0,1.0808404009882797
2016,2018,3,m3w_rev,3770.1500496713134,3470.2,0.08290257245627054,,-0.6063135228559675,-0.11355358219273963,0,0.08964561515837513
2016,2019,4,m3w_rev,4743.871147042177,2100.2,0.8148209217893619,,-0.1041338719602891,0.5528793822573481,0,0.6358996615931881
2016,2020,5,m3w_rev,5969.076339999043,2944.7,0.7065852541739902,,-0.44210823801307353,0.379158329758973,0,0.2910244139217125
2016,2016,1,cv_rev,1804.5406289103648,1113.3,0.4829774824232635,,0.1762701692616203,0.5256841456880071,0,0.6055268920795988
2016,2017,2,cv_rev,2452.2681537677654,1092.2,0.808819362601515,,0.19540473627822852,0.8942326891310018,0,1.5835552389386467
2016,2018,3,cv_rev,3332.493046507224,1507.1,0.7935334120555811,,-0.12658852742934867,0.9216534018498115,0,0.800276454757685
2016,2019,4,cv_rev,4528.668648229207,1394.6,1.1778203638559446,,-0.04900888879062835,1.3486470169149187,0,0.998899103659771
2016,2020,5,cv_rev,6154.203306425321,770.1,2.0783702152592936,,0.5448336494510775,2.291903531583011,0,1.662809375007016
2016,2016,1,fin_rev,1688.184228139723,1739.6,-0.030001671629704886,,-0.5084906497869724,-0.030001671629704886,0,-0.030001671629704886
2016,2016,1,resid_rev,577.0266544828344,2708.4719999999998,-1.5462514568337535,,,,0,-1.5462514568337535
2016,2016,1,m3w_u,150883.64471446138,94985,0.46278999057536,,0.36533450419485225,0.46278999057536,0,0.46278999057536
2016,2017,2,m3w_u,166328.4522317755,84427,0.6780772056964611,,0.48316623293544547,0.6780772056964613,0,0.6780772056964611
2016,2018,3,m3w_u,183354.22685588448,128160,0.35814046441333913,,0.0657740052718156,0.3581404644133393,0,0.35814046441333913
2016,2019,4,m3w_u,202122.80012725687,84999,0.8662359423986667,,0.47641399687663527,0.8662359423986667,0,0.8662359423986667
2016,2020,5,m3w_u,222812.56904643803,112366,0.684569519897678,,0.19729208799513878,0.684569519897678,0,0.684569519897678
2016,2016,1,cv_u,3079.9796946222273,,,,,,0,
2016,2017,2,cv_u,3666.901785576045,1699,0.7693072627235739,,0.42045906051409704,0.7693072627235739,0,0.7693072627235739
2016,2018,3,cv_u,4365.667971298109,2238,0.6681885966283737,,0.14491629331415865,0.6681885966283737,0,0.6681885966283737
2016,2019,4,cv_u,5197.59130462342,2096,0.9081645411640499,,0.21046813674509635,0.9081645411640499,0,0.9081645411640499
2016,2020,5,cv_u,6188.0462617646635,1152,1.6811198464538843,,0.8089993409301927,1.6811198464538841,0,1.6811198464538843
2016,2016,1,inv,3251.495265642922,5820.482,-0.5822681039107727,,-0.6792454187389019,-0.5055033727710545,0,-0.5117249825217293
2016,2017,2,inv,3970.961818602368,3012.824,0.27613049214360075,,-0.02074018745605597,0.32674390447963864,0,0.7477028549147019
2016,2018,3,inv,4950.881559941491,4820.828,0.026619956099758337,,-0.49080804009700246,0.030418097806539604,0,-0.012754257412064662
2016,2019,4,inv,6314.116680208863,3788.21,0.5108942575541779,,-0.249755954568517,0.44521222930287246,0,0.40145701746890683
2016,2020,5,inv,8248.79126144701,3367.987,0.8957514393332519,,-0.13217757907049893,0.736532650768738,0,0.7114786916068423
2016,2016,1,rec,1625.323247477458,2363.801,-0.3745641991195216,,-0.3597235334872545,-0.11068455238985399,0,-0.33757761748932197
2016,2017,2,rec,1957.3485457138981,2972.213,-0.4177160185905459,,-0.5887594100409499,-0.09068144784614865,0,-0.10620472648292181
2016,2018,3,rec,2410.5433342480555,4610.991,-0.6485906293803883,,-1.0278954182121076,-0.280778474919906,0,-0.6463559961065316
2016,2019,4,rec,3043.1537539042247,6435.527,-0.7489393368583879,,-1.361286350420407,-0.3651304260308044,0,-0.8065877389623447
2016,2020,5,rec,3944.884192151603,7106.385,-0.5885740774324072,,-1.4604462925414448,-0.21525138705444175,0,-0.7133043824434654
2016,2016,1,pay,1969.8091697667292,2807.9500000000003,-0.3545180098180652,,-0.44664608102984515,-0.33035810684599537,0,-0.2839748884290218
2016,2017,2,pay,2405.6738097479133,1519.834,0.4592289163227218,,0.16720748033941435,0.3997834287071137,0,0.9308012790938227
2016,2018,3,pay,2999.325263748593,2732.906,0.09302183937170892,,-0.4195569132087027,-0.07069299065715343,0,0.05364762585988598
2016,2019,4,pay,3825.1954622462517,2752.183,0.3292151522604386,,-0.4265858162459069,0.03856608048949209,0,0.21977791217516773
2016,2020,5,pay,4997.253060147742,3144.092,0.46336323726943396,,-0.5597165375179677,0.02172333340128105,0,0.27909048954302434
2016,2016,1,capex,1298.6859905924234,1385.345,-0.06459622927149826,,,,0,-0.027609647641298578
2016,2017,2,capex,1563.9849728171373,1429.438,0.0899556738724538,,,,0,0.4014669659800779
2016,2018,3,capex,1926.1023078101994,3288.502,-0.534933710654015,,,,0,-0.5326990773801581
2016,2019,4,capex,2431.578551249986,1736.04,0.3369339985680275,,,,0,0.2792855964640707
2016,2020,5,capex,3152.090418203319,707.765,1.493709018852716,,,,0,1.3689787138416578
2016,2016,1,da,378.81130762260835,320.759,0.1663481496965764,,,,0,0.17200921078497078
2016,2017,2,da,471.32543891661294,434.762,0.08075005360842588,,,,0,0.14092736145694165
2016,2018,3,da,583.2819486265846,434.327,0.29487297968479426,,,,0,0.38023259874191423
2016,2019,4,da,723.5273799662409,654.742,0.09989712421440478,,,,0,0.15581409198560084
2016,2020,5,da,905.3261830322012,310.19,1.0711102890465476,,,,0,1.0883267194260349
2016,2016,1,cfo,467.3250493903986,-2318.822,,1111.3470480216988,,,0,
2016,2017,2,cfo,-50.18443259878427,1343.369,,-555.8649511762202,,,0,
2016,2018,3,cfo,-305.1352662246733,-1003.437,,278.54077932801226,,,0,
2016,2019,4,cfo,-685.6225770781657,1727.99,,-962.749332699707,,,0,-2.503760746388336
2016,2020,5,cfo,-1194.5585095613726,2097.366,,-1313.0931430240814,,,0,-2.1005298334307123
2017,2017,1,rev,19637.924221596517,17656.586,0.10635374772171449,,-0.14419293920651377,0.02771020566768828,0,0.14882447184473813
2017,2018,2,rev,26448.783178372043,25811.964,0.024372047275172778,,-0.5239221863248549,-0.18011589657645077,0,0.01824698874108572
2017,2019,3,rev,37432.54379456509,25398.046000000002,0.38786823905861634,,-0.5077563228838089,0.007953111738797179,0,0.37109609423730106
2017,2020,4,rev,55577.36253996781,23310.764,0.8688607416439944,,-0.42199930909570577,0.26561327040110244,0,0.8452188120564877
2017,2021,5,rev,86119.08535318427,31437.533,1.007728554269931,,-0.7210865785135699,0.1384291458574402,0,0.9865077948509609
2017,2017,1,gp,2522.6741374119556,1952.8,0.2560552644281259,,0.12012859166872353,0.33084319629915343,0,-0.15054542390619124
2017,2018,2,gp,3113.1970349680632,3563.953,-0.13522013839561806,,-0.481477490326417,-0.06004828106555758,0,0.060691684739522855
2017,2019,3,gp,4195.974809534542,3815.976,0.0949292228105038,,-0.5498036324927494,0.0823401813985399,0,0.32904878462836057
2017,2020,4,gp,6168.466177353723,4764.358,0.2582874177860045,,-0.7717699638396759,0.07108845468204336,0,0.4954481573125182
2017,2021,5,gp,9740.415522470998,6302.573,0.4353258154709965,,-1.0515651309527978,0.0020078921993510294,0,0.6560292424117325
2017,2017,1,sga,1438.8015876913646,1282.791,0.11477236341220146,,-0.06708835186742422,0.16752321712092244,0,0.20886247626247648
2017,2018,2,sga,1770.437010040041,1702.502,0.039127480655203196,,-0.35014911274175115,0.1190740252349422,0,0.11928438868376973
2017,2019,3,sga,2239.1166763227816,2184.206,0.024829071387880278,,-0.5993025547367943,0.10453215222824595,0,0.08998727651612727
2017,2020,4,sga,2909.620673995354,2613.1440000000002,0.10746862601778827,,-0.7786042730479468,0.15984200290543996,0,0.14376713990152062
2017,2021,5,sga,3875.1811614576673,3426.239,0.12312925493382376,,-1.0495133370804766,0.12354450786125705,0,0.13729386169850138
2017,2017,1,op,1136.2046424962643,618.173,0.60868037254157,,0.33707267413385933,0.46696269567713405,0,-1.3916053772564312
2017,2018,2,op,1413.2420249335048,1975.405,-0.33488706713273647,,-0.8246876919116961,-0.5649076488251467,0,-0.018697429013596768
2017,2019,3,op,2056.6101911473106,1482.954,0.3270230446698947,,-0.5379502957584565,-0.1482802311286323,0,0.7082613674275945
2017,2020,4,op,3406.9507541908506,2303.948,0.3911935111372023,,-0.978538424424581,-0.45897833825148227,0,0.7641356231655448
2017,2021,5,op,6094.72867587084,3002.299,0.7080459175705519,,-1.2432925798080563,-0.5938424720916831,0,1.0336110000931586
2017,2017,1,fin,-2607.9255017371243,-1369.902,0.6438158739368439,,0.29360524918049963,0.29360524918049963,0,0.7213774400254527
2017,2018,2,fin,-3672.7490827664387,-1187.257,1.1292948461202887,,0.43669884920740826,0.43669884920740826,0,1.2165447583441016
2017,2019,3,fin,-5592.33959496838,-1167.018,1.5669459544515483,,0.4538926762652297,0.4538926762652297,0,1.5840555904363225
2017,2020,4,fin,-8549.357640817856,-779.114,2.3954540527522252,,0.8579423559700634,0.8579423559700634,0,2.3543996510317777
2017,2021,5,fin,-13088.89258416315,-551.569,3.1667523109900007,,1.2033327884025322,1.2033327884025322,0,3.074842657347604
2017,2017,1,pbt,-1471.72085924086,-751.729,,-0.7291869061271229,,,0,
2017,2018,2,pbt,-2259.507057832934,788.148,,-3.0865767911695827,,,0,
2017,2019,3,pbt,-3535.7294038210694,315.936,,-3.9008551877384514,,,0,
2017,2020,4,pbt,-5142.406886627005,1524.834,,-6.752388505683676,,,0,
2017,2021,5,pbt,-6994.16390829231,2410.138,,-9.52440465094067,,,0,
2017,2017,1,np,-1471.72085924086,-723.655,,-0.755767126257423,,,0,
2017,2018,2,np,-2259.507057832934,636.734,,-2.9260575846202137,,,0,
2017,2019,3,np,-3535.7294038210694,223.556,,-3.7979868902325387,,,0,
2017,2020,4,np,-5142.406886627005,1116.061,,-6.322898219483542,,,0,
2017,2021,5,np,-6994.16390829231,1846.864,,-8.932045451442509,,,0,
2017,2017,1,m3w_rev,2029.8658911093373,2206.2,-0.08330185117467415,,-0.25583139402323435,-0.1292297630237473,0,0.2671668551093155
2017,2018,2,m3w_rev,2412.103697394394,3470.2,-0.363712958958404,,-0.7087720446555243,-0.45556878265655043,0,-0.43301606092615375
2017,2019,3,m3w_rev,2866.3195300079615,2100.2,0.3109962347858347,,-0.20659239375984606,0.17321249923861506,0,0.0661075939849756
2017,2020,4,m3w_rev,3406.0673498324013,2944.7,0.14555141158161053,,-0.5445667598126304,-0.038160235814682184,0,-0.33449418815851667
2017,2021,5,m3w_rev,4047.453422459879,3719.9,0.08439111256940579,,-0.7782566016733954,-0.14524844667596012,0,-0.5075802729774747
2017,2017,1,cv_rev,1472.6558037759603,1092.2,0.29887342922624166,,0.019134567016608105,0.29887342922624166,0,0.29887342922624166
2017,2018,2,cv_rev,1948.0060328707625,1507.1,0.25661902772829775,,-0.3028586966909691,0.25661902772829775,0,0.25661902772829775
2017,2019,3,cv_rev,2576.7918711018706,1394.6,0.6139375285766515,,-0.22527905805224877,0.6139375285766517,0,0.6139375285766515
2017,2020,4,cv_rev,3408.5399300286413,770.1,1.4875189290279909,,0.3685634801894571,1.4875189290279909,0,1.4875189290279909
2017,2021,5,cv_rev,4508.763235748482,1053.4,1.4539998607335396,,0.055305549685372504,1.4539998607335398,0,1.4539998607335396
2017,2017,1,m3w_u,95303.4568456611,84427,0.12117882764767243,,0.1178317287405932,0.12117882764767243,0,0.12117882764767243
2017,2018,2,m3w_u,95622.9813837215,128160,-0.2928663011088786,,-0.29956049892303666,-0.29286630110887846,0,-0.2928663011088786
2017,2019,3,m3w_u,95943.57719384068,84999,0.1211207894030201,,0.11107949268178313,0.1211207894030201,0,0.1211207894030201
2017,2020,4,m3w_u,96265.24786767963,112366,-0.1546540205713974,,-0.1680424161997135,-0.1546540205713974,0,-0.1546540205713974
2017,2021,5,m3w_u,96587.99700894115,137252,-0.3513641733000608,,-0.368099667835456,-0.3513641733000608,0,-0.3513641733000608
2017,2017,1,inv,5361.796904621522,3012.824,0.57642131740003,,0.658505231282846,0.9939697854347311,0,0.670842816577174
2017,2018,2,inv,7310.478838217548,4820.828,0.41636307861882993,,0.1884373786418993,0.8593664869456696,0,0.3799132870890757
2017,2019,3,inv,10412.219034348222,3788.21,1.011086411619764,,0.4294894641703849,1.4358831266260406,0,0.9576486146727305
2017,2020,4,inv,15478.620895094662,3367.987,1.525144538213561,,0.547067839668403,1.8889260562759438,0,1.4635926942018318
2017,2021,5,inv,23927.60336326334,4203.342,1.7391528217685237,,0.325503153021289,2.002825923780715,0,1.6824042597670554
2017,2017,1,rec,2588.0941895561473,2972.213,-0.13838502249282997,,-0.22903587655369542,0.10204456471054092,0,-0.09591429836980621
2017,2018,2,rec,3485.701507570542,4610.991,-0.27977348399218854,,-0.6681718847248533,-0.006011002196380826,0,-0.28589854252627533
2017,2019,3,rec,4933.258118415526,6435.527,-0.26583408785809015,,-1.0015628169331525,-0.008321493140443621,0,-0.28260623267940527
2017,2020,4,rec,7324.575012992506,7106.385,0.03024145881814696,,-1.1007227590541904,0.22359900600275456,0,0.006599529230640318
2017,2021,5,rec,11349.687568676549,10239.476,0.10293977013265011,,-1.465979529783488,0.18942267653769346,0,0.08171901071368014
2017,2017,1,pay,2874.5546220539763,1519.834,0.6372966298127425,,0.6138535613692595,0.852250962481083,0,0.7317181289898865
2017,2018,2,pay,3919.2776428575658,2732.906,0.36054185012437173,,0.027089167821142575,0.5038839700447895,0,0.3240920585946178
2017,2019,3,pay,5582.1756928588475,2752.183,0.7071841945596162,,0.02006026478393824,0.7352524681194087,0,0.6537463976125826
2017,2020,4,pay,8298.363781489847,3144.092,0.9705332243833342,,-0.11307045648812258,0.8405191479591716,0,0.9089813803716051
2017,2021,5,pay,12828.013456320576,5418.617,0.8617907139712603,,-0.6573859371022734,0.5346010684568443,0,0.8050421519697919
2017,2017,1,capex,1728.0628747962319,1429.438,0.18971969556604215,,,,0,0.2321904196890659
2017,2018,2,capex,2327.3926397890996,3288.502,-0.3456835396699426,,,,0,-0.3518085982040294
2017,2019,3,capex,3293.921929357216,1736.04,0.6404722731641977,,,,0,0.6237001283428826
2017,2020,4,capex,4890.5971833209,707.765,1.9329575806991428,,,,0,1.909315651111636
2017,2021,5,capex,7578.152992696854,467.981,2.784597083631857,,,,0,2.7633763242128873
2017,2017,1,da,504.9411451461026,434.762,0.14964312329478843,,,,0,0.15612676776572018
2017,2018,2,da,638.3649799727815,434.327,0.38511248208263554,,,,0,0.393937634191811
2017,2019,3,da,828.6973399583383,654.742,0.23561373304361866,,,,0,0.23819288567725758
2017,2020,4,da,1114.6448145629165,310.19,1.2791060682277287,,,,0,1.2742015114630325
2017,2021,5,da,1563.226408932526,420.369,1.31337427830604,,,,0,1.3024705084966652
2017,2017,1,cfo,-665.7831862184507,1343.369,,-0.8664538227679617,,,0,
2017,2018,2,cfo,-3422.7083086669845,-1003.437,,-1.0433191114570177,,,0,
2017,2019,3,cfo,-5593.430820837106,1727.99,,-3.1573880275575723,,,0,
2017,2020,4,cfo,-8769.29273875651,2097.366,,-4.686284129940336,,,0,
2017,2021,5,cfo,-13375.382848381778,970.363,,-6.186652467667538,,,0,
2018,2018,1,rev,19177.758576200555,25811.964,-0.29708690530086507,,-0.37972924711834116,-0.2598238589898591,0,-0.3410349883491109
2018,2019,2,rev,21049.034469244605,25398.046000000002,-0.18781755129947084,,-0.36356338367729507,-0.12375260742033074,0,-0.311686038186394
2018,2020,3,rev,23358.807640273913,23310.764,0.002058885717472951,,-0.277806369889192,0.08190979449625435,0,-0.23139187802223946
2018,2021,4,rev,26219.364536777346,31437.533,-0.18150425534018352,,-0.5768936393070561,-0.09727208679312781,0,-0.5199288816186737
2018,2022,5,rev,29773.65392402782,29789.079,-0.0005179438739552041,,-0.5230329915782242,0.07649394906418595,0,-0.25421467817085835
2018,2018,1,gp,1435.3243326312295,3563.953,-0.9094794826469943,,-0.6016060819951405,-0.5313444533435745,0,-0.56291182322591
2018,2019,2,gp,778.3280428335092,3815.976,-1.5898036590444846,,-0.6699322241614729,-0.5294089668583409,0,-0.6180548786705723
2018,2020,3,gp,-82.76077300372344,4764.358,,-2.482137839514402,-0.8918985555083995,-0.6811136695537013,0,-0.8454840636414465
2018,2021,4,gp,-1243.198133533875,6302.573,,-3.8640778029157494,-1.1716937226215212,-0.890647208015257,0,-1.1147289649331389
2018,2022,5,gp,-2842.8617609497815,8112.934,,-5.610300983689974,-1.4241953381913968,-1.0728871949335663,0,
2018,2018,1,sga,1452.8377327132112,1702.502,-0.15858023284902925,,-0.2830607608743269,-0.08689574115115599,0,-0.19530054155001758
2018,2019,2,sga,1653.7230477694752,2184.206,-0.2782232371097521,,-0.53221420286937,-0.13988416342302812,0,-0.39339479236188607
2018,2020,3,sga,1892.4376733381634,2613.1440000000002,-0.32268832180982887,,-0.7115159211805225,-0.12302086201101005,0,-0.5504693540294254
2018,2021,4,sga,2177.6547746829065,3426.239,-0.4532146518304021,,-0.9824249852130522,-0.19776490632036853,0,-0.7905068293023716
2018,2022,5,sga,2520.1197049088496,4213.186,-0.5139127287416578,,-1.1891809581752257,-0.20835585955937128,0,-0.8254264942584284
2018,2018,1,op,147.06923223065894,1975.405,-2.597625276139929,,-1.1617603660455553,-1.2708189842421151,0,-0.9204369673073747
2018,2019,2,op,-694.7531699257496,1482.954,,-3.522811850284224,-0.8750229698923158,-1.0931402062854352,0,-0.691692588536137
2018,2020,3,op,-1774.734245385064,2303.948,,-6.597962456116757,-1.3156110985584402,-1.6427869531481196,0,-1.1950834136226895
2018,2021,4,op,-3195.8395409934237,3002.299,,-10.02654360671434,-1.5803652539419157,-2.016599726728155,0,-1.4946638348945978
2018,2022,5,op,-5107.4653523925235,3955.5170000000003,,-14.660915880170315,-1.8560982387071838,-2.4013913296899827,0,
2018,2018,1,fin,-1716.6747955210083,-1187.257,0.3687435568434664,,0.14309360002690846,0.14309360002690846,0,0.31877561173129804
2018,2019,2,fin,-2369.103783819925,-1167.018,0.7080599559932464,,0.16028742708473004,0.16028742708473004,0,0.5430064071212323
2018,2020,3,fin,-3276.643454991256,-779.114,1.4364174638912925,,0.5643371067895636,0.5643371067895636,0,1.1165215587635795
2018,2021,4,fin,-4579.954563202481,-551.569,2.1166774121660454,,0.9097275392220324,0.9097275392220324,0,1.6251467007686589
2018,2022,5,fin,-6425.928476913671,-962.993,1.8980502665278143,,0.3524483405963468,0.3524483405963468,0,1.3355971312216195
2018,2018,1,pbt,-1569.6055632903494,788.148,,-3.1364408760209455,,,0,
2018,2019,2,pbt,-3063.8569537456747,315.936,,-4.496025766926213,,,0,
2018,2020,3,pbt,-5051.37770037632,1524.834,,-8.748114946179168,,,0,
2018,2021,4,pbt,-7775.794104195905,2410.138,,-13.550005526188166,,,0,
2018,2022,5,pbt,-11533.393829306195,11300.42,,-30.375060466346504,,,0,
2018,2018,1,np,-1569.6055632903494,636.734,,-3.048883187831701,,,0,
2018,2019,2,np,-3063.8569537456747,223.556,,-4.542790354168319,,,0,
2018,2020,3,np,-5051.37770037632,1116.061,,-8.52262293548213,,,0,
2018,2021,4,np,-7775.794104195905,1846.864,,-13.297300653206163,,,0,
2018,2022,5,np,-11533.393829306195,10538.098,,-30.500019801295082,,,0,
2018,2018,1,pc_rev,6840.5,10407.8,-0.41969469665984116,,-0.41969469665984116,-0.5077954265588902,0,-0.41969469665984116
2018,2019,2,pc_rev,6840.5,7597.8,-0.10499790332444897,,-0.10499790332444897,-0.2811993631225472,0,-0.10499790332444897
2018,2020,3,pc_rev,6840.5,7699.0,-0.11822962191788083,,-0.11822962191788083,-0.3825318116150279,0,-0.11822962191788083
2018,2021,4,pc_rev,6840.5,12880.4,-0.6328459477165725,,-0.6328459477165725,-0.9852488673127687,0,-0.6328459477165725
2018,2022,5,pc_rev,6840.5,9231.1,-0.29971738963381234,,-0.29971738963381234,-0.7402210391290578,0,-0.29971738963381234
2018,2018,1,m3w_rev,2883.1759693754834,3470.2,-0.1853197754943479,,-0.45294065063229016,-0.2690394343573594,0,-0.3676572890391734
2018,2019,2,m3w_rev,3767.883088742751,2100.2,0.5844807505392725,,0.04923900026338841,0.4170414328132498,0,0.12584973155013193
2018,2020,3,m3w_rev,4924.063990970616,2944.7,0.5141272596244302,,-0.28873536578939607,0.26296828303539627,0,-0.28896482786351724
2018,2021,4,m3w_rev,6435.020836929389,3719.9,0.5480582929016073,,-0.522425207650161,0.21317965744956197,0,-0.5162626657796996
2018,2022,5,m3w_rev,8409.617187682588,1915.0,1.4796583316102454,,0.1415539559205349,1.0610600372951884,0,1.0171581808843204
2018,2018,1,cv_rev,1196.0855990250732,1507.1,-0.2311330503849436,,-0.3219932637075773,-0.2622189489919044,0,-0.41347056392976933
2018,2019,2,cv_rev,1309.8523715392494,1394.6,-0.06269319842358957,,-0.24441362506885692,-0.12486499563751124,0,-0.5213242174127304
2018,2020,3,cv_rev,1434.4401743700198,770.1,0.6220095531407499,,0.34942891317284885,0.5287518573198674,0,-0.18108253434719768
2018,2021,4,cv_rev,1570.8782596841195,1053.4,0.3996118359592988,,0.03617098266876441,0.27526824153145574,0,-0.6647091227220083
2018,2022,5,cv_rev,1720.2937779067431,1515.0,0.12707963838775216,,-0.32722142822541617,-0.02834985464705209,0,-0.3354205123381728
2018,2018,1,fin_rev,3381.1,5118.1,-0.4145821760925243,,-0.4145821760925243,0.0997385509173987,0,-0.4145821760925243
2018,2019,2,fin_rev,3381.1,5347.9,-0.45850286014940084,,-0.45850286014940084,0.570138593870445,0,-0.45850286014940084
2018,2020,3,fin_rev,3381.1,6399.8,-0.6380656395407677,,-0.6380656395407677,0.9048965414890013,0,-0.6380656395407677
2018,2021,4,fin_rev,3381.1,7949.8,-0.8549456707805204,,-0.8549456707805204,1.2023372372591714,0,-0.8549456707805204
2018,2022,5,fin_rev,3381.1,9358.7,-1.0181052916180897,,-1.0181052916180897,1.5534983434315248,0,-1.0181052916180897
2018,2018,1,resid_rev,4876.8970077999975,5308.763999999999,-0.08484988123393489,,,,0,-0.11495733688453007
2018,2019,2,resid_rev,5749.699008962604,8957.546000000002,-0.4433487983734428,,,,0,-0.5505417056243779
2018,2020,3,resid_rev,6778.703474933279,5497.163999999997,0.2095535328913321,,,,0,-0.013106678961354984
2018,2021,4,resid_rev,7991.865440163839,5834.032999999999,0.314715676462243,,,,0,-0.021794717166540425
2018,2022,5,resid_rev,9422.142958438493,7769.278999999999,0.19288518571513083,,,,0,-0.1781128720568087
2018,2018,1,m3w_u,80369.89970371168,128160,-0.4666397590281196,,-0.4173922276636298,-0.4666397590281196,0,-0.4666397590281196
2018,2019,2,m3w_u,76507.76147896613,84999,-0.10524729878778975,,-0.006752236058810242,-0.10524729878778975,0,-0.10524729878778975
2018,2020,3,m3w_u,72831.21651391147,112366,-0.433616739033776,,-0.2858741449403068,-0.433616739033776,0,-0.433616739033776
2018,2021,4,m3w_u,69331.34621060056,137252,-0.6829215220340082,,-0.4859313965760493,-0.6829215220340082,0,-0.6829215220340082
2018,2022,5,m3w_u,65999.66055017088,59100,0.11041867442191777,,0.35665633124436663,0.11041867442191797,0,0.11041867442191777
2018,2018,1,cv_u,1355.3119503699986,2238,-0.5015509603797367,,-0.2755427671999385,-0.5015509603797367,0,-0.5015509603797367
2018,2019,2,cv_u,1081.148018137569,2096,-0.6620073101285973,,-0.20999092376900072,-0.6620073101285973,0,-0.6620073101285973
2018,2020,3,cv_u,862.4442784583208,1152,-0.2894842991232992,,0.38854028041609545,-0.2894842991232992,0,-0.2894842991232992
2018,2021,4,cv_u,687.9817758227151,1576,-0.8288829214650852,,0.07514985125410753,-0.8288829214650851,0,-0.8288829214650852
2018,2022,5,cv_u,548.8110196640961,2005,-1.2956451839677285,,-0.16560421806873757,-1.2956451839677285,0,-1.2956451839677285
2018,2018,1,inv,5401.276267696718,4820.828,0.11368957397305361,,-0.47006785264094647,-0.3866378048796634,0,0.030326477265709462
2018,2019,2,inv,6170.950617450081,3788.21,0.4879592849359543,,-0.229015767112461,-0.06215567158989471,0,0.2845616495158658
2018,2020,3,inv,7136.246662101419,3367.987,0.7508717240426143,,-0.111437391614443,0.1388527516694066,0,0.39667717138993536
2018,2021,4,inv,8360.345934777719,4203.342,0.6876198828363291,,-0.33300207826155703,0.0007181127835754502,0,0.18566275056425138
2018,2022,5,inv,9929.348458376262,3920.044,0.9293919842186815,,-0.263225033328467,0.15392520547794866,0,0.5989567188032606
2018,2018,1,rec,2924.4678073693763,4610.991,-0.45533028343730375,,-0.43913600817115794,-0.1657765254324207,0,-0.4992783664855496
2018,2019,2,rec,3209.823683874413,6435.527,-0.6956177250852549,,-0.772526940379457,-0.22580797490198254,0,-0.8194862119721781
2018,2020,3,rec,3562.047185602264,7106.385,-0.6906582439774521,,-0.8716868825004949,-0.05160843428428337,0,-0.9241090077171644
2018,2021,4,rec,3998.2611738915107,10239.476,-0.9403908863465419,,-1.2369436532297924,-0.14350572227484376,0,-1.278815512625032
2018,2022,5,rec,4540.264289103735,3060.579,0.3943811100663577,,-0.02929732055428962,1.3375000931393963,0,0.14068437576945422
2018,2018,1,pay,2837.346091354339,2732.906,0.037503628487954424,,-0.5867643935481169,-0.5342602994487152,0,-0.045859468219389875
2018,2019,2,pay,3241.6639598827815,2752.183,0.16369235088516526,,-0.5937932965853212,-0.488785108386518,0,-0.03970528453492315
2018,2020,3,pay,3748.7439209045165,3144.092,0.1758956932217462,,-0.7269240178573821,-0.569411735559177,0,-0.17829885943093277
2018,2021,4,pay,4391.775884947873,5418.617,-0.21010694195157556,,-1.271239498471533,-1.061223122073926,0,-0.7120640742236535
2018,2022,5,pay,5215.989081425567,5812.3820000000005,-0.10826173829495107,,-1.3413893512641708,-1.078868880767162,0,-0.4386970037103722
2018,2018,1,capex,1753.3056389383285,3288.502,-0.6289291992646651,,,,0,-0.672877282312911
2018,2019,2,capex,1924.38499434095,1736.04,0.10299977578742597,,,,0,-0.0208687110994974
2018,2020,3,capex,2135.553484618007,707.765,1.1043690177539365,,,,0,0.8709182540142241
2018,2021,4,capex,2397.07677563323,467.981,1.633577567003058,,,,0,1.2951529407245679
2018,2022,5,capex,2722.023802175658,1160.574,0.8524609382435507,,,,0,0.5987642039466476
2018,2018,1,da,564.9966238045281,434.327,0.2630220489454183,,,,0,0.2571876118451366
2018,2019,2,da,676.076920044753,654.742,0.032065591708955295,,,,0,0.008020902857834293
2018,2020,3,da,794.1370638954804,310.19,0.9400710579462069,,,,0,0.8833073465741927
2018,2021,4,da,922.5117889589795,420.369,0.7859672582043424,,,,0,0.684042419604153
2018,2022,5,da,1065.2624331707984,451.098,0.8592918531130921,,,,0,0.7203381409300574
2018,2018,1,cfo,-2027.803923197576,-1003.437,,-0.762535776244335,,,0,
2018,2019,2,cfo,-3038.4923914308793,1727.99,,-3.5481557125636214,,,0,
2018,2020,3,cfo,-5067.680221838294,2097.366,,-5.3336396938133115,,,0,
2018,2021,4,cfo,-7870.563612159115,970.363,,-6.581160211497449,,,0,
2018,2022,5,cfo,-11754.923838468469,6938.2,,-13.915107344645046,,,0,
2019,2019,1,rev,28483.209383412675,25398.046000000002,0.1146425272877302,,0.016165863441046157,0.26420379167090924,0,0.045991736774876904
2019,2020,2,rev,31899.132885544303,23310.764,0.3136635990066838,,0.10192287722914914,0.5979987336888755,0,0.13899097048492726
2019,2021,3,rev,36280.07741810476,31437.533,0.14326626158932723,,-0.19716439218871504,0.5469493925008745,0,-0.14360915392757975
2019,2022,4,rev,41914.571052989995,29789.079,0.34149167446991285,,-0.14330374445988323,0.8488479684595693,0,0.12236057625373979
2019,2023,5,rev,49181.09281866139,28317.23,0.552038804028148,,-0.09263234793479269,1.147557293214523,1,0.9864437904639408
2019,2019,1,gp,2972.6823714540224,3815.976,-0.24973176367116737,,-0.06832614216633237,0.19980587072245115,0,-0.03850026883250183
2019,2020,2,gp,2165.5906770767688,4764.358,-0.7884696413033581,,-0.2902924735132588,0.24597155226430836,0,-0.25322438025748006
2019,2021,3,gp,1011.8342121705718,6302.573,-1.8291932272389828,,-0.5700876406263806,0.23430839803997,0,-0.516532402365246
2019,2022,4,gp,-690.6116426226945,8112.934,,-2.4701632267941513,-0.8225892561962562,0.24993879535887809,0,-1.975612721633301
2019,2023,5,gp,-3250.3903294615375,6884.54,,-2.8437328801646764,-0.6584079959469,0.6822520684970177,1,
2019,2019,1,sga,1954.3775116813,2184.206,-0.11118064139144132,,-0.24915344199504313,-0.035037054526787924,0,-0.19004756349185714
2019,2020,2,sga,2259.5805497687343,2613.1440000000002,-0.14537489547866675,,-0.4284551603061956,-0.00022238536968510086,0,-0.34092291264795543
2019,2021,3,sga,2632.1146773813434,3426.239,-0.2636755751750426,,-0.6993642243387254,-0.0570150619339594,0,-0.5780472579587563
2019,2022,4,sga,3089.714982400626,4213.186,-0.3101402831346599,,-0.9061201973008988,-0.0496546474278776,0,-0.6128339349844679
2019,2023,5,sga,3654.7698620995398,3430.639,0.06328658479076402,,-0.7006476074188754,0.3699343299224012,1,0.17886592045114622
2019,2019,1,op,1209.3264700126258,1482.954,-0.20397247619246311,,0.28673739615323973,0.6094830195901753,0,0.3208906057748745
2019,2020,2,op,119.94050457099354,2303.948,-2.9553836275234184,,-0.15385073251288486,0.49164051436098644,0,-0.13155508360423598
2019,2021,3,op,-1376.9694423991846,3002.299,,-2.216896505981905,-0.41860488789636036,0.5496319824144469,0,-0.39600360728283146
2019,2022,4,op,-3499.2280750923683,3955.5170000000003,,-3.773780604530397,-0.6943378726616284,0.5966446210861143,0,
2019,2023,5,op,-6575.328977068449,3708.121,,-5.2057426082592935,-0.6297518386962799,0.9839762784883985,1,
2019,2019,1,fin,-1562.521460341789,-1167.018,0.29184905980285325,,0.017193827057821513,0.017193827057821513,0,0.23269539974491196
2019,2020,2,fin,-2080.588367484167,-779.114,0.982248625050953,,0.4212435067626552,0.4212435067626552,0,0.7780134297783349
2019,2021,3,fin,-2818.3375898403847,-551.569,1.631135538760875,,0.7666339391951239,0.7666339391951239,0,1.2261127349349972
2019,2022,4,fin,-3922.8197027340984,-962.993,1.4045198433051318,,0.20935474056943817,0.20935474056943817,0,0.9123068442558168
2019,2023,5,fin,-5554.421272341693,-2465.024,0.8123926925121274,,-0.7305559393477586,-0.7305559393477586,1,0.7963310853370759
2019,2019,1,pbt,-353.19499032916315,315.936,,-0.8489915476904883,0.9141462280522701,0.9141462280522701,0,0.5923109362590799
2019,2020,2,pbt,-1960.6478629131734,1524.834,,-4.422369736284522,-0.6599549411763276,-0.6599549411763276,0,-1.5498234839295
2019,2021,3,pbt,-4195.307032239569,2410.138,,-8.380970366275838,-1.117753396774808,-1.117753396774808,0,-2.839835459388361
2019,2022,4,pbt,-7422.047777826467,11300.42,,-23.755015273560886,-2.662909282669997,-2.662909282669997,0,
2019,2023,5,pbt,-12129.750249410143,2304.762,,-18.314469172554066,-1.0730468068223042,-1.0730468068223042,1,
2019,2019,1,np,-353.19499032916315,223.556,,-0.9057958116405959,1.0466900439897588,1.0466900439897588,0,0.7248547521965686
2019,2020,2,np,-1960.6478629131734,1116.061,,-4.832015979848999,-0.5612088150029245,-0.5612088150029245,0,-1.451077357756097
2019,2021,3,np,-4195.307032239569,1846.864,,-9.489317410786244,-1.0648923586271941,-1.0648923586271941,0,-2.7869744212407475
2019,2022,4,np,-7422.047777826467,10538.098,,-28.20666994039342,-2.806400364460584,-2.806400364460584,0,
2019,2023,5,np,-12129.750249410143,1811.528,,-21.894980084949353,-1.0455739810766669,-1.0455739810766669,1,
2019,2019,1,pc_rev,10407.8,7597.8,0.3146967933353921,,0.3146967933353921,0.4243634862462982,0,0.3146967933353921
2019,2020,2,pc_rev,10407.8,7699.0,0.3014650747419604,,0.3014650747419604,0.5207984605637725,0,0.3014650747419604
2019,2021,3,pc_rev,10407.8,12880.4,-0.2131512510567313,,-0.2131512510567313,0.11584882767598714,0,-0.2131512510567313
2019,2022,4,pc_rev,10407.8,9231.1,0.11997730702602885,,0.11997730702602885,0.5586440786696535,0,0.11997730702602885
2019,2019,1,m3w_rev,4657.191669415815,2100.2,0.7963800421355709,,0.5021796508956784,0.7042841585143341,0,0.5678078794796012
2019,2020,2,m3w_rev,6250.197177590939,2944.7,0.7526060673226793,,0.1642052848428939,0.5684143000802054,0,0.21869803600791557
2019,2021,3,m3w_rev,8388.094699925872,3719.9,0.8131166167018069,,-0.06948455701787093,0.5368289658380966,0,0.01710593820662867
2019,2022,4,m3w_rev,11257.266082290857,1915.0,1.7712961715123954,,0.594494606552825,1.402912637027448,0,1.404269438286058
2019,2023,5,m3w_rev,15107.845605106968,513.4,3.3819141959299945,,1.9109122397305314,2.9214347778238103,1,4.269039699689931
2019,2019,1,cv_rev,1969.9475203968593,1394.6,0.34539926719783176,,0.07757963863872024,0.11977581444850309,0,0.11682710454186208
2019,2020,2,cv_rev,2574.940769104728,770.1,1.2070614339986494,,0.6714221768804262,0.7558145284999918,0,0.6731534026838856
2019,2021,3,cv_rev,3365.7343130957743,1053.4,1.1616231320536763,,0.35816424637634153,0.4847527738056899,0,0.365612453558498
2019,2022,4,cv_rev,4399.389532478036,1515.0,1.0660503497186073,,-0.005228164517838944,0.16355653872129206,0,0.6990236164922703
2019,2023,5,cv_rev,5750.492005019579,1424.1,1.3957453819958066,,0.05664723920024866,0.26762811824916244,1,2.282870885755744
2019,2019,1,fin_rev,5118.1,5347.9,-0.04392068405687644,,-0.04392068405687644,0.4852855574346961,0,-0.04392068405687644
2019,2020,2,fin_rev,5118.1,6399.8,-0.22348346344824324,,-0.22348346344824324,0.8349290195349023,0,-0.22348346344824324
2019,2021,3,fin_rev,5118.1,7949.8,-0.440363494687996,,-0.440363494687996,1.147255229786722,0,-0.440363494687996
2019,2022,4,fin_rev,5118.1,9358.7,-0.6035231155255654,,-0.6035231155255654,1.5133018504407252,0,-0.6035231155255654
2019,2019,1,resid_rev,6330.170193599998,8957.546000000002,-0.34716918292593024,,,,0,-0.43558436873984796
2019,2020,2,resid_rev,7548.094938848637,5497.163999999997,0.31706288255242254,,,,0,0.10185065792317494
2019,2021,3,resid_rev,9000.348405083114,5834.032999999999,0.4335547603369112,,,,0,0.09316261971798949
2019,2022,4,resid_rev,10732.015438221104,7769.278999999999,0.32305400380337707,,,,0,-0.06315553517227891
2019,2019,1,m3w_u,125380.7132951541,84999,0.38871532318088114,,0.4106399916048197,0.38871532318088114,0,0.38871532318088114
2019,2020,2,m3w_u,122661.69839576805,112366,0.08766874587544606,,0.13151808272332322,0.08766874587544606,0,0.08766874587544606
2019,2021,3,m3w_u,120001.648243262,137252,-0.134313174184235,,-0.06853916891241929,-0.134313174184235,0,-0.134313174184235
2019,2022,4,m3w_u,117399.2841240197,59100,0.6863498852122424,,0.7740485589079966,0.6863498852122424,0,0.6863498852122424
2019,2023,5,m3w_u,114853.35505469765,13610,2.1328513245369813,,2.2424746666566744,2.132851324536982,1,2.1328513245369813
2019,2019,1,cv_u,2132.461995779457,2096,0.017246412326218288,,0.06555184343093783,0.017246412326218288,0,0.017246412326218288
2019,2020,2,cv_u,2031.9008773206904,1152,0.5674721854065949,,0.664083047616034,0.5674721854065949,0,0.5674721854065949
2019,2021,3,cv_u,1936.081948202551,1576,0.20577632513988753,,0.3506926184540461,0.20577632513988733,0,0.20577632513988753
2019,2022,4,cv_u,1844.7815796499515,2005,-0.08328317528767722,,0.109938549131201,-0.08328317528767734,0,-0.08328317528767722
2019,2023,5,cv_u,1757.7866886137242,943,0.6227444507148152,,0.864271606238413,0.6227444507148152,1,0.6227444507148152
2019,2019,1,inv,7256.956200189657,3788.21,0.6500668727388724,,0.24105208552848548,0.40465476556081964,0,0.5430541664563334
2019,2020,2,inv,8458.273456373117,3367.987,0.9208298331041526,,0.35863046102650364,0.685835821091172,0,0.6678747618762986
2019,2021,3,inv,10032.724768215214,4203.342,0.8699723037541995,,0.13706577437938958,0.627873814476392,0,0.4627972202345419
2019,2022,4,inv,12119.857209465034,3920.044,1.1287423209453198,,0.20684281931247958,0.8612535394418162,0,0.8592795259224438
2019,2023,5,inv,14915.135878554966,6366.072,0.8513938892392141,,-0.27803694133911566,0.539976458822555,1,1.4384159469444018
2019,2019,1,rec,4762.524410752837,6435.527,-0.30105586751962427,,-0.33339093220829913,0.009240873862403364,0,-0.36970665803247743
2019,2020,2,rec,5333.682626990933,7106.385,-0.2869517517098117,,-0.4325508743293371,0.252712737812068,0,-0.4616243802315683
2019,2021,3,rec,6066.196825009076,10239.476,-0.5235185904386015,,-0.7978076450586347,0.23008777315347317,0,-0.8103940059555087
2019,2022,4,rec,7008.31023354932,3060.579,0.8284925073886551,,0.4098386876168682,1.7803659118996786,0,0.6093614091724819
2019,2023,5,rec,8223.306297526238,4042.327,0.7101518379198916,,0.13162228511496035,1.8447813154684731,1,1.1445568243556845
2019,2019,1,pay,3692.5245175229993,2752.183,0.29391596026472266,,-0.007028903037204302,0.13282340136569667,0,0.1869032539821836
2019,2020,2,pay,4303.785395970214,3144.092,0.3139698238599242,,-0.14015962430926512,0.13954498449653688,0,0.06101475263206997
2019,2021,3,pay,5104.906404592431,5418.617,-0.059638499457065855,,-0.6844751049234158,-0.26491819171471287,0,-0.46681358297672354
2019,2022,4,pay,6166.892655857276,5812.3820000000005,0.05920462000832651,,-0.7546249577160538,-0.1952157401044498,0,-0.2102581750145496
2019,2023,5,pay,7589.20178026041,7110.150000000001,0.06520307794692912,,-0.956157828722941,-0.2568963067084361,1,0.6522251356521167
2019,2019,1,capex,2838.7345905555067,1736.04,0.49175172872560446,,,,0,0.42310093821275113
2019,2020,2,capex,3179.177272897321,707.765,1.5022656053941248,,,,0,1.3275929768723682
2019,2021,3,capex,3615.7972694882515,467.981,2.0446399582835464,,,,0,1.757764542766639
2019,2022,4,capex,4177.350280116619,1160.574,1.2807624309383963,,,,0,1.0616313327222233
2019,2023,5,capex,4901.556826210702,2055.957,0.8688114413119006,,,,1,1.3032164277476934
2019,2019,1,da,650.8691141478771,654.742,-0.005932696450894486,,,,0,-0.018253430582172585
2019,2020,2,da,850.4408737732675,310.19,1.0085698770898108,,,,0,0.9643014206726089
2019,2021,3,da,1066.0048333320192,420.369,0.9305402418100686,,,,0,0.8388138533188891
2019,2022,4,da,1305.5641320733243,451.098,1.0627059006643782,,,,0,0.9333044182521086
2019,2023,5,da,1579.2576184156435,531.403,1.0891894750645468,,,,1,1.0458394870958458
2019,2019,1,cfo,-1330.3689696007798,1727.99,,-3.047883394374315,,,0,-2.4171654303834997
2019,2020,2,cfo,-2271.4215831142483,2097.366,,-4.353823491773024,,,0,-0.721341879472071
2019,2021,3,cfo,-4635.146700145572,970.363,,-5.5863095542077605,,,0,-0.012539364788490768
2019,2022,4,cfo,-8083.743244278361,6938.2,,-14.970489671278179,,,0,
2019,2023,5,cfo,-13138.458239658215,824.631,,-13.915262482505842,,,1,
2020,2020,1,rev,34038.02156981164,23310.764,0.3785629531269262,,0.08575701378810302,0.2550091214160393,0,0.3823638719673386
2020,2021,2,rev,45900.74779064081,31437.533,0.37847891110768817,,-0.21333025562976107,0.1251739596261113,0,0.37489438201983877
2020,2022,3,rev,62287.0579243972,29789.079,0.7376118164093695,,-0.15946960790092937,0.3482867149828795,0,0.5219316249724858
2020,2023,4,rev,85054.25836201519,28317.23,1.099818933205531,,-0.10879821137583877,0.5682102191359063,1,1.1294978126533335
2020,2024,5,rev,116863.43036209827,53969.539000000004,0.7725861963430258,,-0.7537475528801634,0.09251298525951804,1,4.045075961501718
2020,2020,1,gp,4561.477247131181,4764.358,-0.04351626683747851,,-0.22196633134692637,-0.038698453849343326,0,0.0746405268323092
2020,2021,2,gp,5452.559787299651,6302.573,-0.14487277856774905,,-0.5017614984600482,-0.13522574346488214,0,0.08646313918955187
2020,2022,3,gp,6520.964486705867,8112.934,-0.21843728588075342,,-0.7542631140299237,-0.20445948153717447,0,-0.2653537291777724
2020,2023,4,gp,7807.140201106202,6884.54,0.12576040732254654,,-0.5900818537805677,0.14298965620976467,1,-1.4003937820540524
2020,2024,5,gp,9362.958046634216,10514.622,-0.11600558867804624,,-1.0135703956056157,-0.0972310081177001,1,
2020,2020,1,sga,2748.877151877636,2613.1440000000002,0.05063842579971115,,-0.1793017183111526,0.02046579993444552,0,0.0012208492558468441
2020,2021,2,sga,3470.9805737402276,3426.239,0.012973982008532493,,-0.4502107823436822,-0.050675745852486034,0,-0.09125283155858688
2020,2022,3,sga,4397.491277671135,4213.186,0.04281508306840168,,-0.6569667553058557,-0.05766420056906137,0,-0.1861742889999819
2020,2023,4,sga,5590.0628319598145,3430.639,0.48824398596546553,,-0.4514941654238323,0.3475759075585601,1,0.4523930791959805
2020,2024,5,sga,7129.715645539482,4843.651,0.38660257701893824,,-0.796416399422061,0.2024211918059295,1,3.0106614858264646
2020,2020,1,op,2023.737836723672,2303.948,-0.12967795740911267,,-0.4405881286661245,-0.2612713634133057,0,0.16937916598876904
2020,2021,2,op,2266.301408720765,3002.299,-0.28122916120042024,,-0.7053422840496,-0.34670875354396236,0,0.2939023556981832
2020,2022,3,op,2509.839634768476,3955.5170000000003,-0.4548924527111321,,-0.9810752688148681,-0.4431249730564118,0,-0.26456679876062394
2020,2023,4,op,2744.668668074869,3708.121,-0.30086491543955934,,-0.9164892348495196,-0.1992221738382447,1,
2020,2024,5,op,2958.145894574761,5820.84,-0.6768818961199919,,-1.367408536757314,-0.4708247104932204,1,
2020,2020,1,fin,-1393.3785467662892,-779.114,0.5813293095291774,,0.40404967970483363,0.40404967970483363,0,0.5635067490520663
2020,2021,2,fin,-1849.0496987477152,-551.569,1.2096601655480623,,0.7494401121373025,0.7494401121373025,0,1.1423515736032241
2020,2022,3,fin,-2540.2878454268744,-962.993,0.9699865357424907,,0.19216091351161674,0.19216091351161674,0,0.7922030771315937
2020,2023,4,fin,-3537.5951084965127,-2465.024,0.36124560464643446,,-0.7477497664055801,-0.7477497664055801,1,0.313993465963864
2020,2024,5,fin,-4986.865198897258,-2689.349,0.6175083388085281,,-0.8348473795402865,-0.8348473795402865,1,3.5741997596329926
2020,2020,1,pbt,630.3592899573828,1524.834,-0.8833508723125123,,-1.5741011692285978,-1.5741011692285978,0,-0.11409142869302834
2020,2021,2,pbt,417.2517099730496,2410.138,-1.753749625524728,,-2.031899624827078,-2.031899624827078,0,-0.04705567418799839
2020,2022,3,pbt,-30.44821065839824,11300.42,,-35.86444156619822,-3.5770555107222677,-3.5770555107222677,0,-2.519726565035111
2020,2023,4,pbt,-792.9264404216437,2304.762,,-9.80479730205372,-1.9871930348745743,-1.9871930348745743,1,
2020,2024,5,pbt,-2028.719304322497,3999.132,,-19.07934298187765,-2.538292955125082,-2.538292955125082,1,
2020,2020,1,np,477.6501325230037,1116.061,-0.8486822767817793,,-1.6078988589926833,-1.6078988589926833,0,-0.07942283316229541
2020,2021,2,np,316.16942549946606,1846.864,-1.7649661180197846,,-2.111582402616953,-2.111582402616953,0,-0.058272166683054925
2020,2022,3,np,-30.44821065839824,10538.098,,-47.274715107885264,-3.853090408450343,-3.853090408450343,0,-2.727295177468368
2020,2023,4,np,-792.9264404216437,1811.528,,-11.650120955919967,-2.0922640250664255,-2.0922640250664255,1,
2020,2024,5,np,-2028.719304322497,3059.893,,-22.762137023038957,-2.6164732850617893,-2.6164732850617893,1,
2020,2020,1,pc_rev,9499.726297359946,7699.0,0.2101725370913272,,-0.013231718593431831,-0.031096147797470313,0,0.3109952366907045
2020,2021,2,pc_rev,11877.754050481995,12880.4,-0.08103953302260544,,-0.5278480443921235,-0.5635769028002003,0,0.07022376666309856
2020,2022,3,pc_rev,14851.063795695783,9231.1,0.4754932807449137,,-0.1947194863093633,-0.248312773921479,0,-0.944216726760248
2020,2020,1,m3w_rev,2623.2737093767196,2944.7,-0.1155838991585427,,-0.3379743660527844,-0.2691102347995024,0,-0.32582981960692947
2020,2021,2,m3w_rev,3276.623633133556,3719.9,-0.12688327412506606,,-0.5716642079135493,-0.43393594540698527,0,-0.5441408693705276
2020,2022,3,m3w_rev,4092.6962347974886,1915.0,0.7594863563398713,,0.0923149556571466,0.29890734941699254,0,0.654340592047104
2020,2023,4,m3w_rev,5112.019061617628,513.4,2.2982944564118193,,1.408732588834853,1.684189113847981,1,3.23482724025575
2020,2024,5,m3w_rev,6385.213411186635,1378.2,1.5332066128199933,,0.4212542783487853,0.7655749346151954,1,2.336810167706137
2020,2020,1,cv_rev,2007.7607817622463,770.1,0.9582549645810421,,0.5938425382417059,0.6689355575924553,0,0.7480090441326555
2020,2021,2,cv_rev,2890.5086453338204,1053.4,1.0094094604162935,,0.28058460773762117,0.43077064643912016,0,0.5921518651708321
2020,2022,3,cv_rev,4161.37236300442,1515.0,1.0104294758614496,,-0.0828078031565592,0.14247125489568918,0,0.9052837115686824
2020,2023,4,cv_rev,5990.993997382448,1424.1,1.4367173059188736,,-0.020932399438471718,0.2794396779645264,1,2.373250089762804
2020,2024,5,cv_rev,8625.04143963682,3984.5,0.772257933645789,,-1.0498041980508925,-0.6743391012971449,1,1.5758614885319329
2020,2020,1,fin_rev,6725.830353873145,6399.8,0.04968865068333367,,-0.17956277939136675,0.19478680685684055,0,0.04968865068333367
2020,2021,2,fin_rev,8458.795779480051,7949.8,0.06206004951828142,,-0.3964428106311196,0.3522563618652949,0,0.06206004951828142
2020,2022,3,fin_rev,10638.273978728283,9358.7,0.1281518587554125,,-0.5596024314686889,0.5634463272759329,0,0.1281518587554125
2020,2020,1,resid_rev,13181.430427439578,5497.163999999997,0.8745767304514963,,,,0,0.8745767304514963
2020,2021,2,resid_rev,19397.06568221139,5834.032999999999,1.2014132732091287,,,,0,1.2014132732091287
2020,2022,3,resid_rev,28543.651552171228,7769.278999999999,1.3012571816487382,,,,0,1.3012571816487382
2020,2020,1,pc_u,25935.95395471069,29650,-0.13383193579473032,,-0.09781922702465345,-0.16945890334700095,0,0.1772366842530337
2020,2021,2,pc_u,25018.54827763875,45584,-0.5999392968766253,,-0.5279138793364714,-0.6711932319811666,0,-0.03141840194545955
2020,2022,3,pc_u,24133.593042829067,31541,-0.2676835146938747,,-0.15964538838364417,-0.37456441735068696,0,-1.5822477579062695
2020,2020,1,m3w_u,81909.33740214776,112366,-0.3161484064420909,,-0.27912190888149657,-0.3161484064420909,0,-0.3161484064420909
2020,2021,2,m3w_u,78931.98218401255,137252,-0.5532321556384275,,-0.4791791605172389,-0.5532321556384278,0,-0.5532321556384275
2020,2022,3,m3w_u,76062.85203979576,59100,0.2523290746213938,,0.3634085673031769,0.25232907462139365,0,0.2523290746213938
2020,2023,4,m3w_u,73298.01305306268,13610,1.6837286848094775,,1.8318346750518546,1.6837286848094772,1,1.6837286848094775
2020,2024,5,m3w_u,70633.67430287816,20189,1.252369102284171,,1.4375015900871426,1.2523691022841708,1,1.252369102284171
2020,2020,1,cv_u,2328.038874372286,1152,0.7035266660695965,,0.5985312041850962,0.7035266660695965,0,0.7035266660695965
2020,2021,2,cv_u,2585.7657445556206,1576,0.49513169879210894,,0.28514077502310836,0.49513169879210894,0,0.49513169879210894
2020,2022,3,cv_u,2872.024414764162,2005,0.3593730913537642,,0.044386705700263256,0.3593730913537642,0,0.3593730913537642
2020,2023,4,cv_u,3189.9735141780934,943,1.2187016103454766,,0.7987197628074753,1.2187016103454766,1,1.2187016103454766
2020,2024,5,cv_u,3543.121349820885,2101,0.5225946540184342,,-0.0023826554040676526,0.522594654018434,1,0.5225946540184342
2020,2020,1,inv,5738.7387515230685,3367.987,0.5329242199724049,,0.117578375498018,-0.025584779225443607,0,0.5177991161572926
2020,2021,2,inv,7874.789574470592,4203.342,0.6277865404902825,,-0.10398631114909594,-0.39031262059601907,0,0.587852208980543
2020,2022,3,inv,10857.006775576936,3920.044,1.0187077790948558,,-0.03420926621600602,-0.4636987303863907,0,0.7812959204665267
2020,2023,4,inv,15039.111287288715,6366.072,0.8596715879541362,,-0.5190890268676013,-1.0917416457614475,1,0.9660712526718602
2020,2024,5,inv,20929.085836195023,21134.299,-0.009757407433837613,,-1.7190036537242734,-2.4348194273415813,1,3.5539632115528925
2020,2020,1,rec,6811.6771321983315,7106.385,-0.0423553109380165,,-0.0991599421210379,0.23469433019001276,0,-0.03855439209760407
2020,2021,2,rec,9185.641810439729,10239.476,-0.10860885426868785,,-0.46441671285033553,0.20329183177176605,0,-0.11219338335653728
2020,2022,3,rec,12464.864540535551,3060.579,1.4043097359796644,,0.7432296198251674,1.7447924367583196,0,1.1886295445427808
2020,2023,4,rec,17021.028836601494,4042.327,1.4376290537488272,,0.46501321732325945,1.8004303065674623,1,1.46730793319663
2020,2024,5,rec,23386.669361939716,7581.323,1.126478451961263,,-0.16385398910612464,1.5054173724491293,1,4.398968217119955
2020,2020,1,pay,3410.8422295843434,3144.092,0.08143411272142796,,-0.13313072127206085,-0.13981747620004023,0,0.06630900890631584
2020,2021,2,pay,4680.4125423145,5418.617,-0.1464543607277311,,-0.6774462018862115,-0.6908197117421703,0,-0.18638869223747076
2020,2022,3,pay,6452.905211479255,5812.3820000000005,0.10453998015111395,,-0.7475960546788496,-0.7676563194627877,0,-0.13287187847721466
2020,2023,4,pay,8938.555681854115,7110.150000000001,0.22885067865510292,,-0.9491289256857368,-0.9758759453976543,1,0.3352503433728268
2020,2024,5,pay,12439.285509859403,19121.835,-0.429971225058683,,-1.9384364608682207,-1.9718702355081177,1,3.133749393928047
2020,2020,1,capex,3139.5911857558267,707.765,1.489735757115121,,,,0,1.493536675955533
2020,2021,2,capex,4233.78259184453,467.981,2.202423405402661,,,,0,2.1988388763148117
2020,2022,3,capex,5745.219287937077,1160.574,1.5994533704786067,,,,0,1.383773179041723
2020,2023,4,capex,7845.215072700226,2055.957,1.3391623680900373,,,,1,1.36884124753784
2020,2024,5,capex,10779.222145726608,,,,,,1,
2020,2020,1,da,506.4322907418048,310.19,0.4902056211284443,,,,0,0.4912700826954887
2020,2021,2,da,793.3696564989601,420.369,0.6351563654641655,,,,0,0.6355932177911168
2020,2022,3,da,1171.9641431047608,451.098,0.9547517642506389,,,,0,0.910571304305323
2020,2023,4,da,1679.3201939282303,531.403,1.1506236652599502,,,,1,1.098241401960878
2020,2024,5,da,2367.995800501065,,,,,,1,
2020,2020,1,cfo,-683.9372308722479,2097.366,,-1.6095597954109964,,,0,
2020,2021,2,cfo,-2130.9061064603384,970.363,,-1.7947263042380677,,,0,
2020,2022,3,cfo,-3347.4313295910483,6938.2,,-5.952367391935745,,,0,-2.6052996037374916
2020,2023,4,cfo,-5366.224583896275,824.631,,-3.582691788665603,,,1,
2020,2024,5,cfo,-8415.608750060674,,,,,,1,
2021,2021,1,rev,28285.37773458537,31437.533,-0.10565751426499367,,-0.29908726941786423,-0.20648514612146684,0,-0.0994157451649363
2021,2022,2,rev,34507.979332603456,29789.079,0.14704873246569533,,-0.2452266216890324,-0.060022375096237826,0,-0.07558846638734057
2021,2023,3,rev,42309.83280691284,28317.23,0.40154905979583194,,-0.19455522516394186,0.0832511447252501,1,0.4320197740766746
2021,2024,4,rev,52113.50820713084,53969.539000000004,-0.03499560504909284,,-0.8395045666682664,-0.46909607348267734,1,2.8794538984405413
2021,2025,5,rev,64458.634256257545,80229.80900000001,-0.21887144040538067,,-1.2359799009637837,-0.7729692844817972,1,0.5256896350458014
2021,2021,1,gp,5781.091760561503,6302.573,-0.08636541196025134,,-0.27979516711312186,0.017504351389677965,0,-0.0801236428601939
2021,2022,2,gp,7052.8948513709765,8112.934,-0.14002142852826985,,-0.5322967826829973,0.06230225432260227,0,-0.5191969141490436
2021,2023,3,gp,8647.47249005986,6884.54,0.22798876252613287,,-0.3681155224336412,0.5237830330747579,1,-0.7847255786811355
2021,2024,4,gp,10651.191429620652,10514.622,0.012904897360484875,,-0.7916040642586892,0.3975940097525098,1,
2021,2025,5,gp,13174.343397233773,12431.128,0.05806760656830072,,-0.9590408539901025,0.5274567385238963,1,0.45271770244046833
2021,2021,1,sga,3016.488196281286,3426.239,-0.12736985228269077,,-0.27090906403252973,-0.033737090305688715,0,-0.1429109920272702
2021,2022,2,sga,3492.0278822187847,4213.186,-0.18773650854054938,,-0.47766503699470303,-0.0033210895410213477,0,-0.2964043640734303
2021,2023,3,sga,4053.1764909028243,3430.639,0.16675435123993265,,-0.2721924471126797,0.43932347406784317,1,0.28682948269060454
2021,2024,4,sga,4715.894180509356,4843.651,-0.02673023117679298,,-0.6171146811109085,0.3315732137964555,1,2.397737843343045
2021,2025,5,sga,5499.17868289657,6547.296,-0.17445338927912504,,-0.9184980458941558,0.2673618227400488,1,1.651582490224635
2021,2021,1,op,3281.034436761626,3002.299,0.08878042121864975,,-0.2647541553834754,0.17378287746933802,0,0.11463855830809622
2021,2022,2,op,4190.909319709758,3955.5170000000003,0.05780641851550005,,-0.5404871401487434,0.33658692555688347,0,-0.5870984414278272
2021,2023,3,op,5366.78361010733,3708.121,0.36970349447022127,,-0.47590110618339504,0.8397099923750454,1,
2021,2024,4,op,6886.779133638801,5820.84,0.1681589247832318,,-0.9268204080911896,0.8273277233200643,1,
2021,2025,5,op,8852.042359043937,6630.956,0.28889922056379846,,-1.0571248137302844,1.135560350533783,1,
2021,2021,1,fin,-806.598488604429,-551.569,0.38005906445695403,,0.3453904324324688,0.3453904324324688,0,0.38002764132255995
2021,2022,2,fin,-859.1838153962974,-962.993,-0.11406325607259027,,-0.21188876619321692,-0.21188876619321692,0,-0.1476807502510307
2021,2023,3,fin,-931.1561905229063,-2465.024,-0.9735297931270115,,-1.151799446110414,-1.151799446110414,1,-0.8131002095983338
2021,2024,4,fin,-1003.3544213987328,-2689.349,-0.9859503490130979,,-1.2388970592451203,-1.2388970592451203,1,1.6733083614650528
2021,2025,5,fin,-1073.9175987847334,-3747.179,-1.2496900207419595,,-1.5706011925759416,-1.5706011925759416,1,1.740216501616251
2021,2021,1,pbt,2474.435948157197,2410.138,0.026328463039116998,,-0.45779845559848026,-0.45779845559848026,0,0.06048307003072385
2021,2022,2,pbt,3331.725504313461,11300.42,-1.2213495539167536,,-2.0029543414936697,-2.0029543414936697,0,-2.1113131657652375
2021,2023,3,pbt,4435.6274195844235,2304.762,0.6546916584644351,,-0.41309186564597655,-0.41309186564597655,1,
2021,2024,4,pbt,5883.424712240068,3999.132,0.38606168884410197,,-0.9641917858964844,-0.9641917858964844,1,
2021,2025,5,pbt,7778.124760259203,3866.521,0.6989601394305855,,-0.9304695846452934,-0.9304695846452934,1,
2021,2021,1,np,1853.6892907589538,1846.864,0.003688798923902588,,-0.5036835436242697,-0.5036835436242697,0,0.03784340591550933
2021,2022,2,np,2495.9158436466373,10538.098,-1.4403413379701682,,-2.2451915494576595,-2.2451915494576595,0,-2.330304949818652
2021,2023,3,np,3322.8886169407,1811.528,0.6066637819472442,,-0.48436516607374247,-0.48436516607374247,1,
2021,2024,4,np,4407.485831341935,3059.893,0.3649244725820552,,-1.0085744260691059,-1.0085744260691059,1,
2021,2025,5,np,5826.874032046504,2780.455,0.7398660865750312,,-0.9128090614114227,-0.9128090614114227,1,
2021,2021,1,pc_rev,10036.288944787686,12880.4,-0.24949935717310215,,-0.5146163257986915,-0.47520645182606464,0,-0.21558042027108032
2021,2022,2,pc_rev,13083.140119920447,9231.1,0.34874616953524734,,-0.1814877677159316,-0.10266801977067753,0,-0.6811525946831878
2021,2021,1,m3w_rev,3547.796208341051,3719.9,-0.04737016186643227,,-0.233689841860765,-0.13744471993096616,0,-0.0876102933818909
2021,2022,2,m3w_rev,4274.410953889747,1915.0,0.8029286816985962,,0.4302893217099309,0.6227795655695284,0,1.0696088377179624
2021,2023,3,m3w_rev,5149.84174112864,513.4,2.3056659948706355,,1.7467069548876373,2.0354423206770336,1,3.5132315810754
2021,2024,4,m3w_rev,6204.567189436163,1378.2,1.5045073643789006,,0.7592286444015697,1.1442091321207646,1,2.8209448727169044
2021,2025,5,m3w_rev,7475.30816350695,2203.8,1.2214222012426643,,0.2898238012710006,0.7710494109199941,1,1.6111005915963463
2021,2021,1,cv_rev,741.0256559325027,1053.4,-0.351743058961886,,-0.3132579305040846,-0.4297342348950343,0,-0.3919831904773447
2021,2022,2,cv_rev,713.0489842230825,1515.0,-0.753620598313868,,-0.6766503413982651,-0.9096029501801642,0,-0.4869404422945019
2021,2023,3,cv_rev,686.1285433656855,1424.1,-0.730230323053582,,-0.6147749376801775,-0.9642038508530263,1,0.4773352631511825
2021,2024,4,cv_rev,660.2244564362677,3984.5,-1.7975872501238042,,-1.6436467362925984,-2.1095519538563967,1,-0.48114974178580033
2021,2025,5,cv_rev,635.2983520235882,5956.8,-2.238193968862255,,-2.0457683265732483,-2.628149848527996,1,-1.848515578508573
2021,2021,1,fin_rev,7916.548270464204,7949.8,-0.004191484726163698,,-0.21688003123975286,-0.004191484726163698,0,-0.004191484726163698
2021,2022,2,fin_rev,9792.764854931367,9358.7,0.04533744094985596,,-0.38003965207732215,0.04533744094985596,0,0.04533744094985596
2021,2021,1,resid_rev,6043.718655059926,5834.032999999999,0.035310965940466905,,,,0,0.035310965940466905
2021,2022,2,resid_rev,6644.614419638815,7769.278999999999,-0.156370702437089,,,,0,-0.156370702437089
2021,2021,1,pc_u,35288.2764091325,45584,-0.2560059820337924,,-0.430094652311818,-0.44524802751849873,0,-0.18184691361631183
2021,2022,2,pc_u,41998.73362318171,31541,0.28635117919706055,,-0.06182616135899074,-0.09213291177235221,0,-1.0102277410407408
2021,2021,1,m3w_u,123600.27652068951,137252,-0.10476586998897355,,-0.20005725163574245,-0.10476586998897355,0,-0.10476586998897355
2021,2022,2,m3w_u,135957.7483935613,59100,0.8331132394782114,,0.6425304761846734,0.8331132394782116,0,0.8331132394782114
2021,2023,3,m3w_u,149550.71192864844,13610,2.396830728873658,,2.1109565839333513,2.3968307288736583,1,2.396830728873658
2021,2024,4,m3w_u,164502.6907449489,20189,2.097789025555715,,1.716623498968639,2.0977890255557154,1,2.097789025555715
2021,2025,5,m3w_u,180949.55826916645,33906,1.6746263189548096,,1.1981694107209646,1.6746263189548096,1,1.6746263189548096
2021,2021,1,cv_u,1012.0582570550533,1576,-0.4429038559673531,,-0.31339042916198795,-0.4429038559673531,0,-0.4429038559673531
2021,2022,2,cv_u,889.1162462441947,2005,-0.8131713520955633,,-0.5541444984848329,-0.8131713520955633,0,-0.8131713520955633
2021,2023,3,cv_u,781.10888758093,943,-0.18835172179371648,,0.20018855862237914,-0.18835172179371648,1,-0.18835172179371648
2021,2024,4,cv_u,686.2219612286176,2101,-1.1189675668106247,,-0.6009138595891639,-1.1189675668106247,1,-1.1189675668106247
2021,2025,5,cv_u,602.861633710013,3404,-1.7310187824642542,,-1.0834516484374281,-1.731018782464254,1,-1.7310187824642542
2021,2021,1,inv,4304.390412023018,4203.342,0.023755604696552322,,-0.221564686647114,-0.18441888944229975,0,0.029997373796609644
2021,2022,2,inv,5251.328681954551,3920.044,0.29237824863149964,,-0.15178764171402412,-0.07749604730439547,0,0.10628843727530396
2021,2023,3,inv,6438.593126712655,6366.072,0.011327418784950163,,-0.6366674023656195,-0.5252300107511764,1,0.19570202274957874
2021,2024,4,inv,7930.48928561339,21134.299,-0.9801825314123221,,-1.8365820292222916,-1.6879988404030342,1,2.2308701092970207
2021,2025,5,inv,9809.136362548228,24649.734,-0.9214518760910767,,-1.9904508728402754,-1.8047218868162038,1,-0.10378336840131257
2021,2021,1,rec,6947.630512768022,10239.476,-0.38784977839601864,,-0.36525677072929763,-0.07469447656246582,0,-0.3816080092959613
2021,2022,2,rec,8476.064643535454,3060.579,1.0186421532813414,,0.8423895619462053,1.4235141502798687,0,0.7960049544283054
2021,2023,3,rec,10392.404448606529,4042.327,0.9442546815844793,,0.5641731594442974,1.4358600419447924,1,0.9747253958653221
2021,2024,4,rec,12800.444213426248,7581.323,0.5237921518144953,,-0.0646940469850867,1.0975551296822401,1,3.4382416553041297
2021,2025,5,rec,15832.730903308675,13465.131,0.16197591829346672,,-0.6391097794453446,0.8137016913888138,1,0.9065369937446487
2021,2021,1,pay,3149.7420721433723,5418.617,-0.542520049213706,,-0.5443154806141507,-0.3020074746616901,0,-0.5362782801136485
2021,2022,2,pay,3842.66511652963,5812.3820000000005,-0.4138243030044865,,-0.6144653334067887,-0.12984932150186762,0,-0.599914114360682
2021,2023,3,pay,4711.447084347689,7110.150000000001,-0.4115282432063278,,-0.8159982044136759,-0.08907418655629418,1,-0.22715363924169915
2021,2024,4,pay,5803.143619548877,19121.835,-1.192431101729412,,-1.80530573959616,-0.8360737157863176,1,2.018621538979931
2021,2025,5,pay,7177.845533297863,16762.919,-0.8481699715355095,,-1.673644108341487,-0.46210407857918406,1,-0.030501463845745425
2021,2021,1,capex,2131.9413523399926,467.981,1.5163605798211544,,,,0,1.5226023489212117
2021,2022,2,capex,2600.95476946437,1160.574,0.8069638863261078,,,,0,0.5843266874730719
2021,2023,3,capex,3189.0004446133303,2055.957,0.43896609447151363,,,,1,0.46943680875235616
2021,2024,4,capex,3927.928564533291,,,,,,1,
2021,2025,5,capex,4858.4123279444375,3664.188,0.2821049475082286,,,,1,1.0266660229594107
2021,2021,1,da,451.2122844410719,420.369,0.07080502898007014,,,,0,0.07207951915941037
2021,2022,2,da,616.335216155218,451.098,0.31210638679252845,,,,0,0.2769736780007251
2021,2023,3,da,812.7894159645314,531.403,0.424951376267666,,,,1,0.37762718757784564
2021,2024,4,da,1049.5090542136165,,,,,,1,
2021,2025,5,da,1337.784356135339,999.313,0.29170201600191653,,,,1,1.9737718463949532
2021,2021,1,cfo,1532.9027225523587,970.363,0.4572481929538787,,,,0,0.4665015728389138
2021,2022,2,cfo,1329.8017034891477,6938.2,-1.6520125388863618,,,,0,-1.338585341277293
2021,2023,3,cfo,1900.8557508941121,824.631,0.8351234454133568,,,,1,
2021,2024,4,cfo,2648.7554970362853,,,,,,1,
2021,2025,5,cfo,3628.4265351135646,-1133.578,,2.270469024058541,,,1,
2022,2022,1,rev,35884.41457391717,29789.079,0.18616121696695698,,0.053860647728831854,0.11958211179173683,0,0.04615386028208625
2022,2023,2,rev,41145.95343677723,28317.23,0.3736551320855729,,0.10453204425392237,0.23597497237973236,1,0.3149480702502621
2022,2024,3,rev,47378.499793213006,53969.539000000004,-0.1302512598745057,,-0.5404172972504023,-0.34325290506168754,1,2.222220562834292
2022,2025,4,rev,54769.50501957544,80229.80900000001,-0.38176156778932513,,-0.9368926315459195,-0.6740067752942999,1,0.463159728485321
2022,2022,1,gp,7194.080477446398,8112.934,-0.1202010463317504,,-0.25250161556987544,-0.06247240202774859,0,-0.35647545866058783
2022,2023,2,gp,8248.909836210412,6884.54,0.1808027325111314,,-0.08832035532051939,0.29173807176373434,1,-0.44104360631149125
2022,2024,3,gp,9498.40604786673,10514.622,-0.10164285976967065,,-0.5118088971455673,0.058278743480813494,1,-1.6015180365840462
2022,2025,4,gp,10980.149223532928,12431.128,-0.12411462312038568,,-0.6792456868769806,0.08087116729152707,1,0.431721989479231
2022,2022,1,sga,3779.3437985790124,4213.186,-0.10866873478271023,,-0.20675597296217343,0.02636543515073485,0,-0.1431603178880632
2022,2023,2,sga,4178.6150167235955,3430.639,0.19723331471806071,,-0.0012833830801500332,0.4649594331456667,1,0.3179384271536354
2022,2024,3,sga,4630.199548002001,4843.651,-0.04506880911103976,,-0.3462056170783788,0.35315860726034637,1,1.927340180482607
2022,2025,4,sga,5141.062907347608,6547.296,-0.24179229058275503,,-0.6475889818616262,0.2848966505900073,1,1.2669205414608535
2022,2022,1,op,3677.26135841792,3955.5170000000003,-0.07294303423586398,,-0.27573298476526803,-0.13619802213314805,0,-0.5609851399832619
2022,2023,2,op,4371.312081968299,3708.121,0.16453793231430952,,-0.21114695079991966,0.06792297446432043,1,
2022,2024,3,op,5214.820081930493,5820.84,-0.10993999347730848,,-0.6620662527077144,-0.24346136481135422,1,
2022,2025,4,op,6239.771318995883,6630.956,-0.06080545275180791,,-0.792370658346809,-0.23423080781832878,1,
2022,2022,1,fin,-612.3707196204065,-962.993,-0.45270829268753904,,-0.5572791986256858,-0.5572791986256858,0,-0.46800560855522383
2022,2023,2,fin,-615.4685146660917,-2465.024,-1.3875730324978273,,-1.4971898785428825,-1.4971898785428825,1,-1.3040943879684053
2022,2024,3,fin,-606.1012636168674,-2689.349,-1.4900073620850327,,-1.584287491677589,-1.584287491677589,1,0.4043040302150379
2022,2025,4,fin,-588.4370500485418,-3747.179,-1.8512886150066867,,-1.9159916250084104,-1.9159916250084104,1,0.395093282724985
2022,2022,1,pbt,3025.4746387975133,11300.42,-1.3177719086071198,,-1.5451558858951897,-1.172571420303587,0,-1.9456832623151594
2022,2023,2,pbt,3716.427567302207,2304.762,0.4777854581796037,,0.04470658995250377,0.7898755211357091,1,
2022,2024,3,pbt,4569.302818313626,3999.132,0.13328329952855675,,-0.5063933302980039,0.6113600664768037,1,
2022,2025,4,pbt,5611.918268947341,3866.521,0.3725374621903026,,-0.4726711290468131,1.0176667333195972,1,
2022,2022,1,np,2224.542440832172,10538.098,-1.555445821520561,,-1.7415080058333896,-1.3865438862909918,0,-2.183357175228601
2022,2023,2,np,2732.5797895395062,1811.528,0.41107545280238605,,0.019318377550527177,0.7292466166353232,1,
2022,2024,3,np,3359.6738554690637,3059.893,0.09346395440648333,,-0.5048908824448363,0.5600014761823578,1,
2022,2025,4,np,4126.278304787433,2780.455,0.3947612804747214,,-0.409125517787153,1.010730960382439,1,
2022,2022,1,pc_rev,15607.490993402847,9231.1,0.525172772873217,,0.33312855808276004,0.4041789751016704,0,0.08329614459913189
2022,2022,1,m3w_rev,4051.9771086109804,1915.0,0.7494873143328795,,0.6639791635706959,0.6871406825766528,0,0.9111939295654155
2022,2023,2,m3w_rev,4413.698886719375,513.4,2.15141309827277,,1.9803967967484022,2.0267198347603164,1,3.013189896854985
2022,2024,3,m3w_rev,4807.711727005747,1378.2,1.2494429385488863,,0.9929184862623346,1.0624030432802056,1,2.3218706814709473
2022,2025,4,m3w_rev,5236.898266788852,2203.8,0.8655462461805011,,0.5235136431317655,0.6161597191555935,1,1.290755107354858
2022,2022,1,cv_rev,997.789696034407,1515.0,-0.4176281892541515,,-0.3633924108941805,-0.4827804930196275,0,-0.25592157402161547
2022,2023,2,cv_rev,945.1151295922103,1424.1,-0.40998856389603494,,-0.30151700717609287,-0.5402931714269872,1,0.4517882346861801
2022,2024,3,cv_rev,895.2213194164902,3984.5,-1.4930961408684267,,-1.3303888057885136,-1.6885530521648553,1,-0.4206683979463656
2022,2025,4,cv_rev,847.961465904785,5956.8,-1.9494535095090475,,-1.7325103960691635,-2.210062724570952,1,-1.5242446483346905
2022,2022,1,fin_rev,9206.728750805565,9358.7,-0.016371789274904014,,-0.16315962083756932,-0.016371789274904014,0,-0.016371789274904014
2022,2022,1,resid_rev,6020.428025063373,7769.278999999999,-0.2550190099791714,,,,0,-0.2550190099791714
2022,2022,1,pc_u,51880.30463885653,31541,0.49765094461857334,,0.3682684909528272,0.437319651736904,0,-0.10593229888804798
2022,2022,1,m3w_u,140423.80687723786,59100,0.8654341174578887,,0.8425877278204158,0.8654341174578887,0,0.8654341174578887
2022,2023,2,m3w_u,143668.9122045274,13610,2.3567066148440396,,2.3110138355690935,2.3567066148440396,1,2.3567066148440396
2022,2024,3,m3w_u,146989.00986267158,20189,1.9852199195168003,,1.9166807506043817,1.9852199195168003,1,1.9852199195168003
2022,2025,4,m3w_u,150385.8328769869,33906,1.4896122209065987,,1.3982266623567072,1.4896122209065987,1,1.4896122209065987
2022,2022,1,cv_u,1402.1299200200456,2005,-0.3576516088075271,,-0.24075406932284515,-0.3576516088075271,0,-0.3576516088075271
2022,2023,2,cv_u,1247.4418227255198,943,0.279783908815003,,0.513578987784367,0.279783908815003,1,0.279783908815003
2022,2024,3,cv_u,1109.8194816800717,2101,-0.638216048881222,,-0.28752343042717593,-0.6382160488812222,1,-0.638216048881222
2022,2025,4,cv_u,987.3801402822128,3404,-1.2376513772141682,,-0.7700612192754404,-1.2376513772141682,1,-1.2376513772141682
2022,2022,1,inv,5014.635468340294,3920.044,0.24625785227566613,,0.06977704493308985,0.02408845347329354,0,0.12900308891414441
2022,2023,2,inv,5749.904517955131,6366.072,-0.10179938978240387,,-0.4151027157185054,-0.5064798986380983,1,-0.05797878894868054
2022,2024,3,inv,6620.866142609169,21134.299,-1.16067106709483,,-1.6150173425751775,-1.752083116954567,1,1.4112783195976788
2022,2025,4,inv,7653.715567488603,24649.734,-1.169574884332116,,-1.7688861861931615,-1.9516405520323474,1,-0.26360466879825317
2022,2022,1,rec,10573.337531249681,3060.579,1.2397313913755832,,1.207646332675503,1.4735822143617145,0,1.0997240346907127
2022,2023,2,rec,12123.649191377572,4042.327,1.0983375074672008,,0.9294299301735949,1.4613016935460181,1,1.03963044563189
2022,2024,3,rec,13960.06806815799,7581.323,0.6105132505820627,,0.30056272374421095,1.0983703688028457,1,2.9629850732908602
2022,2025,4,rec,16137.826682349305,13465.131,0.18106254450250264,,-0.27385300871604706,0.7898905180287991,1,1.0259838407771489
2022,2022,1,pay,4902.4923773242945,5812.3820000000005,-0.1702467453997908,,-0.07014985279263794,0.15800851551516729,0,-0.28750150876131275
2022,2023,2,pay,5621.318488170644,7110.150000000001,-0.23495709781315255,,-0.2716827237995252,0.1846340128160854,1,-0.1911364969794294
2022,2024,3,pay,6472.8026594062485,19121.835,-1.0832216834513908,,-1.260990258982009,-0.5765151540585934,1,1.4887277032411181
2022,2025,4,pay,7482.554308227713,16762.919,-0.8065950258160197,,-1.1293286277273362,-0.21669515449611526,1,0.09937518971784295
2022,2022,1,capex,1358.8411492785153,1160.574,0.1577175300712837,,,,0,0.017710173386412828
2022,2023,2,capex,1558.080724461081,2055.957,-0.2772866739948313,,,,1,-0.33599373583014225
2022,2024,3,capex,1794.0896033704946,,,,,,1,
2022,2025,4,capex,2073.966038735663,3664.188,-0.5691440206318018,,,,1,0.27577727564284443
2022,2022,1,da,459.43329481394585,451.098,0.01830915139341577,,,,0,-1.8516830698119836e-05
2022,2023,2,da,553.3388895501034,531.403,0.04044995521308619,,,,1,0.003489668683756728
2022,2024,3,da,658.8736637583035,,,,,,1,
2022,2025,4,da,778.7343207413616,999.313,-0.24939810686999833,,,,1,0.8830166922768061
2022,2022,1,cfo,1022.696113380437,6938.2,-1.9145999864122736,,,,0,-1.6216077325971439
2022,2023,2,cfo,1719.1640801932313,824.631,0.7346574382324935,,,,1,
2022,2024,3,cfo,2162.6511890285146,,,,,,1,
2022,2025,4,cfo,2704.156235279511,-1133.578,,3.9549469995038047,,,1,
2023,2023,1,rev,32601.426510253106,28317.23,0.14088559209125948,,0.050671396525090506,0.10382793249206702,0,0.11377551121767177
2023,2024,2,rev,35981.29048353504,53969.539000000004,-0.40542070024160426,,-0.5942779449792341,-0.4879648730452811,0,0.8638582359523068
2023,2025,3,rev,40027.72418065311,80229.80900000001,-0.695322810562857,,-0.9907532792747514,-0.8312836713738221,0,-0.13949530045538822
2023,2023,1,gp,8759.001294536116,6884.54,0.24080357293725407,,0.16418126024935614,0.41560229825933054,0,0.12155124941281799
2023,2024,2,gp,9533.765911681996,10514.622,-0.09792705638417647,,-0.2593072815756919,0.24353479444425713,0,0.7425205543668036
2023,2025,3,gp,10459.139674883285,12431.128,-0.17272744339611254,,-0.4267440713071052,0.32751904272281834,0,0.3191607677302189
2023,2023,1,sga,4581.647392684994,3430.639,0.2893120849754136,,0.2054725898820234,0.4244615083173086,0,0.38943352297479955
2023,2024,2,sga,5003.553598752858,4843.651,0.032479604542023865,,-0.1394496441162053,0.29852819275436504,0,1.0224245372946428
2023,2025,3,sga,5486.294904264163,6547.296,-0.1767989931235553,,-0.4408330088994527,0.21613374640640293,0,0.550104412918752
2023,2023,1,op,4489.869960168613,3708.121,0.19129845991631997,,0.06458603396534833,0.3916111235703045,0,-0.2071288136812947
2023,2024,2,op,4875.127621207276,5820.84,-0.17729829840935726,,-0.3863332679424462,0.2677169112674659,0,0.5266257282391069
2023,2025,3,op,5356.549041363939,6630.956,-0.2134290546996327,,-0.5166376735815409,0.4644375952333273,0,-0.031625739299307544
2023,2023,1,fin,-780.516149553649,-2465.024,-1.1500013917039729,,-0.9399106799171968,-0.9399106799171968,0,-1.1046243912976876
2023,2024,2,fin,-821.3826575136518,-2689.349,-1.1860653478992997,,-1.0270082930519033,-1.0270082930519033,0,-0.5352933839280466
2023,2025,3,fin,-653.9794056033776,-3747.179,-1.745682708144948,,-1.3587124263827244,-1.3587124263827244,0,-0.831271481510832
2023,2023,1,pbt,3709.353810614964,2304.762,0.47588026909123643,,1.5898624758476931,2.7822143127551153,0,-0.04759453225018202
2023,2024,2,pbt,4053.7449636936244,3999.132,0.013563798684550293,,1.0387625555971856,3.4234662294120306,0,0.7279218255896491
2023,2025,3,pbt,4702.569635760561,3866.521,0.195753954005158,,1.0724847568483764,4.649540267570644,0,0.21472836313867355
2023,2023,1,np,3005.5077146300923,1811.528,0.5062758222939872,,1.7608263833839168,3.0451898528673644,0,-0.017198979047431263
2023,2024,2,np,3284.550998251685,3059.893,0.07085001214244524,,1.2366171233885535,3.805344062355448,0,0.7852080390475441
2023,2025,3,np,3810.261851651303,2780.455,0.3150833308695452,,1.3323824880462367,5.185472896496579,0,0.3340577400030609
2023,2023,1,m3w_rev,1877.549616472296,513.4,1.2966675417347802,,1.3164176331777064,1.285645981291991,0,1.6888316044924658
2023,2024,2,m3w_rev,1840.831625229904,1378.2,0.2894391398057864,,0.3289393226916387,0.26739601892020787,0,0.9269422953536502
2023,2025,3,m3w_rev,1804.831703363175,2203.8,-0.1997157947677088,,-0.14046552043893037,-0.2327804760960768,0,0.0030178415127935605
2023,2023,1,cv_rev,1652.0318722673373,1424.1,0.14846593280946588,,0.06187540371808745,0.08947800477027378,0,0.5406299955671516
2023,2024,2,cv_rev,1801.4582884403462,3984.5,-0.7938153367115764,,-0.9669963948943332,-0.9117911927899607,0,-0.15631218116371265
2023,2025,3,cv_rev,1964.4003360155896,5956.8,-1.1093463979008478,,-1.3691179851749828,-1.2863101820184242,0,-0.9066127616203454
2023,2023,1,m3w_u,52357.47600877616,13610,1.3472899186476188,,1.468426107748678,1.3472899186476188,0,1.3472899186476188
2023,2024,2,m3w_u,46384.18433180324,20189,0.8318206445818479,,1.0740930227839658,0.8318206445818479,0,0.8318206445818479
2023,2025,3,m3w_u,41092.36579253874,33906,0.1922303672331144,,0.5556389345362912,0.1922303672331142,0,0.1922303672331144
2023,2023,1,cv_u,1975.5532628105536,943,0.7395374885404576,,0.754333057107212,0.7395374885404576,0,0.7395374885404576
2023,2024,2,cv_u,1946.538999601708,2101,-0.07636049823783961,,-0.04676936110433089,-0.07636049823783961,0,-0.07636049823783961
2023,2025,3,cv_u,1917.950858778626,3404,-0.5736938556528585,,-0.5293071499525953,-0.5736938556528585,0,-0.5736938556528585
2023,2023,1,inv,4209.5766390391955,6366.072,-0.41362055704134504,,-0.48487976065159527,-0.4734766719129266,0,-0.40890486764316425
2023,2024,2,inv,4669.5283969978345,21134.299,-1.5098391848095973,,-1.6847943875082674,-1.66198821003093,0,-0.12214650107337106
2023,2025,3,inv,5220.577246600451,24649.734,-1.552158129934864,,-1.8386632311262514,-1.8044539649102453,0,-0.9746581495421748
2023,2023,1,rec,7968.924380397367,4042.327,0.6787290088960856,,-0.27821640250190793,-0.5259596091102972,0,0.651618928022498
2023,2024,2,rec,8795.080880348141,7581.323,0.14850485163816227,,-0.9070836089312919,-1.4025700221480701,0,1.4177837878320736
2023,2025,3,rec,9784.170242204269,13465.131,-0.31933765684783105,,-1.48149934139155,-2.224728961216717,0,0.23648985325963784
2023,2023,1,pay,5191.71228437764,7110.150000000001,-0.3144597779542149,,-0.20153287100688716,0.04766581388606268,0,-0.3097440885560343
2023,2024,2,pay,5758.975312652136,19121.835,-1.2000713140482793,,-1.1908404061893711,-0.6924430364034716,0,0.18762136968794682
2023,2025,3,pay,6438.589280299737,16762.919,-0.9568597843008885,,-1.0591787749346984,-0.3115827202558487,0,-0.3793598039081996
2023,2023,1,capex,915.0995222379532,2055.957,-0.8094638851255179,,,,0,-0.8365739659991057
2023,2024,2,capex,1009.9699692782646,,,,,,0,
2023,2025,3,capex,1123.55056802402,3664.188,-1.182112934541707,,,,0,-0.6262854244342382
2023,2023,1,da,512.8572635527169,531.403,-0.03552311100804467,,,,0,-0.0377907563034333
2023,2024,2,da,555.5432073843831,,,,,,0,
2023,2025,3,da,604.0708380231241,999.313,-0.5033765703363838,,,,0,-0.13245877291730826
2023,2023,1,cfo,-2300.1827568761137,824.631,,-0.45037816103256084,,,0,
2023,2024,2,cfo,3121.2489760011513,,,,,,0,
2023,2025,3,cfo,3553.808445863284,-1133.578,,0.6755911397571824,,,0,
2024,2024,1,rev,29324.610201968317,53969.539000000004,-0.6099926927058997,,-0.6449493415043246,-0.5800975997830106,0,-0.5814047663810636
2024,2025,2,rev,30621.443302902775,80229.80900000001,-0.9631946040347266,,-1.041424675799842,-0.9117211923572138,0,-0.9650223160841623
2024,2024,1,gp,6399.049479653295,10514.622,-0.49661739933225807,,-0.4234885418250479,-0.30078336768050096,0,-0.5270134037203572
2024,2025,2,gp,5923.42663415799,12431.128,-0.7412885448153164,,-0.5909253315564612,-0.3455149832673672,0,-0.5865977205737033
2024,2024,1,sga,3794.6437738898676,4843.651,-0.2440782359818758,,-0.3449222339982287,-0.25419141829400205,0,-0.18437477824852172
2024,2025,2,sga,4213.680031899912,6547.296,-0.4407157572667321,,-0.6463055987814761,-0.4648439673730229,0,-0.4117455176644754
2024,2024,1,op,3146.0651835922945,5820.84,-0.6152920572898587,,-0.45091930190779456,-0.2922855998466629,0,-0.75467663264859
2024,2025,2,op,2275.3600878451175,6630.956,-1.0696106666154135,,-0.5812237075468892,-0.2639563034246261,0,-0.7470670396939825
2024,2024,1,fin,-2922.7861832042827,-2689.349,0.08323817678709408,,-0.08709761313470654,-0.08709761313470654,0,0.1034680998939056
2024,2025,2,fin,-3023.751807548138,-3747.179,-0.2145049094955861,,-0.4188017464655277,-0.4188017464655277,0,-0.2028646803582013
2024,2024,1,pbt,1289.3690003880117,3999.132,-1.1319243858558539,,-0.5510999202505077,-0.4134026317018488,0,-1.5841437585777978
2024,2025,2,pbt,317.6982802969794,3866.521,-2.4990082870198265,,-0.5173777189993166,-0.24198314190199904,0,-1.2140051178306084
2024,2024,1,np,1067.9515224868328,3059.893,-1.0526375994547852,,-0.5242092599953636,-0.3627542046374494,0,-1.504856972176729
2024,2025,2,np,263.1413986473273,2780.455,-2.3576783372122656,,-0.4284438953376802,-0.105533784621852,0,-1.0726751680230475
2024,2024,1,pc_rev,16544.3,36533.4,-0.792185279037767,,-1.3421885003247345,-1.2705391803110637,0,-0.792185279037767
2024,2025,2,pc_rev,16544.3,52827.3,-1.1609864709209257,,-1.710989692207893,-1.5676910521805516,0,-1.1609864709209257
2024,2024,1,m3w_rev,333.43573415589117,1378.2,-1.419083433318423,,-0.9874783104860677,-1.56971396211528,0,-1.2709928296984532
2024,2025,2,m3w_rev,216.5551009195133,2203.8,-2.320093399281348,,-1.4568831536166367,-2.6213544568750615,0,-2.526259590068937
2024,2024,1,cv_rev,1748.6736521457572,3984.5,-0.8235542463411192,,-1.0288717986124207,-0.8239468193856949,0,-0.6754636427211493
2024,2025,2,cv_rev,2147.222485575999,5956.8,-1.020358284350467,,-1.4309933888930704,-1.021143430439619,0,-1.2265244751380566
2024,2024,1,fin_rev,4950.9,7383.6,-0.3996919463168133,,,,0,-0.3996919463168133
2024,2025,2,fin_rev,4950.9,14743.0,-1.091199015632188,,,,0,-1.091199015632188
2024,2024,1,resid_rev,5747.30081566667,4689.839000000007,0.20333206772255275,,,,0,0.28964204578228564
2024,2025,2,resid_rev,6762.4657164072605,4498.909,0.4075526515598127,,,,0,0.4628474854073256
2024,2024,1,m3w_u,6733.887551758674,20189,-1.0979852796091625,,-0.39433308496471203,-1.0979852796091625,0,-1.0979852796091625
2024,2025,2,m3w_u,3331.759115336549,33906,-2.320091562501287,,-0.9127871732123866,-2.320091562501287,0,-2.320091562501287
2024,2024,1,cv_u,882.1276408847876,2101,-0.8678319377523359,,-0.8011024182115429,-0.8678319377523359,0,-0.8678319377523359
2024,2025,2,cv_u,825.1847028769467,3404,-1.4170992461413934,,-1.2836402070598072,-1.4170992461413934,0,-1.4170992461413934
2024,2024,1,inv,4929.783940736099,21134.299,-1.455602104051702,,-1.1999146268566723,-0.9876921594014656,0,-1.4111530081752994
2024,2025,2,inv,5310.9229220769785,24649.734,-1.5350004809037403,,-1.3537834704746563,-0.929338535564243,0,-1.5783125701023097
2024,2024,1,rec,5583.4231803766,7581.323,-0.3058856612015857,,-0.628867206429384,-0.8169249262441499,0,-0.27729773487674947
2024,2025,2,rec,5830.340972189263,13465.131,-0.8370279706951533,,-1.203282938889642,-1.5793983785191736,0,-0.838855682744589
2024,2024,1,pay,6231.706979759301,19121.835,-1.1211805870107021,,-0.9893075351824842,-0.7173081337112588,0,-1.0767314911342993
2024,2025,2,pay,6713.5022224785325,16762.919,-0.9150484889900833,,-0.8576459039278111,-0.3136471009853606,0,-0.9583605781886528
2024,2024,1,capex,1236.0345405922524,,,,,,0,
2024,2025,2,capex,1290.6961539981403,3664.188,-1.043425028464527,,,,0,-1.0452527405139627
2024,2024,1,da,692.4295577796939,,,,,,0,
2024,2025,2,da,752.4762818934971,999.313,-0.28369856584161535,,,,0,-0.27912711537674434
2024,2024,1,cfo,777.1299389131291,,,,,,0,
2024,2025,2,cfo,869.3561501065128,-1133.578,,2.428885343998119,,,0,
2025,2025,1,rev,59635.457440704624,80229.80900000001,-0.2966448084308862,,-0.39647533429551723,-0.21633623521205,0,-0.33065284945636
2025,2025,1,gp,9000.25253509378,12431.128,-0.32295101319769054,,-0.1674367897314132,0.0031661759837760097,0,-0.15916929742641764
2025,2025,1,sga,5711.835811142946,6547.296,-0.1365116599078694,,-0.30138336478324734,-0.18598149242378795,0,-0.20210963769396323
2025,2025,1,op,3847.0887154573416,6630.956,-0.5444323024150316,,-0.13030440563909473,0.09038434526347669,0,-0.13514562680639594
2025,2025,1,fin,-3301.7496337721805,-3747.179,-0.12655077019863567,,-0.33170413333082116,-0.33170413333082116,0,-0.17406450667309392
2025,2025,1,pbt,1412.9800816851612,3866.521,-1.00665412918969,,0.03372220125119086,0.20251997801719235,0,-0.0962180526495701
2025,2025,1,np,1169.7935822572829,2780.455,-0.86578727555123,,0.09576536465768332,0.2640623254726286,0,0.04464880098888984
2025,2025,1,pc_rev,36533.4,52827.3,-0.36880119188315863,,,,0,-0.36880119188315863
2025,2025,1,m3w_rev,1069.8952734583997,2203.8,-0.7226223746603455,,-0.46940484313056907,-0.8003776718846807,0,-0.9393344502470627
2025,2025,1,cv_rev,6449.02546913867,5956.8,0.0793956052000932,,-0.4021215902806497,0.041341344982188284,0,-0.13731647038662392
2025,2025,1,fin_rev,9704.423511607536,14743.0,-0.41818658018490446,,,,0,-0.41818658018490446
2025,2025,1,resid_rev,5878.713186500009,4498.909,0.26750296918953587,,,,0,0.17320543962504
2025,2025,1,m3w_u,10657.291631244332,33906,-1.1573476717824684,,-0.5184540882476746,-1.1573476717824684,0,-1.1573476717824684
2025,2025,1,cv_u,2312.3274359740926,3404,-0.3866966453725389,,-0.4825377888482644,-0.3866966453725389,0,-0.3866966453725389
2025,2025,1,inv,16274.530717899244,24649.734,-0.41516475621419546,,-0.15386884361798397,0.3844702705737417,0,-0.4888229231467769
2025,2025,1,rec,7672.444591164722,13465.131,-0.5624681694019851,,-0.574415732460258,-0.6746033070416618,0,-0.5964762104274586
2025,2025,1,pay,17552.325585039976,16762.919,0.04601720853419468,,0.13166163125467292,0.5519917175820094,0,-0.027640958398386744
2025,2025,1,capex,3326.5900740160573,3664.188,-0.09665897799189511,,,,0,-0.13066701901736885
2025,2025,1,da,1057.8521339267845,999.313,0.056927799767818796,,,,0,0.05126941265950733
2025,2025,1,cfo,5426.782992160078,-1133.578,,6560.360992160078,,,0,
