market,ticker,year,n,market_sessions,density,liveness,median_px,solo_market,edge_year
AE,ADCB,2011,247,252,0.9801587301587301,0.9676113360323887,2.85,False,True
AE,ADCB,2012,246,253,0.9723320158102767,0.9146341463414634,3.2,False,False
AE,ADCB,2013,245,249,0.9839357429718876,0.9959183673469387,4.98,False,False
AE,ADCB,2014,250,251,0.9960159362549801,0.996,7.81,False,False
AE,ADCB,2015,247,251,0.9840637450199203,1.0,7.45,False,False
AE,ADCB,2016,244,249,0.9799196787148594,0.9918032786885246,6.34,False,False
AE,ADCB,2017,246,250,0.984,0.9959349593495935,7.19,False,False
AE,ADCB,2018,247,251,0.9840637450199203,0.9838056680161943,7.22,False,False
AE,ADCB,2019,246,249,0.9879518072289156,1.0,8.5,False,False
AE,ADCB,2020,249,251,0.9920318725099602,0.9919678714859438,5.55,False,False
AE,ADCB,2021,247,249,0.9919678714859438,0.9959514170040485,6.67,False,False
AE,ADCB,2022,248,252,0.9841269841269841,1.0,8.81,False,False
AE,ADCB,2023,247,251,0.9840637450199203,1.0,8.41,False,False
AE,ADCB,2024,249,252,0.9880952380952381,0.9959839357429718,8.62,False,False
AE,ADCB,2025,252,252,1.0,0.9880952380952381,13.47,False,False
AE,ADCB,2026,157,162,0.9691358024691358,0.9872611464968153,14.48,False,True
AE,ADIB,2011,250,252,0.9920634920634921,0.952,2.3055000000000003,False,True
AE,ADIB,2012,246,253,0.9723320158102767,0.9227642276422764,2.302,False,False
AE,ADIB,2013,247,249,0.9919678714859438,0.97165991902834,3.294,False,False
AE,ADIB,2014,251,251,1.0,1.0,5.878,False,False
AE,ADIB,2015,249,251,0.9920318725099602,0.9919678714859438,4.638,False,False
AE,ADIB,2016,247,249,0.9919678714859438,0.9959514170040485,3.505,False,False
AE,ADIB,2017,249,250,0.996,0.9598393574297188,3.505,False,False
AE,ADIB,2018,251,251,1.0,0.9561752988047809,3.674,False,False
AE,ADIB,2019,248,249,0.9959839357429718,1.0,4.8100000000000005,False,False
AE,ADIB,2020,251,251,1.0,0.9960159362549801,4.11,False,False
AE,ADIB,2021,248,249,0.9959839357429718,1.0,5.495,False,False
AE,ADIB,2022,248,252,0.9841269841269841,1.0,8.93,False,False
AE,ADIB,2023,247,251,0.9840637450199203,1.0,10.44,False,False
AE,ADIB,2024,250,252,0.9920634920634921,1.0,12.0,False,False
AE,ADIB,2025,252,252,1.0,0.996031746031746,20.229999999999997,False,False
AE,ADIB,2026,157,162,0.9691358024691358,0.9681528662420382,21.68,False,True
AE,ADNOCDIST,2017,12,250,0.048,1.0,2.64,False,True
AE,ADNOCDIST,2018,250,251,0.9960159362549801,0.948,2.45,False,False
AE,ADNOCDIST,2019,248,249,0.9959839357429718,0.9516129032258065,2.65,False,False
AE,ADNOCDIST,2020,251,251,1.0,0.9920318725099602,3.08,False,False
AE,ADNOCDIST,2021,249,249,1.0,1.0,4.3,False,False
AE,ADNOCDIST,2022,250,252,0.9920634920634921,1.0,4.2,False,False
AE,ADNOCDIST,2023,251,251,1.0,1.0,3.97,False,False
AE,ADNOCDIST,2024,252,252,1.0,1.0,3.56,False,False
AE,ADNOCDIST,2025,252,252,1.0,1.0,3.63,False,False
AE,ADNOCDIST,2026,147,162,0.9074074074074074,1.0,3.9,False,True
AE,ADNOCDRILL,2021,61,249,0.24497991967871485,1.0,3.25,False,True
AE,ADNOCDRILL,2022,252,252,1.0,1.0,3.43,False,False
AE,ADNOCDRILL,2023,251,251,1.0,1.0,3.76,False,False
AE,ADNOCDRILL,2024,252,252,1.0,1.0,4.29,False,False
AE,ADNOCDRILL,2025,252,252,1.0,1.0,5.48,False,False
AE,ADNOCDRILL,2026,147,162,0.9074074074074074,1.0,5.42,False,True
AE,ADNOCGAS,2023,200,251,0.796812749003984,1.0,3.23,False,True
AE,ADNOCGAS,2024,251,252,0.996031746031746,1.0,3.14,False,False
AE,ADNOCGAS,2025,252,252,1.0,1.0,3.37,False,False
AE,ADNOCGAS,2026,157,162,0.9691358024691358,1.0,3.36,False,True
AE,ADNOCLS,2023,144,251,0.5737051792828686,1.0,3.61,False,True
AE,ADNOCLS,2024,252,252,1.0,1.0,4.255,False,False
AE,ADNOCLS,2025,252,252,1.0,1.0,5.275,False,False
AE,ADNOCLS,2026,147,162,0.9074074074074074,0.9931972789115646,5.7,False,True
AE,AGTHIA,2011,246,252,0.9761904761904762,0.8292682926829268,1.96,False,True
AE,AGTHIA,2012,240,253,0.9486166007905138,0.7083333333333334,2.0,False,False
AE,AGTHIA,2013,245,249,0.9839357429718876,0.8612244897959184,3.19,False,False
AE,AGTHIA,2014,248,251,0.9880478087649402,0.9717741935483871,5.65,False,False
AE,AGTHIA,2015,248,251,0.9880478087649402,0.9596774193548387,7.5,False,False
AE,AGTHIA,2016,245,249,0.9839357429718876,0.9551020408163265,7.11,False,False
AE,AGTHIA,2017,244,250,0.976,0.9385245901639344,5.5,False,False
AE,AGTHIA,2018,248,251,0.9880478087649402,0.9435483870967742,4.405,False,False
AE,AGTHIA,2019,235,249,0.9437751004016064,0.8595744680851064,3.6,False,False
AE,AGTHIA,2020,231,251,0.9203187250996016,0.8874458874458875,3.14,False,False
AE,AGTHIA,2021,249,249,1.0,0.9959839357429718,6.07,False,False
AE,AGTHIA,2022,250,252,0.9920634920634921,1.0,4.8,False,False
AE,AGTHIA,2023,250,251,0.9960159362549801,0.992,4.805,False,False
AE,AGTHIA,2024,251,252,0.996031746031746,1.0,6.07,False,False
AE,AGTHIA,2025,252,252,1.0,1.0,4.2,False,False
AE,AGTHIA,2026,157,162,0.9691358024691358,1.0,3.61,False,True
AE,AIRARABIA,2011,251,252,0.996031746031746,1.0,0.685,False,True
AE,AIRARABIA,2012,253,253,1.0,1.0,0.656,False,False
AE,AIRARABIA,2013,249,249,1.0,1.0,1.14,False,False
AE,AIRARABIA,2014,251,251,1.0,1.0,1.4,False,False
AE,AIRARABIA,2015,251,251,1.0,1.0,1.57,False,False
AE,AIRARABIA,2016,249,249,1.0,0.9959839357429718,1.3,False,False
AE,AIRARABIA,2017,250,250,1.0,0.984,1.13,False,False
AE,AIRARABIA,2018,251,251,1.0,0.9960159362549801,1.06,False,False
AE,AIRARABIA,2019,249,249,1.0,0.9839357429718876,1.07,False,False
AE,AIRARABIA,2020,251,251,1.0,0.9920318725099602,1.15,False,False
AE,AIRARABIA,2021,249,249,1.0,0.9919678714859438,1.36,False,False
AE,AIRARABIA,2022,252,252,1.0,1.0,2.05,False,False
AE,AIRARABIA,2023,251,251,1.0,1.0,2.48,False,False
AE,AIRARABIA,2024,252,252,1.0,1.0,2.7350000000000003,False,False
AE,AIRARABIA,2025,252,252,1.0,1.0,3.565,False,False
AE,AIRARABIA,2026,147,162,0.9074074074074074,0.9727891156462585,5.14,False,True
AE,ALDAR,2011,252,252,1.0,0.996031746031746,1.29,False,True
AE,ALDAR,2012,252,253,0.9960474308300395,0.996031746031746,1.18,False,False
AE,ALDAR,2013,248,249,0.9959839357429718,1.0,2.245,False,False
AE,ALDAR,2014,251,251,1.0,1.0,3.54,False,False
AE,ALDAR,2015,251,251,1.0,1.0,2.52,False,False
AE,ALDAR,2016,249,249,1.0,1.0,2.65,False,False
AE,ALDAR,2017,250,250,1.0,1.0,2.32,False,False
AE,ALDAR,2018,251,251,1.0,1.0,2.05,False,False
AE,ALDAR,2019,249,249,1.0,1.0,1.93,False,False
AE,ALDAR,2020,251,251,1.0,0.9960159362549801,2.02,False,False
AE,ALDAR,2021,249,249,1.0,1.0,3.81,False,False
AE,ALDAR,2022,249,252,0.9880952380952381,1.0,4.53,False,False
AE,ALDAR,2023,251,251,1.0,1.0,5.2,False,False
AE,ALDAR,2024,252,252,1.0,1.0,6.289999999999999,False,False
AE,ALDAR,2025,252,252,1.0,1.0,8.84,False,False
AE,ALDAR,2026,157,162,0.9691358024691358,0.9745222929936306,8.1,False,True
AE,ALPHADHABI,2021,126,249,0.5060240963855421,1.0,27.1,False,True
AE,ALPHADHABI,2022,249,252,0.9880952380952381,1.0,25.9,False,False
AE,ALPHADHABI,2023,251,251,1.0,1.0,20.28,False,False
AE,ALPHADHABI,2024,252,252,1.0,1.0,12.01,False,False
AE,ALPHADHABI,2025,252,252,1.0,1.0,11.08,False,False
AE,ALPHADHABI,2026,157,162,0.9691358024691358,0.9936305732484076,7.7,False,True
AE,AMR,2022,14,252,0.05555555555555555,1.0,2.995,False,True
AE,AMR,2023,251,251,1.0,1.0,3.83,False,False
AE,AMR,2024,251,252,0.996031746031746,1.0,3.05,False,False
AE,AMR,2025,252,252,1.0,1.0,2.1,False,False
AE,AMR,2026,147,162,0.9074074074074074,1.0,1.88,False,True
AE,BOROUGE,2022,146,252,0.5793650793650794,1.0,2.86,False,True
AE,BOROUGE,2023,251,251,1.0,1.0,2.63,False,False
AE,BOROUGE,2024,252,252,1.0,1.0,2.45,False,False
AE,BOROUGE,2025,252,252,1.0,1.0,2.55,False,False
AE,BOROUGE,2026,147,162,0.9074074074074074,1.0,2.55,False,True
AE,BURJEEL,2022,57,252,0.2261904761904762,1.0,2.33,False,True
AE,BURJEEL,2023,250,251,0.9960159362549801,1.0,2.275,False,False
AE,BURJEEL,2024,252,252,1.0,1.0,2.7,False,False
AE,BURJEEL,2025,252,252,1.0,1.0,1.43,False,False
AE,BURJEEL,2026,157,162,0.9691358024691358,1.0,1.15,False,True
AE,DEWA,2022,180,252,0.7142857142857143,1.0,2.5,False,True
AE,DEWA,2023,251,251,1.0,1.0,2.49,False,False
AE,DEWA,2024,252,252,1.0,1.0,2.43,False,False
AE,DEWA,2025,251,252,0.996031746031746,1.0,2.74,False,False
AE,DEWA,2026,157,162,0.9691358024691358,1.0,2.75,False,True
AE,DIB,2011,251,252,0.996031746031746,1.0,1.674,False,True
AE,DIB,2012,250,253,0.9881422924901185,1.0,1.601,False,False
AE,DIB,2013,248,249,0.9959839357429718,1.0,2.6985,False,False
AE,DIB,2014,251,251,1.0,1.0,5.771,False,False
AE,DIB,2015,251,251,1.0,1.0,5.478,False,False
AE,DIB,2016,249,249,1.0,1.0,4.755,False,False
AE,DIB,2017,250,250,1.0,1.0,5.333,False,False
AE,DIB,2018,251,251,1.0,1.0,5.1,False,False
AE,DIB,2019,248,249,0.9959839357429718,0.9959677419354839,5.16,False,False
AE,DIB,2020,251,251,1.0,0.9960159362549801,4.14,False,False
AE,DIB,2021,248,249,0.9959839357429718,1.0,4.94,False,False
AE,DIB,2022,252,252,1.0,1.0,5.86,False,False
AE,DIB,2023,251,251,1.0,1.0,5.57,False,False
AE,DIB,2024,251,252,0.996031746031746,1.0,6.0,False,False
AE,DIB,2025,252,252,1.0,1.0,9.16,False,False
AE,DIB,2026,157,162,0.9691358024691358,0.9936305732484076,7.5,False,True
AE,DU,2011,250,252,0.9920634920634921,1.0,3.06,False,True
AE,DU,2012,252,253,0.9960474308300395,1.0,3.175,False,False
AE,DU,2013,248,249,0.9959839357429718,1.0,5.85,False,False
AE,DU,2014,251,251,1.0,0.9960159362549801,5.8,False,False
AE,DU,2015,251,251,1.0,0.9920318725099602,5.08,False,False
AE,DU,2016,249,249,1.0,0.9959839357429718,6.3,False,False
AE,DU,2017,250,250,1.0,0.992,5.51,False,False
AE,DU,2018,249,251,0.9920318725099602,0.963855421686747,5.0,False,False
AE,DU,2019,247,249,0.9919678714859438,0.9230769230769231,5.3,False,False
AE,DU,2020,249,251,0.9920318725099602,0.9598393574297188,5.34,False,False
AE,DU,2021,248,249,0.9959839357429718,0.9879032258064516,6.63,False,False
AE,DU,2022,252,252,1.0,0.9920634920634921,6.07,False,False
AE,DU,2023,250,251,0.9960159362549801,1.0,5.235,False,False
AE,DU,2024,252,252,1.0,1.0,5.93,False,False
AE,DU,2025,252,252,1.0,1.0,9.21,False,False
AE,DU,2026,147,162,0.9074074074074074,0.9931972789115646,10.8,False,True
AE,EAND,2011,252,252,1.0,1.0,9.41,False,True
AE,EAND,2012,247,253,0.9762845849802372,1.0,8.43,False,False
AE,EAND,2013,246,249,0.9879518072289156,1.0,10.5,False,False
AE,EAND,2014,250,251,0.9960159362549801,0.996,10.45,False,False
AE,EAND,2015,249,251,0.9920318725099602,1.0,12.6,False,False
AE,EAND,2016,247,249,0.9919678714859438,1.0,18.7,False,False
AE,EAND,2017,246,250,0.984,1.0,17.8,False,False
AE,EAND,2018,248,251,0.9880478087649402,1.0,17.0,False,False
AE,EAND,2019,248,249,0.9959839357429718,1.0,16.64,False,False
AE,EAND,2020,251,251,1.0,1.0,16.56,False,False
AE,EAND,2021,247,249,0.9919678714859438,1.0,22.2,False,False
AE,EAND,2022,252,252,1.0,1.0,27.85,False,False
AE,EAND,2023,249,251,0.9920318725099602,1.0,22.34,False,False
AE,EAND,2024,250,252,0.9920634920634921,0.996,17.52,False,False
AE,EAND,2025,252,252,1.0,0.9920634920634921,17.61,False,False
AE,EAND,2026,157,162,0.9691358024691358,1.0,19.46,False,True
AE,EMAAR,2011,251,252,0.996031746031746,1.0,2.18,False,True
AE,EMAAR,2012,253,253,1.0,1.0,2.365,False,False
AE,EMAAR,2013,249,249,1.0,1.0,4.213,False,False
AE,EMAAR,2014,251,251,1.0,0.9960159362549801,7.808,False,False
AE,EMAAR,2015,251,251,1.0,1.0,6.61,False,False
AE,EMAAR,2016,249,249,1.0,1.0,5.975,False,False
AE,EMAAR,2017,249,250,0.996,1.0,7.023,False,False
AE,EMAAR,2018,251,251,1.0,1.0,5.2,False,False
AE,EMAAR,2019,249,249,1.0,1.0,4.51,False,False
AE,EMAAR,2020,251,251,1.0,1.0,2.79,False,False
AE,EMAAR,2021,249,249,1.0,1.0,4.03,False,False
AE,EMAAR,2022,251,252,0.996031746031746,1.0,5.81,False,False
AE,EMAAR,2023,251,251,1.0,1.0,6.53,False,False
AE,EMAAR,2024,252,252,1.0,0.996031746031746,8.26,False,False
AE,EMAAR,2025,251,252,0.996031746031746,1.0,13.6,False,False
AE,EMAAR,2026,161,162,0.9938271604938271,0.968944099378882,12.06,False,True
AE,EMAARDEV,2017,24,250,0.096,1.0,5.0805,False,True
AE,EMAARDEV,2018,251,251,1.0,0.9561752988047809,5.0,False,False
AE,EMAARDEV,2019,249,249,1.0,0.9919678714859438,3.93,False,False
AE,EMAARDEV,2020,251,251,1.0,0.9800796812749004,2.27,False,False
AE,EMAARDEV,2021,249,249,1.0,1.0,3.72,False,False
AE,EMAARDEV,2022,252,252,1.0,1.0,4.41,False,False
AE,EMAARDEV,2023,251,251,1.0,1.0,5.94,False,False
AE,EMAARDEV,2024,252,252,1.0,1.0,8.355,False,False
AE,EMAARDEV,2025,252,252,1.0,1.0,13.825,False,False
AE,EMAARDEV,2026,160,162,0.9876543209876543,0.96875,14.25,False,True
AE,EMPOWER,2022,31,252,0.12301587301587301,1.0,1.37,False,True
AE,EMPOWER,2023,250,251,0.9960159362549801,1.0,1.74,False,False
AE,EMPOWER,2024,247,252,0.9801587301587301,1.0,1.67,False,False
AE,EMPOWER,2025,251,252,0.996031746031746,0.9960159362549801,1.64,False,False
AE,EMPOWER,2026,145,162,0.8950617283950617,0.993103448275862,1.61,False,True
AE,ENBD,2011,235,252,0.9325396825396826,0.9063829787234042,3.567,False,True
AE,ENBD,2012,243,253,0.9604743083003953,0.9053497942386831,2.767,False,False
AE,ENBD,2013,247,249,0.9919678714859438,0.9271255060728745,4.975,False,False
AE,ENBD,2014,243,251,0.9681274900398407,0.9465020576131687,8.822,False,False
AE,ENBD,2015,229,251,0.9123505976095617,0.8908296943231441,8.774,False,False
AE,ENBD,2016,229,249,0.9196787148594378,0.8122270742358079,7.81,False,False
AE,ENBD,2017,220,250,0.88,0.7,7.906,False,False
AE,ENBD,2018,234,251,0.9322709163346613,0.8376068376068376,8.967,False,False
AE,ENBD,2019,249,249,1.0,0.9116465863453815,11.136,False,False
AE,ENBD,2020,250,251,0.9960159362549801,0.992,10.05,False,False
AE,ENBD,2021,249,249,1.0,1.0,13.35,False,False
AE,ENBD,2022,252,252,1.0,1.0,13.3,False,False
AE,ENBD,2023,251,251,1.0,1.0,15.55,False,False
AE,ENBD,2024,251,252,0.996031746031746,1.0,17.9,False,False
AE,ENBD,2025,252,252,1.0,1.0,23.5,False,False
AE,ENBD,2026,161,162,0.9938271604938271,0.9875776397515528,30.18,False,True
AE,FAB,2011,241,252,0.9563492063492064,0.9045643153526971,5.95,False,True
AE,FAB,2012,246,253,0.9723320158102767,0.8943089430894309,6.54,False,False
AE,FAB,2013,245,249,0.9839357429718876,0.963265306122449,9.92,False,False
AE,FAB,2014,248,251,0.9880478087649402,0.9919354838709677,12.77,False,False
AE,FAB,2015,249,251,0.9920318725099602,0.9799196787148594,10.75,False,False
AE,FAB,2016,245,249,0.9839357429718876,0.9755102040816327,8.86,False,False
AE,FAB,2017,249,250,0.996,0.9919678714859438,10.5,False,False
AE,FAB,2018,251,251,1.0,0.9760956175298805,12.5,False,False
AE,FAB,2019,249,249,1.0,1.0,15.12,False,False
AE,FAB,2020,251,251,1.0,1.0,11.42,False,False
AE,FAB,2021,249,249,1.0,1.0,16.62,False,False
AE,FAB,2022,251,252,0.996031746031746,1.0,19.36,False,False
AE,FAB,2023,251,251,1.0,1.0,13.62,False,False
AE,FAB,2024,252,252,1.0,1.0,13.3,False,False
AE,FAB,2025,252,252,1.0,1.0,16.15,False,False
AE,FAB,2026,161,162,0.9938271604938271,1.0,18.02,False,True
AE,FERTIGLB,2021,44,249,0.17670682730923695,1.0,3.4699999999999998,False,True
AE,FERTIGLB,2022,250,252,0.9920634920634921,1.0,5.055,False,False
AE,FERTIGLB,2023,249,251,0.9920318725099602,1.0,3.5,False,False
AE,FERTIGLB,2024,252,252,1.0,1.0,2.58,False,False
AE,FERTIGLB,2025,252,252,1.0,1.0,2.46,False,False
AE,FERTIGLB,2026,147,162,0.9074074074074074,1.0,2.81,False,True
AE,IHC,2011,27,252,0.10714285714285714,0.1111111111111111,1.097,False,True
AE,IHC,2012,29,253,0.11462450592885376,0.034482758620689655,1.415,False,False
AE,IHC,2013,74,249,0.2971887550200803,0.8243243243243243,2.521,False,False
AE,IHC,2014,197,251,0.7848605577689243,0.7309644670050761,1.267,False,False
AE,IHC,2015,61,251,0.24302788844621515,0.36065573770491804,1.097,False,False
AE,IHC,2016,164,249,0.6586345381526104,0.676829268292683,1.52,False,False
AE,IHC,2017,244,250,0.976,0.9549180327868853,1.54,False,False
AE,IHC,2018,211,251,0.8406374501992032,0.8672985781990521,1.31,False,False
AE,IHC,2019,219,249,0.8795180722891566,0.7945205479452054,1.8,False,False
AE,IHC,2020,251,251,1.0,0.9243027888446215,29.82,False,False
AE,IHC,2021,249,249,1.0,0.9959839357429718,115.0,False,False
AE,IHC,2022,251,252,0.996031746031746,1.0,284.3,False,False
AE,IHC,2023,251,251,1.0,0.9920318725099602,399.5,False,False
AE,IHC,2024,252,252,1.0,1.0,404.0,False,False
AE,IHC,2025,252,252,1.0,1.0,401.0,False,False
AE,IHC,2026,162,162,1.0,0.9938271604938271,390.0,False,True
AE,LULU,2024,31,252,0.12301587301587301,1.0,1.89,False,True
AE,LULU,2025,252,252,1.0,1.0,1.24,False,False
AE,LULU,2026,161,162,0.9938271604938271,0.9440993788819876,0.99,False,True
AE,MODON,2017,16,250,0.064,0.375,1.25,False,True
AE,MODON,2018,87,251,0.3466135458167331,0.367816091954023,1.08,False,False
AE,MODON,2019,125,249,0.5020080321285141,0.576,0.9,False,False
AE,MODON,2020,55,251,0.21912350597609562,0.2727272727272727,1.01,False,False
AE,MODON,2021,142,249,0.570281124497992,0.8309859154929577,3.47,False,False
AE,MODON,2022,250,252,0.9920634920634921,1.0,4.165,False,False
AE,MODON,2023,251,251,1.0,1.0,3.08,False,False
AE,MODON,2024,252,252,1.0,1.0,3.0949999999999998,False,False
AE,MODON,2025,252,252,1.0,1.0,3.4,False,False
AE,MODON,2026,147,162,0.9074074074074074,1.0,3.03,False,True
AE,SALIK,2022,64,252,0.25396825396825395,1.0,2.3,False,True
AE,SALIK,2023,251,251,1.0,1.0,3.05,False,False
AE,SALIK,2024,252,252,1.0,1.0,3.51,False,False
AE,SALIK,2025,252,252,1.0,1.0,5.84,False,False
AE,SALIK,2026,161,162,0.9938271604938271,1.0,5.67,False,True
AE,TWOPOINTZERO,2021,19,249,0.07630522088353414,1.0,1.93,False,True
AE,TWOPOINTZERO,2022,252,252,1.0,1.0,1.895,False,False
AE,TWOPOINTZERO,2023,251,251,1.0,1.0,3.49,False,False
AE,TWOPOINTZERO,2024,252,252,1.0,1.0,2.24,False,False
AE,TWOPOINTZERO,2025,252,252,1.0,1.0,2.385,False,False
AE,TWOPOINTZERO,2026,137,162,0.845679012345679,0.9927007299270073,2.12,False,True
EG,ABUK,2011,196,207,0.9468599033816425,0.9285714285714286,8.23,False,True
EG,ABUK,2012,240,245,0.9795918367346939,0.9166666666666666,8.66,False,False
EG,ABUK,2013,219,243,0.9012345679012346,0.7214611872146118,9.2,False,False
EG,ABUK,2014,192,244,0.7868852459016393,0.6875,11.094999999999999,False,False
EG,ABUK,2015,176,244,0.7213114754098361,0.5056818181818182,10.67,False,False
EG,ABUK,2016,208,245,0.8489795918367347,0.6826923076923077,7.525,False,False
EG,ABUK,2017,244,244,1.0,0.9877049180327869,15.535,False,False
EG,ABUK,2018,243,243,1.0,1.0,28.93,False,False
EG,ABUK,2019,243,243,1.0,0.9958847736625515,23.23,False,False
EG,ABUK,2020,243,243,1.0,1.0,17.87,False,False
EG,ABUK,2021,244,244,1.0,1.0,19.95,False,False
EG,ABUK,2022,244,244,1.0,1.0,24.69,False,False
EG,ABUK,2023,242,242,1.0,1.0,48.135000000000005,False,False
EG,ABUK,2024,242,242,1.0,1.0,61.475,False,False
EG,ABUK,2025,242,243,0.9958847736625515,1.0,52.120000000000005,False,False
EG,ABUK,2026,152,152,1.0,0.993421052631579,74.195,False,True
EG,ADIB,2011,206,207,0.9951690821256038,1.0,1.3650000000000002,False,True
EG,ADIB,2012,245,245,1.0,1.0,1.37,False,False
EG,ADIB,2013,243,243,1.0,1.0,2.58,False,False
EG,ADIB,2014,244,244,1.0,0.9959016393442623,2.675,False,False
EG,ADIB,2015,242,244,0.9918032786885246,0.9586776859504132,2.21,False,False
EG,ADIB,2016,244,245,0.9959183673469387,0.9959016393442623,1.375,False,False
EG,ADIB,2017,244,244,1.0,1.0,3.5949999999999998,False,False
EG,ADIB,2018,241,243,0.9917695473251029,0.991701244813278,5.7,False,False
EG,ADIB,2019,243,243,1.0,1.0,4.22,False,False
EG,ADIB,2020,243,243,1.0,1.0,3.9,False,False
EG,ADIB,2021,244,244,1.0,1.0,4.225,False,False
EG,ADIB,2022,244,244,1.0,1.0,4.83,False,False
EG,ADIB,2023,242,242,1.0,1.0,9.76,False,False
EG,ADIB,2024,242,242,1.0,1.0,19.37,False,False
EG,ADIB,2025,243,243,1.0,0.9958847736625515,21.6,False,False
EG,ADIB,2026,152,152,1.0,0.993421052631579,44.775,False,True
EG,AMOC,2011,207,207,1.0,1.0,4.33,False,True
EG,AMOC,2012,245,245,1.0,0.9836734693877551,5.46,False,False
EG,AMOC,2013,243,243,1.0,0.9753086419753086,4.53,False,False
EG,AMOC,2014,243,244,0.9959016393442623,0.9753086419753086,4.67,False,False
EG,AMOC,2015,244,244,1.0,0.9385245901639344,2.91,False,False
EG,AMOC,2016,245,245,1.0,1.0,2.14,False,False
EG,AMOC,2017,244,244,1.0,1.0,6.995,False,False
EG,AMOC,2018,243,243,1.0,1.0,10.39,False,False
EG,AMOC,2019,243,243,1.0,1.0,4.53,False,False
EG,AMOC,2020,243,243,1.0,1.0,2.56,False,False
EG,AMOC,2021,244,244,1.0,1.0,3.31,False,False
EG,AMOC,2022,244,244,1.0,1.0,3.9,False,False
EG,AMOC,2023,242,242,1.0,1.0,8.504999999999999,False,False
EG,AMOC,2024,242,242,1.0,1.0,8.825,False,False
EG,AMOC,2025,242,243,0.9958847736625515,1.0,7.48,False,False
EG,AMOC,2026,141,152,0.9276315789473685,0.9929078014184397,8.18,False,True
EG,ARCC,2014,154,244,0.6311475409836066,0.987012987012987,12.645,False,True
EG,ARCC,2015,238,244,0.9754098360655737,0.9369747899159664,15.629999999999999,False,False
EG,ARCC,2016,242,245,0.9877551020408163,0.9710743801652892,7.3,False,False
EG,ARCC,2017,244,244,1.0,1.0,8.684999999999999,False,False
EG,ARCC,2018,243,243,1.0,1.0,7.4,False,False
EG,ARCC,2019,243,243,1.0,1.0,3.92,False,False
EG,ARCC,2020,242,243,0.9958847736625515,0.9752066115702479,3.34,False,False
EG,ARCC,2021,244,244,1.0,1.0,3.8449999999999998,False,False
EG,ARCC,2022,240,244,0.9836065573770492,0.9625,4.31,False,False
EG,ARCC,2023,242,242,1.0,1.0,7.795,False,False
EG,ARCC,2024,242,242,1.0,1.0,11.25,False,False
EG,ARCC,2025,242,243,0.9958847736625515,1.0,34.92,False,False
EG,ARCC,2026,141,152,0.9276315789473685,0.9929078014184397,53.65,False,True
EG,BTFH,2011,171,207,0.8260869565217391,0.7017543859649122,0.357,False,True
EG,BTFH,2012,184,245,0.7510204081632653,0.7228260869565217,0.303,False,False
EG,BTFH,2013,66,243,0.2716049382716049,0.42424242424242425,0.373,False,False
EG,BTFH,2014,232,244,0.9508196721311475,0.9094827586206896,0.697,False,False
EG,BTFH,2015,244,244,1.0,0.9713114754098361,1.2755,False,False
EG,BTFH,2016,243,245,0.9918367346938776,0.5308641975308642,3.56,False,False
EG,BTFH,2017,243,244,0.9959016393442623,1.0,3.66,False,False
EG,BTFH,2018,243,243,1.0,0.9958847736625515,4.09,False,False
EG,BTFH,2019,243,243,1.0,1.0,1.794,False,False
EG,BTFH,2020,243,243,1.0,0.9917695473251029,0.961,False,False
EG,BTFH,2021,244,244,1.0,1.0,0.894,False,False
EG,BTFH,2022,244,244,1.0,1.0,0.651,False,False
EG,BTFH,2023,242,242,1.0,0.9958677685950413,3.045,False,False
EG,BTFH,2024,242,242,1.0,1.0,3.06,False,False
EG,BTFH,2025,242,243,0.9958847736625515,1.0,3.0149999999999997,False,False
EG,BTFH,2026,152,152,1.0,0.993421052631579,3.06,False,True
EG,CCAP,2011,207,207,1.0,0.9903381642512077,4.54,False,True
EG,CCAP,2012,245,245,1.0,1.0,3.18,False,False
EG,CCAP,2013,243,243,1.0,1.0,3.43,False,False
EG,CCAP,2014,244,244,1.0,1.0,4.145,False,False
EG,CCAP,2015,244,244,1.0,1.0,1.97,False,False
EG,CCAP,2016,245,245,1.0,1.0,1.07,False,False
EG,CCAP,2017,244,244,1.0,1.0,1.12,False,False
EG,CCAP,2018,236,243,0.9711934156378601,1.0,3.0700000000000003,False,False
EG,CCAP,2019,243,243,1.0,1.0,3.4,False,False
EG,CCAP,2020,243,243,1.0,1.0,1.467,False,False
EG,CCAP,2021,244,244,1.0,1.0,1.2395,False,False
EG,CCAP,2022,244,244,1.0,1.0,1.3075,False,False
EG,CCAP,2023,242,242,1.0,1.0,2.26,False,False
EG,CCAP,2024,242,242,1.0,1.0,2.3,False,False
EG,CCAP,2025,242,243,0.9958847736625515,1.0,2.8049999999999997,False,False
EG,CCAP,2026,152,152,1.0,0.993421052631579,4.54,False,True
EG,CLHO,2016,162,245,0.6612244897959184,0.654320987654321,1.35,False,True
EG,CLHO,2017,242,244,0.9918032786885246,0.9380165289256198,3.385,False,False
EG,CLHO,2018,243,243,1.0,1.0,3.93,False,False
EG,CLHO,2019,243,243,1.0,0.9958847736625515,6.1,False,False
EG,CLHO,2020,243,243,1.0,1.0,4.93,False,False
EG,CLHO,2021,244,244,1.0,1.0,4.63,False,False
EG,CLHO,2022,244,244,1.0,1.0,4.695,False,False
EG,CLHO,2023,242,242,1.0,1.0,4.44,False,False
EG,CLHO,2024,242,242,1.0,1.0,6.8149999999999995,False,False
EG,CLHO,2025,242,243,0.9958847736625515,1.0,8.34,False,False
EG,CLHO,2026,152,152,1.0,0.993421052631579,13.455,False,True
EG,COMI,2011,207,207,1.0,1.0,5.29,False,True
EG,COMI,2012,245,245,1.0,1.0,5.24,False,False
EG,COMI,2013,243,243,1.0,1.0,6.89,False,False
EG,COMI,2014,244,244,1.0,1.0,11.04,False,False
EG,COMI,2015,244,244,1.0,1.0,15.76,False,False
EG,COMI,2016,245,245,1.0,1.0,15.84,False,False
EG,COMI,2017,244,244,1.0,1.0,28.04,False,False
EG,COMI,2018,243,243,1.0,1.0,29.94,False,False
EG,COMI,2019,243,243,1.0,1.0,33.54,False,False
EG,COMI,2020,242,243,0.9958847736625515,1.0,29.685000000000002,False,False
EG,COMI,2021,244,244,1.0,1.0,27.455,False,False
EG,COMI,2022,244,244,1.0,1.0,25.92,False,False
EG,COMI,2023,242,242,1.0,1.0,48.18,False,False
EG,COMI,2024,242,242,1.0,1.0,73.545,False,False
EG,COMI,2025,242,243,0.9958847736625515,1.0,77.22999999999999,False,False
EG,COMI,2026,134,152,0.881578947368421,0.9925373134328358,132.985,False,True
EG,DSCW,2012,1,245,0.004081632653061225,0.0,0.256,False,True
EG,DSCW,2013,9,243,0.037037037037037035,0.0,0.256,False,False
EG,DSCW,2014,6,244,0.02459016393442623,0.0,0.256,False,False
EG,DSCW,2015,4,244,0.01639344262295082,0.0,0.2685,False,False
EG,DSCW,2016,1,245,0.004081632653061225,0.0,0.281,False,False
EG,DSCW,2017,39,244,0.1598360655737705,0.8461538461538461,0.934,False,False
EG,DSCW,2018,158,243,0.6502057613168725,0.6645569620253164,0.963,False,False
EG,DSCW,2019,243,243,1.0,1.0,0.366,False,False
EG,DSCW,2020,243,243,1.0,0.9958847736625515,0.578,False,False
EG,DSCW,2021,243,244,0.9959016393442623,0.9917695473251029,0.504,False,False
EG,DSCW,2022,244,244,1.0,1.0,0.23,False,False
EG,DSCW,2023,242,242,1.0,1.0,0.3485,False,False
EG,DSCW,2024,242,242,1.0,1.0,0.951,False,False
EG,DSCW,2025,242,243,0.9958847736625515,1.0,1.75,False,False
EG,DSCW,2026,152,152,1.0,0.993421052631579,1.8,False,True
EG,EFID,2015,174,244,0.7131147540983607,0.8908045977011494,8.0,False,True
EG,EFID,2016,235,245,0.9591836734693877,0.9702127659574468,7.25,False,False
EG,EFID,2017,211,244,0.8647540983606558,0.8056872037914692,8.25,False,False
EG,EFID,2018,154,243,0.6337448559670782,0.6168831168831169,8.89,False,False
EG,EFID,2019,186,243,0.7654320987654321,0.5752688172043011,8.69,False,False
EG,EFID,2020,230,243,0.9465020576131687,0.9173913043478261,4.78,False,False
EG,EFID,2021,244,244,1.0,0.9959016393442623,3.975,False,False
EG,EFID,2022,244,244,1.0,0.9877049180327869,4.08,False,False
EG,EFID,2023,242,242,1.0,1.0,9.265,False,False
EG,EFID,2024,242,242,1.0,1.0,14.73,False,False
EG,EFID,2025,242,243,0.9958847736625515,1.0,14.33,False,False
EG,EFID,2026,152,152,1.0,0.993421052631579,28.33,False,True
EG,EFIH,2021,59,244,0.24180327868852458,0.864406779661017,14.84,False,True
EG,EFIH,2022,244,244,1.0,1.0,13.55,False,False
EG,EFIH,2023,242,242,1.0,1.0,14.18,False,False
EG,EFIH,2024,242,242,1.0,1.0,20.355,False,False
EG,EFIH,2025,242,243,0.9958847736625515,1.0,16.04,False,False
EG,EFIH,2026,152,152,1.0,0.993421052631579,21.505000000000003,False,True
EG,EGAL,2011,205,207,0.9903381642512077,0.975609756097561,8.99,False,True
EG,EGAL,2012,204,245,0.8326530612244898,0.803921568627451,6.795,False,False
EG,EGAL,2013,211,243,0.8683127572016461,0.8341232227488151,4.94,False,False
EG,EGAL,2014,227,244,0.930327868852459,0.8898678414096917,5.28,False,False
EG,EGAL,2015,171,244,0.7008196721311475,0.6257309941520468,4.35,False,False
EG,EGAL,2016,182,245,0.7428571428571429,0.7527472527472527,3.45,False,False
EG,EGAL,2017,242,244,0.9918032786885246,0.9586776859504132,15.925,False,False
EG,EGAL,2018,243,243,1.0,1.0,36.09,False,False
EG,EGAL,2019,243,243,1.0,1.0,14.24,False,False
EG,EGAL,2020,243,243,1.0,0.9958847736625515,11.44,False,False
EG,EGAL,2021,244,244,1.0,1.0,17.28,False,False
EG,EGAL,2022,244,244,1.0,1.0,21.259999999999998,False,False
EG,EGAL,2023,242,242,1.0,1.0,43.405,False,False
EG,EGAL,2024,242,242,1.0,1.0,108.47,False,False
EG,EGAL,2025,243,243,1.0,0.9958847736625515,162.0,False,False
EG,EGAL,2026,152,152,1.0,0.993421052631579,297.99,False,True
EG,EGCH,2011,207,207,1.0,0.9227053140096618,11.71,False,True
EG,EGCH,2012,244,245,0.9959183673469387,1.0,5.375,False,False
EG,EGCH,2013,243,243,1.0,1.0,5.91,False,False
EG,EGCH,2014,244,244,1.0,1.0,6.5649999999999995,False,False
EG,EGCH,2015,244,244,1.0,1.0,3.11,False,False
EG,EGCH,2016,245,245,1.0,1.0,2.96,False,False
EG,EGCH,2017,244,244,1.0,0.9918032786885246,4.62,False,False
EG,EGCH,2018,243,243,1.0,1.0,5.57,False,False
EG,EGCH,2019,243,243,1.0,1.0,5.14,False,False
EG,EGCH,2020,243,243,1.0,1.0,3.63,False,False
EG,EGCH,2021,244,244,1.0,1.0,3.07,False,False
EG,EGCH,2022,244,244,1.0,1.0,3.01,False,False
EG,EGCH,2023,242,242,1.0,1.0,6.545,False,False
EG,EGCH,2024,242,242,1.0,1.0,8.28,False,False
EG,EGCH,2025,243,243,1.0,0.9958847736625515,8.86,False,False
EG,EGCH,2026,141,152,0.9276315789473685,0.9929078014184397,12.42,False,True
EG,ELEC,2011,207,207,1.0,1.0,0.163,False,True
EG,ELEC,2012,245,245,1.0,1.0,0.151,False,False
EG,ELEC,2013,243,243,1.0,1.0,0.129,False,False
EG,ELEC,2014,243,244,0.9959016393442623,1.0,0.272,False,False
EG,ELEC,2015,244,244,1.0,1.0,0.172,False,False
EG,ELEC,2016,245,245,1.0,0.9959183673469387,0.16,False,False
EG,ELEC,2017,244,244,1.0,1.0,0.15,False,False
EG,ELEC,2018,243,243,1.0,0.9958847736625515,0.18,False,False
EG,ELEC,2019,242,243,0.9958847736625515,0.9958677685950413,0.275,False,False
EG,ELEC,2020,239,243,0.9835390946502057,0.99581589958159,0.285,False,False
EG,ELEC,2021,244,244,1.0,1.0,0.42,False,False
EG,ELEC,2022,244,244,1.0,1.0,0.35,False,False
EG,ELEC,2023,242,242,1.0,1.0,0.6605000000000001,False,False
EG,ELEC,2024,242,242,1.0,1.0,2.84,False,False
EG,ELEC,2025,242,243,0.9958847736625515,1.0,2.75,False,False
EG,ELEC,2026,140,152,0.9210526315789473,0.9928571428571429,2.1550000000000002,False,True
EG,EMFD,2015,120,244,0.4918032786885246,1.0,2.745,False,True
EG,EMFD,2016,245,245,1.0,1.0,2.42,False,False
EG,EMFD,2017,244,244,1.0,1.0,2.75,False,False
EG,EMFD,2018,243,243,1.0,1.0,4.08,False,False
EG,EMFD,2019,243,243,1.0,1.0,3.15,False,False
EG,EMFD,2020,243,243,1.0,1.0,2.46,False,False
EG,EMFD,2021,244,244,1.0,1.0,2.41,False,False
EG,EMFD,2022,244,244,1.0,1.0,2.66,False,False
EG,EMFD,2023,242,242,1.0,1.0,3.08,False,False
EG,EMFD,2024,242,242,1.0,1.0,6.8100000000000005,False,False
EG,EMFD,2025,242,243,0.9958847736625515,1.0,8.8,False,False
EG,EMFD,2026,134,152,0.881578947368421,0.9925373134328358,9.69,False,True
EG,ETEL,2011,207,207,1.0,0.9951690821256038,15.17,False,True
EG,ETEL,2012,245,245,1.0,1.0,13.57,False,False
EG,ETEL,2013,243,243,1.0,1.0,13.55,False,False
EG,ETEL,2014,244,244,1.0,1.0,14.36,False,False
EG,ETEL,2015,244,244,1.0,1.0,8.07,False,False
EG,ETEL,2016,245,245,1.0,1.0,8.63,False,False
EG,ETEL,2017,244,244,1.0,1.0,11.855,False,False
EG,ETEL,2018,243,243,1.0,1.0,13.03,False,False
EG,ETEL,2019,243,243,1.0,1.0,13.5,False,False
EG,ETEL,2020,243,243,1.0,0.9917695473251029,12.19,False,False
EG,ETEL,2021,244,244,1.0,1.0,13.29,False,False
EG,ETEL,2022,244,244,1.0,1.0,16.9,False,False
EG,ETEL,2023,242,242,1.0,1.0,26.29,False,False
EG,ETEL,2024,242,242,1.0,1.0,33.755,False,False
EG,ETEL,2025,242,243,0.9958847736625515,1.0,38.275,False,False
EG,ETEL,2026,152,152,1.0,0.993421052631579,93.86,False,True
EG,FWRY,2019,100,243,0.411522633744856,0.98,1.99,False,True
EG,FWRY,2020,243,243,1.0,0.9876543209876543,3.83,False,False
EG,FWRY,2021,244,244,1.0,1.0,9.65,False,False
EG,FWRY,2022,244,244,1.0,1.0,4.359999999999999,False,False
EG,FWRY,2023,242,242,1.0,1.0,5.6,False,False
EG,FWRY,2024,242,242,1.0,1.0,7.154999999999999,False,False
EG,FWRY,2025,242,243,0.9958847736625515,1.0,12.515,False,False
EG,FWRY,2026,152,152,1.0,0.993421052631579,18.905,False,True
EG,GBCO,2011,203,207,0.9806763285024155,0.9605911330049262,4.31,False,True
EG,GBCO,2012,227,245,0.926530612244898,0.8325991189427313,3.35,False,False
EG,GBCO,2013,190,243,0.7818930041152263,0.5526315789473685,4.22,False,False
EG,GBCO,2014,196,244,0.8032786885245902,0.6071428571428571,4.975,False,False
EG,GBCO,2015,240,244,0.9836065573770492,0.975,4.1899999999999995,False,False
EG,GBCO,2016,245,245,1.0,1.0,2.4,False,False
EG,GBCO,2017,244,244,1.0,1.0,2.7649999999999997,False,False
EG,GBCO,2018,243,243,1.0,0.9958847736625515,5.44,False,False
EG,GBCO,2019,241,243,0.9917695473251029,0.995850622406639,4.17,False,False
EG,GBCO,2020,243,243,1.0,1.0,2.57,False,False
EG,GBCO,2021,244,244,1.0,1.0,3.85,False,False
EG,GBCO,2022,244,244,1.0,1.0,3.94,False,False
EG,GBCO,2023,242,242,1.0,1.0,5.87,False,False
EG,GBCO,2024,242,242,1.0,1.0,13.559999999999999,False,False
EG,GBCO,2025,242,243,0.9958847736625515,1.0,22.86,False,False
EG,GBCO,2026,152,152,1.0,0.993421052631579,28.525,False,True
EG,HELI,2011,205,207,0.9903381642512077,0.9317073170731708,0.49,False,True
EG,HELI,2012,245,245,1.0,0.9469387755102041,0.44,False,False
EG,HELI,2013,243,243,1.0,0.9218106995884774,0.61,False,False
EG,HELI,2014,244,244,1.0,0.9959016393442623,1.185,False,False
EG,HELI,2015,244,244,1.0,0.9959016393442623,1.57,False,False
EG,HELI,2016,245,245,1.0,1.0,1.42,False,False
EG,HELI,2017,244,244,1.0,1.0,3.1,False,False
EG,HELI,2018,243,243,1.0,1.0,3.32,False,False
EG,HELI,2019,242,243,0.9958847736625515,1.0,2.625,False,False
EG,HELI,2020,243,243,1.0,1.0,2.0,False,False
EG,HELI,2021,244,244,1.0,1.0,1.63,False,False
EG,HELI,2022,244,244,1.0,1.0,1.92,False,False
EG,HELI,2023,242,242,1.0,1.0,3.565,False,False
EG,HELI,2024,242,242,1.0,1.0,3.33,False,False
EG,HELI,2025,242,243,0.9958847736625515,1.0,3.385,False,False
EG,HELI,2026,152,152,1.0,0.993421052631579,6.065,False,True
EG,HRHO,2011,207,207,1.0,0.9903381642512077,4.72,False,True
EG,HRHO,2012,244,245,0.9959183673469387,1.0,3.65,False,False
EG,HRHO,2013,243,243,1.0,1.0,3.15,False,False
EG,HRHO,2014,244,244,1.0,0.9918032786885246,5.9350000000000005,False,False
EG,HRHO,2015,244,244,1.0,1.0,5.3100000000000005,False,False
EG,HRHO,2016,245,245,1.0,1.0,5.24,False,False
EG,HRHO,2017,244,244,1.0,1.0,10.52,False,False
EG,HRHO,2018,243,243,1.0,1.0,9.74,False,False
EG,HRHO,2019,243,243,1.0,1.0,9.48,False,False
EG,HRHO,2020,243,243,1.0,0.9958847736625515,7.56,False,False
EG,HRHO,2021,244,244,1.0,1.0,8.114999999999998,False,False
EG,HRHO,2022,244,244,1.0,1.0,10.265,False,False
EG,HRHO,2023,242,242,1.0,1.0,15.645,False,False
EG,HRHO,2024,242,242,1.0,1.0,20.119999999999997,False,False
EG,HRHO,2025,242,243,0.9958847736625515,1.0,26.189999999999998,False,False
EG,HRHO,2026,152,152,1.0,0.993421052631579,26.82,False,True
EG,ISPH,2017,14,244,0.05737704918032787,1.0,5.183,False,True
EG,ISPH,2018,243,243,1.0,1.0,6.617,False,False
EG,ISPH,2019,243,243,1.0,0.9917695473251029,7.422,False,False
EG,ISPH,2020,243,243,1.0,1.0,5.729,False,False
EG,ISPH,2021,244,244,1.0,1.0,3.3455000000000004,False,False
EG,ISPH,2022,244,244,1.0,1.0,1.966,False,False
EG,ISPH,2023,242,242,1.0,1.0,2.1,False,False
EG,ISPH,2024,242,242,1.0,1.0,3.33,False,False
EG,ISPH,2025,243,243,1.0,0.9958847736625515,9.67,False,False
EG,ISPH,2026,152,152,1.0,0.993421052631579,11.45,False,True
EG,JUFO,2011,206,207,0.9951690821256038,0.9854368932038835,2.5549999999999997,False,True
EG,JUFO,2012,240,245,0.9795918367346939,0.9583333333333334,2.26,False,False
EG,JUFO,2013,243,243,1.0,0.9670781893004116,4.67,False,False
EG,JUFO,2014,244,244,1.0,0.9836065573770492,6.23,False,False
EG,JUFO,2015,236,244,0.9672131147540983,0.9194915254237288,5.555,False,False
EG,JUFO,2016,238,245,0.9714285714285714,0.9285714285714286,4.275,False,False
EG,JUFO,2017,244,244,1.0,0.9877049180327869,5.195,False,False
EG,JUFO,2018,236,243,0.9711934156378601,0.8813559322033898,7.36,False,False
EG,JUFO,2019,216,243,0.8888888888888888,0.8564814814814815,6.42,False,False
EG,JUFO,2020,239,243,0.9835390946502057,0.9790794979079498,4.52,False,False
EG,JUFO,2021,243,244,0.9959016393442623,0.9711934156378601,3.64,False,False
EG,JUFO,2022,244,244,1.0,1.0,4.62,False,False
EG,JUFO,2023,242,242,1.0,1.0,8.17,False,False
EG,JUFO,2024,242,242,1.0,1.0,13.43,False,False
EG,JUFO,2025,242,243,0.9958847736625515,1.0,19.03,False,False
EG,JUFO,2026,152,152,1.0,0.993421052631579,23.03,False,True
EG,KABO,2011,206,207,0.9951690821256038,0.9951456310679612,0.756,False,True
EG,KABO,2012,245,245,1.0,1.0,0.618,False,False
EG,KABO,2013,227,243,0.934156378600823,0.973568281938326,0.618,False,False
EG,KABO,2014,244,244,1.0,1.0,0.996,False,False
EG,KABO,2015,244,244,1.0,0.9918032786885246,0.664,False,False
EG,KABO,2016,245,245,1.0,0.9959183673469387,0.849,False,False
EG,KABO,2017,244,244,1.0,0.9795081967213115,0.8995,False,False
EG,KABO,2018,243,243,1.0,1.0,1.577,False,False
EG,KABO,2019,243,243,1.0,0.9958847736625515,0.867,False,False
EG,KABO,2020,243,243,1.0,1.0,0.784,False,False
EG,KABO,2021,244,244,1.0,1.0,1.1835,False,False
EG,KABO,2022,244,244,1.0,1.0,0.741,False,False
EG,KABO,2023,242,242,1.0,1.0,1.9184999999999999,False,False
EG,KABO,2024,242,242,1.0,1.0,2.71,False,False
EG,KABO,2025,241,243,0.9917695473251029,1.0,5.33,False,False
EG,KABO,2026,152,152,1.0,0.993421052631579,6.24,False,True
EG,LCSW,2011,205,207,0.9903381642512077,0.9853658536585366,8.467,False,True
EG,LCSW,2012,241,245,0.9836734693877551,0.975103734439834,5.374,False,False
EG,LCSW,2013,217,243,0.8930041152263375,0.7972350230414746,6.964,False,False
EG,LCSW,2014,212,244,0.8688524590163934,0.8726415094339622,8.64,False,False
EG,LCSW,2015,148,244,0.6065573770491803,0.7094594594594594,5.1795,False,False
EG,LCSW,2016,204,245,0.8326530612244898,0.8284313725490197,2.8594999999999997,False,False
EG,LCSW,2017,218,244,0.8934426229508197,0.8073394495412844,3.8575,False,False
EG,LCSW,2018,163,243,0.6707818930041153,0.6748466257668712,5.098,False,False
EG,LCSW,2019,211,243,0.8683127572016461,0.7440758293838863,3.36,False,False
EG,LCSW,2020,236,243,0.9711934156378601,0.9491525423728814,2.597,False,False
EG,LCSW,2021,244,244,1.0,1.0,4.181,False,False
EG,LCSW,2022,244,244,1.0,1.0,4.0705,False,False
EG,LCSW,2023,242,242,1.0,1.0,7.171,False,False
EG,LCSW,2024,242,242,1.0,1.0,23.725,False,False
EG,LCSW,2025,242,243,0.9958847736625515,1.0,26.0,False,False
EG,LCSW,2026,152,152,1.0,0.9868421052631579,26.8,False,True
EG,OCDI,2011,207,207,1.0,0.9951690821256038,7.49,False,True
EG,OCDI,2012,245,245,1.0,1.0,5.66,False,False
EG,OCDI,2013,243,243,1.0,1.0,7.03,False,False
EG,OCDI,2014,244,244,1.0,0.9959016393442623,11.620000000000001,False,False
EG,OCDI,2015,244,244,1.0,1.0,10.754999999999999,False,False
EG,OCDI,2016,245,245,1.0,1.0,11.86,False,False
EG,OCDI,2017,244,244,1.0,1.0,14.215,False,False
EG,OCDI,2018,242,243,0.9958847736625515,1.0,21.67,False,False
EG,OCDI,2019,242,243,0.9958847736625515,1.0,15.32,False,False
EG,OCDI,2020,243,243,1.0,1.0,12.18,False,False
EG,OCDI,2021,244,244,1.0,1.0,16.835,False,False
EG,OCDI,2022,244,244,1.0,1.0,12.3,False,False
EG,OCDI,2023,242,242,1.0,1.0,18.42,False,False
EG,OCDI,2024,242,242,1.0,1.0,47.045,False,False
EG,OCDI,2025,242,243,0.9958847736625515,0.9958677685950413,58.225,False,False
EG,OCDI,2026,133,152,0.875,0.9924812030075187,20.45,False,True
EG,OIH,2012,229,245,0.9346938775510204,0.9956331877729258,0.088,False,True
EG,OIH,2013,243,243,1.0,1.0,0.163,False,False
EG,OIH,2014,244,244,1.0,1.0,0.403,False,False
EG,OIH,2015,244,244,1.0,1.0,0.278,False,False
EG,OIH,2016,244,245,0.9959183673469387,1.0,0.192,False,False
EG,OIH,2017,244,244,1.0,1.0,0.234,False,False
EG,OIH,2018,243,243,1.0,1.0,0.218,False,False
EG,OIH,2019,243,243,1.0,1.0,0.19,False,False
EG,OIH,2020,243,243,1.0,1.0,0.162,False,False
EG,OIH,2021,240,244,0.9836065573770492,1.0,0.243,False,False
EG,OIH,2022,244,244,1.0,1.0,0.206,False,False
EG,OIH,2023,242,242,1.0,1.0,0.2395,False,False
EG,OIH,2024,242,242,1.0,1.0,0.418,False,False
EG,OIH,2025,242,243,0.9958847736625515,1.0,1.03,False,False
EG,OIH,2026,152,152,1.0,0.993421052631579,1.41,False,True
EG,ORAS,2015,197,244,0.8073770491803278,1.0,100.01,False,True
EG,ORAS,2016,245,245,1.0,1.0,58.34,False,False
EG,ORAS,2017,244,244,1.0,1.0,115.28999999999999,False,False
EG,ORAS,2018,238,243,0.9794238683127572,0.9537815126050421,145.98000000000002,False,False
EG,ORAS,2019,240,243,0.9876543209876543,0.9791666666666666,101.4,False,False
EG,ORAS,2020,243,243,1.0,0.9958847736625515,71.22,False,False
EG,ORAS,2021,244,244,1.0,0.9795081967213115,76.305,False,False
EG,ORAS,2022,244,244,1.0,1.0,68.745,False,False
EG,ORAS,2023,242,242,1.0,1.0,117.975,False,False
EG,ORAS,2024,242,242,1.0,1.0,266.875,False,False
EG,ORAS,2025,242,243,0.9958847736625515,1.0,359.995,False,False
EG,ORAS,2026,152,152,1.0,0.993421052631579,600.525,False,True
EG,ORHD,2015,204,244,0.8360655737704918,0.7156862745098039,2.2,False,True
EG,ORHD,2016,235,245,0.9591836734693877,0.9404255319148936,1.05,False,False
EG,ORHD,2017,244,244,1.0,1.0,2.26,False,False
EG,ORHD,2018,243,243,1.0,1.0,6.18,False,False
EG,ORHD,2019,243,243,1.0,1.0,6.85,False,False
EG,ORHD,2020,243,243,1.0,1.0,4.09,False,False
EG,ORHD,2021,244,244,1.0,0.9959016393442623,5.405,False,False
EG,ORHD,2022,244,244,1.0,1.0,5.005,False,False
EG,ORHD,2023,242,242,1.0,1.0,10.19,False,False
EG,ORHD,2024,242,242,1.0,1.0,13.015,False,False
EG,ORHD,2025,242,243,0.9958847736625515,1.0,22.79,False,False
EG,ORHD,2026,133,152,0.875,0.9924812030075187,27.97,False,True
EG,ORWE,2011,200,207,0.966183574879227,0.82,4.09,False,True
EG,ORWE,2012,241,245,0.9836734693877551,0.9377593360995851,2.95,False,False
EG,ORWE,2013,240,243,0.9876543209876543,0.875,3.02,False,False
EG,ORWE,2014,241,244,0.9877049180327869,0.9543568464730291,6.31,False,False
EG,ORWE,2015,244,244,1.0,0.9754098360655737,7.015,False,False
EG,ORWE,2016,245,245,1.0,1.0,4.75,False,False
EG,ORWE,2017,244,244,1.0,1.0,12.135000000000002,False,False
EG,ORWE,2018,243,243,1.0,1.0,8.17,False,False
EG,ORWE,2019,243,243,1.0,1.0,7.05,False,False
EG,ORWE,2020,243,243,1.0,1.0,5.89,False,False
EG,ORWE,2021,244,244,1.0,1.0,8.1,False,False
EG,ORWE,2022,244,244,1.0,1.0,7.529999999999999,False,False
EG,ORWE,2023,242,242,1.0,1.0,15.36,False,False
EG,ORWE,2024,242,242,1.0,1.0,23.57,False,False
EG,ORWE,2025,242,243,0.9958847736625515,1.0,23.105,False,False
EG,ORWE,2026,152,152,1.0,0.993421052631579,22.9,False,True
EG,PHAR,2011,185,207,0.893719806763285,0.8054054054054054,22.21,False,True
EG,PHAR,2012,191,245,0.7795918367346939,0.6020942408376964,20.92,False,False
EG,PHAR,2013,176,243,0.7242798353909465,0.5738636363636364,25.96,False,False
EG,PHAR,2014,193,244,0.7909836065573771,0.6839378238341969,32.0,False,False
EG,PHAR,2015,166,244,0.680327868852459,0.536144578313253,49.65,False,False
EG,PHAR,2016,176,245,0.7183673469387755,0.6306818181818182,43.07,False,False
EG,PHAR,2017,191,244,0.7827868852459017,0.6178010471204188,68.92,False,False
EG,PHAR,2018,162,243,0.6666666666666666,0.6728395061728395,81.84,False,False
EG,PHAR,2019,195,243,0.8024691358024691,0.7384615384615385,57.48,False,False
EG,PHAR,2020,238,243,0.9794238683127572,0.9621848739495799,37.745000000000005,False,False
EG,PHAR,2021,244,244,1.0,0.9918032786885246,32.72,False,False
EG,PHAR,2022,244,244,1.0,1.0,24.585,False,False
EG,PHAR,2023,242,242,1.0,1.0,29.14,False,False
EG,PHAR,2024,242,242,1.0,1.0,43.0,False,False
EG,PHAR,2025,242,243,0.9958847736625515,1.0,51.394999999999996,False,False
EG,PHAR,2026,141,152,0.9276315789473685,0.9929078014184397,84.61,False,True
EG,PHDC,2011,206,207,0.9951690821256038,0.9805825242718447,1.416,False,True
EG,PHDC,2012,245,245,1.0,1.0,1.491,False,False
EG,PHDC,2013,243,243,1.0,1.0,1.785,False,False
EG,PHDC,2014,244,244,1.0,1.0,3.285,False,False
EG,PHDC,2015,244,244,1.0,1.0,2.433,False,False
EG,PHDC,2016,245,245,1.0,1.0,2.411,False,False
EG,PHDC,2017,244,244,1.0,1.0,3.123,False,False
EG,PHDC,2018,243,243,1.0,1.0,3.825,False,False
EG,PHDC,2019,243,243,1.0,1.0,2.33,False,False
EG,PHDC,2020,243,243,1.0,1.0,1.366,False,False
EG,PHDC,2021,244,244,1.0,1.0,1.757,False,False
EG,PHDC,2022,244,244,1.0,1.0,1.474,False,False
EG,PHDC,2023,242,242,1.0,1.0,2.05,False,False
EG,PHDC,2024,242,242,1.0,1.0,4.505000000000001,False,False
EG,PHDC,2025,242,243,0.9958847736625515,1.0,7.654999999999999,False,False
EG,PHDC,2026,152,152,1.0,0.993421052631579,11.18,False,True
EG,PRDC,2021,58,244,0.23770491803278687,1.0,2.5949999999999998,False,True
EG,PRDC,2022,244,244,1.0,1.0,1.82,False,False
EG,PRDC,2023,242,242,1.0,1.0,2.075,False,False
EG,PRDC,2024,242,242,1.0,1.0,3.105,False,False
EG,PRDC,2025,242,243,0.9958847736625515,1.0,3.33,False,False
EG,PRDC,2026,152,152,1.0,0.993421052631579,5.085,False,True
EG,RAYA,2011,207,207,1.0,0.2463768115942029,0.07,False,True
EG,RAYA,2012,245,245,1.0,0.39591836734693875,0.08,False,False
EG,RAYA,2013,243,243,1.0,0.3004115226337449,0.09,False,False
EG,RAYA,2014,243,244,0.9959016393442623,0.48148148148148145,0.14,False,False
EG,RAYA,2015,243,244,0.9959016393442623,0.3004115226337449,0.1,False,False
EG,RAYA,2016,243,245,0.9918367346938776,0.2839506172839506,0.1,False,False
EG,RAYA,2017,242,244,0.9918032786885246,0.7933884297520661,0.27,False,False
EG,RAYA,2018,242,243,0.9958847736625515,0.7066115702479339,0.29,False,False
EG,RAYA,2019,207,243,0.8518518518518519,0.45410628019323673,0.25,False,False
EG,RAYA,2020,220,243,0.9053497942386831,0.6090909090909091,0.26,False,False
EG,RAYA,2021,244,244,1.0,0.9713114754098361,1.3450000000000002,False,False
EG,RAYA,2022,244,244,1.0,1.0,1.2,False,False
EG,RAYA,2023,242,242,1.0,1.0,1.22,False,False
EG,RAYA,2024,242,242,1.0,1.0,2.3,False,False
EG,RAYA,2025,242,243,0.9958847736625515,1.0,2.85,False,False
EG,RAYA,2026,152,152,1.0,0.993421052631579,6.324999999999999,False,True
EG,RMDA,2019,25,243,0.102880658436214,0.6,1.66,False,True
EG,RMDA,2020,242,243,0.9958847736625515,0.9504132231404959,1.53,False,False
EG,RMDA,2021,244,244,1.0,1.0,1.09,False,False
EG,RMDA,2022,244,244,1.0,1.0,1.2,False,False
EG,RMDA,2023,242,242,1.0,1.0,1.15,False,False
EG,RMDA,2024,242,242,1.0,1.0,1.9249999999999998,False,False
EG,RMDA,2025,242,243,0.9958847736625515,1.0,3.24,False,False
EG,RMDA,2026,152,152,1.0,0.993421052631579,4.625,False,True
EG,SCEM,2011,207,207,1.0,0.9951690821256038,35.51,False,True
EG,SCEM,2012,245,245,1.0,1.0,20.59,False,False
EG,SCEM,2013,243,243,1.0,0.9958847736625515,15.54,False,False
EG,SCEM,2014,242,244,0.9918032786885246,0.9669421487603306,26.619999999999997,False,False
EG,SCEM,2015,216,244,0.8852459016393442,0.8287037037037037,23.345,False,False
EG,SCEM,2016,221,245,0.9020408163265307,0.8371040723981901,18.41,False,False
EG,SCEM,2017,243,244,0.9959016393442623,0.9794238683127572,15.66,False,False
EG,SCEM,2018,231,243,0.9506172839506173,0.9393939393939394,11.27,False,False
EG,SCEM,2019,222,243,0.9135802469135802,0.7792792792792793,7.45,False,False
EG,SCEM,2020,223,243,0.9176954732510288,0.8654708520179372,4.61,False,False
EG,SCEM,2021,239,244,0.9795081967213115,0.9707112970711297,5.97,False,False
EG,SCEM,2022,227,244,0.930327868852459,0.9295154185022027,6.4,False,False
EG,SCEM,2023,242,242,1.0,1.0,5.79,False,False
EG,SCEM,2024,242,242,1.0,1.0,12.495000000000001,False,False
EG,SCEM,2025,242,243,0.9958847736625515,1.0,42.565,False,False
EG,SCEM,2026,141,152,0.9276315789473685,0.9929078014184397,62.15,False,True
EG,SWDY,2011,207,207,1.0,0.9951690821256038,2.61,False,True
EG,SWDY,2012,241,245,0.9836734693877551,0.9543568464730291,2.32,False,False
EG,SWDY,2013,238,243,0.9794238683127572,0.9495798319327731,2.2,False,False
EG,SWDY,2014,239,244,0.9795081967213115,0.9079497907949791,3.5,False,False
EG,SWDY,2015,240,244,0.9836065573770492,0.9583333333333334,4.63,False,False
EG,SWDY,2016,244,245,0.9959183673469387,0.9508196721311475,4.48,False,False
EG,SWDY,2017,244,244,1.0,1.0,8.835,False,False
EG,SWDY,2018,243,243,1.0,1.0,17.77,False,False
EG,SWDY,2019,243,243,1.0,1.0,14.0,False,False
EG,SWDY,2020,243,243,1.0,1.0,7.83,False,False
EG,SWDY,2021,244,244,1.0,1.0,8.6,False,False
EG,SWDY,2022,244,244,1.0,1.0,7.785,False,False
EG,SWDY,2023,242,242,1.0,1.0,18.91,False,False
EG,SWDY,2024,242,242,1.0,1.0,47.254999999999995,False,False
EG,SWDY,2025,242,243,0.9958847736625515,0.9958677685950413,77.36,False,False
EG,SWDY,2026,140,152,0.9210526315789473,0.9928571428571429,81.86,False,True
EG,TMGH,2011,207,207,1.0,0.9903381642512077,3.97,False,True
EG,TMGH,2012,245,245,1.0,1.0,4.25,False,False
EG,TMGH,2013,243,243,1.0,1.0,4.6,False,False
EG,TMGH,2014,244,244,1.0,1.0,9.285,False,False
EG,TMGH,2015,244,244,1.0,1.0,8.77,False,False
EG,TMGH,2016,245,245,1.0,1.0,5.83,False,False
EG,TMGH,2017,244,244,1.0,1.0,8.5,False,False
EG,TMGH,2018,243,243,1.0,1.0,10.9,False,False
EG,TMGH,2019,243,243,1.0,1.0,10.69,False,False
EG,TMGH,2020,243,243,1.0,1.0,6.31,False,False
EG,TMGH,2021,244,244,1.0,1.0,7.045,False,False
EG,TMGH,2022,244,244,1.0,1.0,8.245000000000001,False,False
EG,TMGH,2023,242,242,1.0,1.0,9.77,False,False
EG,TMGH,2024,242,242,1.0,1.0,58.260000000000005,False,False
EG,TMGH,2025,242,243,0.9958847736625515,1.0,54.71,False,False
EG,TMGH,2026,152,152,1.0,0.993421052631579,93.8,False,True
IN,INFY,2011,247,247,1.0,1.0,351.63,False,True
IN,INFY,2012,251,251,1.0,1.0,302.5,False,False
IN,INFY,2013,250,250,1.0,1.0,359.12,False,False
IN,INFY,2014,244,244,1.0,1.0,446.16499999999996,False,False
IN,INFY,2015,248,248,1.0,1.0,538.5050000000001,False,False
IN,INFY,2016,247,247,1.0,1.0,538.37,False,False
IN,INFY,2017,248,248,1.0,1.0,475.57500000000005,False,False
IN,INFY,2018,246,246,1.0,1.0,635.615,False,False
IN,INFY,2019,245,245,1.0,0.9959183673469387,735.25,False,False
IN,INFY,2020,251,252,0.996031746031746,1.0,792.25,False,False
IN,INFY,2021,248,248,1.0,1.0,1560.575,False,False
IN,INFY,2022,248,248,1.0,1.0,1539.7649999999999,False,False
IN,INFY,2023,246,246,1.0,1.0,1415.5949999999998,False,False
IN,INFY,2024,249,249,1.0,1.0,1675.81,False,False
IN,INFY,2025,249,249,1.0,1.0,1568.5,False,False
IN,INFY,2026,140,144,0.9722222222222222,1.0,1253.25,False,True
IN,RELIANCE,2011,247,247,1.0,1.0,197.3,False,True
IN,RELIANCE,2012,251,251,1.0,1.0,174.28,False,False
IN,RELIANCE,2013,250,250,1.0,1.0,191.44,False,False
IN,RELIANCE,2014,244,244,1.0,1.0,216.27499999999998,False,False
IN,RELIANCE,2015,248,248,1.0,1.0,203.02499999999998,False,False
IN,RELIANCE,2016,247,247,1.0,1.0,227.82,False,False
IN,RELIANCE,2017,248,248,1.0,1.0,323.27,False,False
IN,RELIANCE,2018,246,246,1.0,1.0,451.23,False,False
IN,RELIANCE,2019,245,245,1.0,1.0,583.11,False,False
IN,RELIANCE,2020,252,252,1.0,1.0,813.875,False,False
IN,RELIANCE,2021,248,248,1.0,1.0,969.56,False,False
IN,RELIANCE,2022,248,248,1.0,1.0,1154.425,False,False
IN,RELIANCE,2023,246,246,1.0,1.0,1156.65,False,False
IN,RELIANCE,2024,249,249,1.0,1.0,1455.03,False,False
IN,RELIANCE,2025,249,249,1.0,1.0,1399.3,False,False
IN,RELIANCE,2026,140,144,0.9722222222222222,1.0,1362.6999999999998,False,True
IN,TMPV,2011,247,247,1.0,1.0,120.19,False,True
IN,TMPV,2012,251,251,1.0,1.0,158.23,False,False
IN,TMPV,2013,250,250,1.0,1.0,180.21,False,False
IN,TMPV,2014,244,244,1.0,1.0,266.22,False,False
IN,TMPV,2015,248,248,1.0,1.0,259.75,False,False
IN,TMPV,2016,247,247,1.0,1.0,276.05,False,False
IN,TMPV,2017,248,248,1.0,1.0,267.67499999999995,False,False
IN,TMPV,2018,246,246,1.0,1.0,166.315,False,False
IN,TMPV,2019,245,245,1.0,1.0,102.23,False,False
IN,TMPV,2020,252,252,1.0,1.0,78.64,False,False
IN,TMPV,2021,248,248,1.0,1.0,192.01,False,False
IN,TMPV,2022,248,248,1.0,1.0,261.32000000000005,False,False
IN,TMPV,2023,246,246,1.0,1.0,356.75,False,False
IN,TMPV,2024,249,249,1.0,1.0,579.7,False,False
IN,TMPV,2025,249,249,1.0,1.0,411.8,False,False
IN,TMPV,2026,144,144,1.0,1.0,351.5,False,True
KR,KAKAO,2011,248,248,1.0,1.0,22840.0,False,True
KR,KAKAO,2012,248,248,1.0,1.0,21520.0,False,False
KR,KAKAO,2013,247,253,0.9762845849802372,1.0,17600.0,False,False
KR,KAKAO,2014,244,296,0.8243243243243243,0.9918032786885246,23450.0,False,False
KR,KAKAO,2015,248,293,0.8464163822525598,1.0,24150.0,False,False
KR,KAKAO,2016,272,295,0.9220338983050848,0.9044117647058824,18830.0,False,False
KR,KAKAO,2017,295,295,1.0,0.823728813559322,22200.0,False,False
KR,KAKAO,2018,300,303,0.9900990099009901,0.8133333333333334,24000.0,False,False
KR,KAKAO,2019,276,285,0.968421052631579,0.8913043478260869,26200.0,False,False
KR,KAKAO,2020,301,301,1.0,0.8239202657807309,69300.0,False,False
KR,KAKAO,2021,297,301,0.9867109634551495,0.8249158249158249,122500.0,False,False
KR,KAKAO,2022,296,300,0.9866666666666667,0.831081081081081,76050.0,False,False
KR,KAKAO,2023,298,299,0.9966555183946488,0.8221476510067114,53000.0,False,False
KR,KAKAO,2024,255,255,1.0,0.9568627450980393,43300.0,False,False
KR,KAKAO,2025,243,243,1.0,0.9958847736625515,56800.0,False,False
KR,KAKAO,2026,139,139,1.0,1.0,47700.0,False,True
KR,LGES,2022,273,300,0.91,0.8315018315018315,442000.0,False,True
KR,LGES,2023,294,299,0.9832775919732442,0.8333333333333334,538000.0,False,False
KR,LGES,2024,254,255,0.996078431372549,0.9606299212598425,387250.0,False,False
KR,LGES,2025,243,243,1.0,0.9958847736625515,350500.0,False,False
KR,LGES,2026,139,139,1.0,1.0,395000.0,False,True
KR,SAMSUNG,2011,90,248,0.3629032258064516,1.0,938000.0,False,True
KR,SAMSUNG,2012,248,248,1.0,1.0,1268000.0,False,False
KR,SAMSUNG,2013,253,253,1.0,0.9802371541501976,1449000.0,False,False
KR,SAMSUNG,2014,296,296,1.0,0.8277027027027027,1300000.0,False,False
KR,SAMSUNG,2015,293,293,1.0,0.8464163822525598,1300000.0,False,False
KR,SAMSUNG,2016,292,295,0.9898305084745763,0.8424657534246576,33020.0,False,False
KR,SAMSUNG,2017,250,295,0.847457627118644,0.972,46870.0,False,False
KR,SAMSUNG,2018,273,303,0.900990099009901,0.9010989010989011,46700.0,False,False
KR,SAMSUNG,2019,277,285,0.9719298245614035,0.8880866425992779,46200.0,False,False
KR,SAMSUNG,2020,301,301,1.0,0.8239202657807309,56600.0,False,False
KR,SAMSUNG,2021,301,301,1.0,0.8239202657807309,80100.0,False,False
KR,SAMSUNG,2022,299,300,0.9966666666666667,0.822742474916388,61800.0,False,False
KR,SAMSUNG,2023,299,299,1.0,0.8193979933110368,68300.0,False,False
KR,SAMSUNG,2024,255,255,1.0,0.9568627450980393,74300.0,False,False
KR,SAMSUNG,2025,243,243,1.0,0.9958847736625515,61700.0,False,False
KR,SAMSUNG,2026,139,139,1.0,1.0,216000.0,False,True
QA,IQCD,2011,251,252,0.996031746031746,1.0,12.382,False,True
QA,IQCD,2012,251,252,0.996031746031746,1.0,12.655,False,False
QA,IQCD,2013,245,247,0.9919028340080972,1.0,15.9,False,False
QA,IQCD,2014,247,248,0.9959677419354839,1.0,18.24,False,False
QA,IQCD,2015,250,250,1.0,1.0,13.545,False,False
QA,IQCD,2016,248,249,0.9959839357429718,1.0,10.5,False,False
QA,IQCD,2017,246,247,0.9959514170040485,1.0,9.869499999999999,False,False
QA,IQCD,2018,249,249,1.0,1.0,11.35,False,False
QA,IQCD,2019,250,250,1.0,1.0,11.303,False,False
QA,IQCD,2020,249,249,1.0,1.0,9.015,False,False
QA,IQCD,2021,249,249,1.0,1.0,13.21,False,False
QA,IQCD,2022,249,249,1.0,1.0,17.12,False,False
QA,IQCD,2023,250,250,1.0,1.0,13.08,False,False
QA,IQCD,2024,249,249,1.0,1.0,12.85,False,False
QA,IQCD,2025,248,248,1.0,1.0,12.6,False,False
QA,IQCD,2026,136,142,0.9577464788732394,1.0,11.955,False,True
QA,QGTS,2011,251,252,0.996031746031746,1.0,1.78,False,True
QA,QGTS,2012,251,252,0.996031746031746,1.0,1.583,False,False
QA,QGTS,2013,246,247,0.9959514170040485,1.0,1.83,False,False
QA,QGTS,2014,247,248,0.9959677419354839,1.0,2.33,False,False
QA,QGTS,2015,247,250,0.988,1.0,2.275,False,False
QA,QGTS,2016,248,249,0.9959839357429718,1.0,2.318,False,False
QA,QGTS,2017,246,247,0.9959514170040485,1.0,1.8125,False,False
QA,QGTS,2018,249,249,1.0,1.0,1.717,False,False
QA,QGTS,2019,250,250,1.0,1.0,2.26,False,False
QA,QGTS,2020,249,249,1.0,1.0,2.63,False,False
QA,QGTS,2021,249,249,1.0,1.0,3.18,False,False
QA,QGTS,2022,249,249,1.0,1.0,3.755,False,False
QA,QGTS,2023,250,250,1.0,1.0,3.742,False,False
QA,QGTS,2024,249,249,1.0,0.9959839357429718,4.214,False,False
QA,QGTS,2025,248,248,1.0,1.0,4.649,False,False
QA,QGTS,2026,136,142,0.9577464788732394,1.0,4.4,False,True
QA,QNB,2011,250,252,0.9920634920634921,1.0,9.725,False,True
QA,QNB,2012,250,252,0.9920634920634921,1.0,10.1265,False,False
QA,QNB,2013,246,247,0.9959514170040485,1.0,11.9695,False,False
QA,QNB,2014,247,248,0.9959677419354839,1.0,14.583,False,False
QA,QNB,2015,249,250,0.996,1.0,14.205,False,False
QA,QNB,2016,247,249,0.9919678714859438,1.0,12.909,False,False
QA,QNB,2017,245,247,0.9919028340080972,1.0,13.71,False,False
QA,QNB,2018,249,249,1.0,1.0,15.989,False,False
QA,QNB,2019,250,250,1.0,1.0,19.225,False,False
QA,QNB,2020,249,249,1.0,1.0,18.06,False,False
QA,QNB,2021,249,249,1.0,1.0,18.1,False,False
QA,QNB,2022,249,249,1.0,1.0,20.51,False,False
QA,QNB,2023,250,250,1.0,1.0,15.99,False,False
QA,QNB,2024,249,249,1.0,1.0,15.4,False,False
QA,QNB,2025,248,248,1.0,1.0,17.490000000000002,False,False
QA,QNB,2026,142,142,1.0,1.0,17.8,False,True
SA,ACWA,2021,58,250,0.232,1.0,73.8,False,True
SA,ACWA,2022,248,248,1.0,1.0,144.91000000000003,False,False
SA,ACWA,2023,249,249,1.0,1.0,176.45,False,False
SA,ACWA,2024,250,250,1.0,1.0,389.5,False,False
SA,ACWA,2025,251,251,1.0,1.0,244.0,False,False
SA,ACWA,2026,136,153,0.8888888888888888,1.0,181.0,False,True
SA,ALINMA,2011,248,248,1.0,1.0,4.92,False,True
SA,ALINMA,2012,251,251,1.0,1.0,6.52,False,False
SA,ALINMA,2013,248,248,1.0,1.0,6.9350000000000005,False,False
SA,ALINMA,2014,250,250,1.0,1.0,9.42,False,False
SA,ALINMA,2015,251,251,1.0,1.0,10.88,False,False
SA,ALINMA,2016,249,249,1.0,1.0,6.63,False,False
SA,ALINMA,2017,250,250,1.0,1.0,7.529999999999999,False,False
SA,ALINMA,2018,249,249,1.0,1.0,10.42,False,False
SA,ALINMA,2019,250,250,1.0,1.0,12.07,False,False
SA,ALINMA,2020,251,251,1.0,1.0,10.53,False,False
SA,ALINMA,2021,250,250,1.0,1.0,14.01,False,False
SA,ALINMA,2022,248,248,1.0,1.0,24.2,False,False
SA,ALINMA,2023,249,249,1.0,1.0,22.17,False,False
SA,ALINMA,2024,250,250,1.0,1.0,26.29,False,False
SA,ALINMA,2025,251,251,1.0,1.0,22.12,False,False
SA,ALINMA,2026,136,153,0.8888888888888888,1.0,23.96,False,True
SA,ARAMCO,2019,14,250,0.056,1.0,29.3,False,True
SA,ARAMCO,2020,251,251,1.0,1.0,27.77,False,False
SA,ARAMCO,2021,250,250,1.0,1.0,29.09,False,False
SA,ARAMCO,2022,248,248,1.0,1.0,33.73,False,False
SA,ARAMCO,2023,249,249,1.0,1.0,32.4,False,False
SA,ARAMCO,2024,250,250,1.0,1.0,28.275,False,False
SA,ARAMCO,2025,251,251,1.0,1.0,25.04,False,False
SA,ARAMCO,2026,136,153,0.8888888888888888,1.0,26.72,False,True
SA,ELM,2022,214,248,0.8629032258064516,1.0,290.5,False,True
SA,ELM,2023,249,249,1.0,1.0,594.0,False,False
SA,ELM,2024,250,250,1.0,1.0,972.4,False,False
SA,ELM,2025,251,251,1.0,1.0,942.0,False,False
SA,ELM,2026,136,153,0.8888888888888888,0.9926470588235294,679.5,False,True
SA,EXTRA,2011,5,248,0.020161290322580645,1.0,24.37,False,True
SA,EXTRA,2012,251,251,1.0,0.9840637450199203,27.66,False,False
SA,EXTRA,2013,248,248,1.0,1.0,39.67,False,False
SA,EXTRA,2014,250,250,1.0,1.0,44.67,False,False
SA,EXTRA,2015,251,251,1.0,1.0,35.62,False,False
SA,EXTRA,2016,249,249,1.0,1.0,12.2,False,False
SA,EXTRA,2017,250,250,1.0,1.0,18.155,False,False
SA,EXTRA,2018,249,249,1.0,1.0,35.55,False,False
SA,EXTRA,2019,250,250,1.0,1.0,45.25,False,False
SA,EXTRA,2020,251,251,1.0,1.0,52.08,False,False
SA,EXTRA,2021,250,250,1.0,1.0,102.03,False,False
SA,EXTRA,2022,248,248,1.0,1.0,92.735,False,False
SA,EXTRA,2023,249,249,1.0,1.0,72.92,False,False
SA,EXTRA,2024,250,250,1.0,1.0,89.82,False,False
SA,EXTRA,2025,251,251,1.0,1.0,89.9,False,False
SA,EXTRA,2026,136,153,0.8888888888888888,1.0,80.5,False,True
SA,MAADEN,2011,248,248,1.0,1.0,7.92,False,True
SA,MAADEN,2012,251,251,1.0,1.0,9.78,False,False
SA,MAADEN,2013,248,248,1.0,1.0,9.455,False,False
SA,MAADEN,2014,250,250,1.0,1.0,11.135000000000002,False,False
SA,MAADEN,2015,251,251,1.0,1.0,12.73,False,False
SA,MAADEN,2016,249,249,1.0,1.0,11.85,False,False
SA,MAADEN,2017,250,250,1.0,1.0,15.84,False,False
SA,MAADEN,2018,249,249,1.0,1.0,17.6,False,False
SA,MAADEN,2019,250,250,1.0,1.0,16.17,False,False
SA,MAADEN,2020,251,251,1.0,1.0,12.88,False,False
SA,MAADEN,2021,250,250,1.0,1.0,21.12,False,False
SA,MAADEN,2022,248,248,1.0,1.0,42.4,False,False
SA,MAADEN,2023,249,249,1.0,1.0,42.47,False,False
SA,MAADEN,2024,250,250,1.0,1.0,49.225,False,False
SA,MAADEN,2025,251,251,1.0,1.0,52.2,False,False
SA,MAADEN,2026,136,153,0.8888888888888888,1.0,65.65,False,True
SA,RAJHI,2011,248,248,1.0,1.0,18.38,False,True
SA,RAJHI,2012,251,251,1.0,1.0,18.31,False,False
SA,RAJHI,2013,248,248,1.0,1.0,18.0,False,False
SA,RAJHI,2014,250,250,1.0,1.0,18.05,False,False
SA,RAJHI,2015,251,251,1.0,1.0,16.02,False,False
SA,RAJHI,2016,249,249,1.0,1.0,15.51,False,False
SA,RAJHI,2017,250,250,1.0,1.0,17.285,False,False
SA,RAJHI,2018,249,249,1.0,1.0,22.8,False,False
SA,RAJHI,2019,250,250,1.0,1.0,27.3,False,False
SA,RAJHI,2020,251,251,1.0,1.0,26.88,False,False
SA,RAJHI,2021,250,250,1.0,1.0,45.83,False,False
SA,RAJHI,2022,248,248,1.0,1.0,59.5,False,False
SA,RAJHI,2023,249,249,1.0,1.0,49.07,False,False
SA,RAJHI,2024,250,250,1.0,1.0,57.33,False,False
SA,RAJHI,2025,251,251,1.0,0.9960159362549801,64.6,False,False
SA,RAJHI,2026,136,153,0.8888888888888888,1.0,67.39,False,True
SA,RIBL,2011,248,248,1.0,1.0,9.22,False,True
SA,RIBL,2012,251,251,1.0,1.0,8.7,False,False
SA,RIBL,2013,248,248,1.0,1.0,9.26,False,False
SA,RIBL,2014,250,250,1.0,1.0,13.8,False,False
SA,RIBL,2015,251,251,1.0,1.0,12.54,False,False
SA,RIBL,2016,249,249,1.0,1.0,8.29,False,False
SA,RIBL,2017,250,250,1.0,1.0,8.135000000000002,False,False
SA,RIBL,2018,249,249,1.0,1.0,11.97,False,False
SA,RIBL,2019,250,250,1.0,1.0,18.07,False,False
SA,RIBL,2020,251,251,1.0,1.0,14.1,False,False
SA,RIBL,2021,250,250,1.0,1.0,19.82,False,False
SA,RIBL,2022,248,248,1.0,1.0,26.53,False,False
SA,RIBL,2023,249,249,1.0,1.0,22.46,False,False
SA,RIBL,2024,250,250,1.0,1.0,20.02,False,False
SA,RIBL,2025,251,251,1.0,1.0,20.92,False,False
SA,RIBL,2026,136,153,0.8888888888888888,1.0,20.85,False,True
SA,RIYADHCABLE,2022,8,248,0.03225806451612903,1.0,38.25,False,True
SA,RIYADHCABLE,2023,249,249,1.0,1.0,63.7,False,False
SA,RIYADHCABLE,2024,250,250,1.0,1.0,104.5,False,False
SA,RIYADHCABLE,2025,251,251,1.0,1.0,134.0,False,False
SA,RIYADHCABLE,2026,153,153,1.0,1.0,119.8,False,True
SA,SABIC,2011,248,248,1.0,1.0,101.5,False,True
SA,SABIC,2012,251,251,1.0,1.0,92.0,False,False
SA,SABIC,2013,248,248,1.0,1.0,94.5,False,False
SA,SABIC,2014,250,250,1.0,1.0,115.5,False,False
SA,SABIC,2015,251,251,1.0,1.0,89.25,False,False
SA,SABIC,2016,249,249,1.0,1.0,82.25,False,False
SA,SABIC,2017,250,250,1.0,1.0,98.55,False,False
SA,SABIC,2018,249,249,1.0,1.0,119.8,False,False
SA,SABIC,2019,250,250,1.0,1.0,113.0,False,False
SA,SABIC,2020,251,251,1.0,1.0,88.5,False,False
SA,SABIC,2021,250,250,1.0,1.0,120.30000000000001,False,False
SA,SABIC,2022,248,248,1.0,1.0,103.69999999999999,False,False
SA,SABIC,2023,249,249,1.0,1.0,88.5,False,False
SA,SABIC,2024,250,250,1.0,1.0,75.75,False,False
SA,SABIC,2025,251,251,1.0,1.0,60.0,False,False
SA,SABIC,2026,136,153,0.8888888888888888,1.0,55.975,False,True
SA,SAVOLA,2011,248,248,1.0,1.0,16.81,False,True
SA,SAVOLA,2012,251,251,1.0,1.0,22.02,False,False
SA,SAVOLA,2013,248,248,1.0,1.0,31.37,False,False
SA,SAVOLA,2014,250,250,1.0,1.0,44.375,False,False
SA,SAVOLA,2015,251,251,1.0,1.0,44.09,False,False
SA,SAVOLA,2016,249,249,1.0,1.0,23.64,False,False
SA,SAVOLA,2017,250,250,1.0,1.0,25.865000000000002,False,False
SA,SAVOLA,2018,249,249,1.0,1.0,22.54,False,False
SA,SAVOLA,2019,250,250,1.0,1.0,19.76,False,False
SA,SAVOLA,2020,251,251,1.0,1.0,27.32,False,False
SA,SAVOLA,2021,250,250,1.0,1.0,24.75,False,False
SA,SAVOLA,2022,248,248,1.0,1.0,20.86,False,False
SA,SAVOLA,2023,249,249,1.0,1.0,22.78,False,False
SA,SAVOLA,2024,250,250,1.0,0.984,28.92,False,False
SA,SAVOLA,2025,251,251,1.0,1.0,26.44,False,False
SA,SAVOLA,2026,153,153,1.0,1.0,26.08,False,True
SA,SNB,2014,35,250,0.14,0.9142857142857143,29.6,False,True
SA,SNB,2015,251,251,1.0,1.0,30.29,False,False
SA,SNB,2016,249,249,1.0,1.0,20.07,False,False
SA,SNB,2017,250,250,1.0,1.0,23.325000000000003,False,False
SA,SNB,2018,249,249,1.0,1.0,32.99,False,False
SA,SNB,2019,250,250,1.0,1.0,38.81,False,False
SA,SNB,2020,251,251,1.0,0.9960159362549801,28.43,False,False
SA,SNB,2021,250,250,1.0,1.0,41.72,False,False
SA,SNB,2022,248,248,1.0,1.0,50.97,False,False
SA,SNB,2023,249,249,1.0,1.0,36.0,False,False
SA,SNB,2024,250,250,1.0,1.0,35.7,False,False
SA,SNB,2025,251,251,1.0,0.9960159362549801,35.65,False,False
SA,SNB,2026,136,153,0.8888888888888888,1.0,40.61,False,True
SA,STC,2011,248,248,1.0,1.0,14.44,False,True
SA,STC,2012,251,251,1.0,1.0,16.04,False,False
SA,STC,2013,248,248,1.0,1.0,16.38,False,False
SA,STC,2014,250,250,1.0,1.0,27.0,False,False
SA,STC,2015,251,251,1.0,1.0,26.64,False,False
SA,STC,2016,249,249,1.0,0.9959839357429718,25.24,False,False
SA,STC,2017,250,250,1.0,1.0,27.62,False,False
SA,STC,2018,249,249,1.0,1.0,33.3,False,False
SA,STC,2019,250,250,1.0,1.0,40.84,False,False
SA,STC,2020,251,251,1.0,1.0,39.2,False,False
SA,STC,2021,250,250,1.0,1.0,48.04,False,False
SA,STC,2022,248,248,1.0,1.0,40.97,False,False
SA,STC,2023,249,249,1.0,1.0,38.03,False,False
SA,STC,2024,250,250,1.0,1.0,39.865,False,False
SA,STC,2025,251,251,1.0,1.0,42.98,False,False
SA,STC,2026,136,153,0.8888888888888888,1.0,43.32,False,True
US,AAPL,2011,252,252,1.0,1.0,12.75,False,True
US,AAPL,2012,250,250,1.0,1.0,20.805,False,False
US,AAPL,2013,252,252,1.0,1.0,16.465,False,False
US,AAPL,2014,252,252,1.0,1.0,23.475,False,False
US,AAPL,2015,252,252,1.0,1.0,30.075,False,False
US,AAPL,2016,252,253,0.9960474308300395,1.0,26.439999999999998,False,False
US,AAPL,2017,251,251,1.0,1.0,38.19,False,False
US,AAPL,2018,251,251,1.0,1.0,46.51,False,False
US,AAPL,2019,252,252,1.0,1.0,50.75,False,False
US,AAPL,2020,253,253,1.0,1.0,91.63,False,False
US,AAPL,2021,252,252,1.0,1.0,141.305,False,False
US,AAPL,2022,251,251,1.0,1.0,154.09,False,False
US,AAPL,2023,250,250,1.0,1.0,175.47500000000002,False,False
US,AAPL,2024,252,252,1.0,1.0,214.265,False,False
US,AAPL,2025,250,250,1.0,1.0,230.005,False,False
US,AAPL,2026,141,141,1.0,1.0,272.14,False,True
US,NVDA,2011,252,252,1.0,0.9920634920634921,0.39,False,True
US,NVDA,2012,250,250,1.0,0.848,0.33,False,False
US,NVDA,2013,252,252,1.0,0.7103174603174603,0.36,False,False
US,NVDA,2014,252,252,1.0,0.8253968253968254,0.47,False,False
US,NVDA,2015,252,252,1.0,0.9642857142857143,0.56,False,False
US,NVDA,2016,253,253,1.0,0.9960474308300395,1.19,False,False
US,NVDA,2017,251,251,1.0,1.0,3.9,False,False
US,NVDA,2018,251,251,1.0,1.0,6.06,False,False
US,NVDA,2019,252,252,1.0,1.0,4.28,False,False
US,NVDA,2020,253,253,1.0,1.0,9.61,False,False
US,NVDA,2021,252,252,1.0,1.0,19.21,False,False
US,NVDA,2022,251,251,1.0,1.0,17.22,False,False
US,NVDA,2023,250,250,1.0,1.0,41.894999999999996,False,False
US,NVDA,2024,252,252,1.0,1.0,115.295,False,False
US,NVDA,2025,250,250,1.0,1.0,158.79000000000002,False,False
US,NVDA,2026,141,141,1.0,1.0,194.97,False,True
US,TSLA,2011,252,252,1.0,1.0,1.795,False,True
US,TSLA,2012,250,250,1.0,1.0,2.08,False,False
US,TSLA,2013,252,252,1.0,1.0,7.744999999999999,False,False
US,TSLA,2014,252,252,1.0,1.0,14.98,False,False
US,TSLA,2015,252,252,1.0,1.0,15.36,False,False
US,TSLA,2016,252,253,0.9960474308300395,1.0,13.91,False,False
US,TSLA,2017,251,251,1.0,1.0,21.17,False,False
US,TSLA,2018,251,251,1.0,1.0,21.26,False,False
US,TSLA,2019,252,252,1.0,1.0,17.35,False,False
US,TSLA,2020,253,253,1.0,1.0,80.58,False,False
US,TSLA,2021,252,252,1.0,1.0,243.325,False,False
US,TSLA,2022,251,251,1.0,1.0,271.71,False,False
US,TSLA,2023,250,250,1.0,1.0,222.145,False,False
US,TSLA,2024,252,252,1.0,1.0,210.695,False,False
US,TSLA,2025,250,250,1.0,1.0,344.04499999999996,False,False
US,TSLA,2026,141,141,1.0,1.0,403.32,False,True
XAU,GOLD,2010,261,261,1.0,1.0,1213.2,False,True
XAU,GOLD,2011,260,260,1.0,1.0,1544.3,False,False
XAU,GOLD,2012,261,261,1.0,1.0,1662.26,False,False
XAU,GOLD,2013,260,260,1.0,1.0,1369.15,False,False
XAU,GOLD,2014,260,261,0.9961685823754789,0.9961538461538462,1275.75,False,False
XAU,GOLD,2015,261,261,1.0,0.9961685823754789,1167.25,False,False
XAU,GOLD,2016,261,261,1.0,0.9923371647509579,1255.7,False,False
XAU,GOLD,2017,260,260,1.0,0.9961538461538462,1260.92,False,False
XAU,GOLD,2018,259,260,0.9961538461538462,1.0,1266.0,False,False
XAU,GOLD,2019,260,261,0.9961685823754789,0.9961538461538462,1409.125,False,False
XAU,GOLD,2020,262,262,1.0,0.9961832061068703,1775.5900000000001,False,False
XAU,GOLD,2021,261,261,1.0,1.0,1792.63,False,False
XAU,GOLD,2022,260,260,1.0,1.0,1804.245,False,False
XAU,GOLD,2023,259,259,1.0,1.0,1943.33,False,False
XAU,GOLD,2024,260,260,1.0,1.0,2379.8900000000003,False,False
XAU,GOLD,2025,259,259,1.0,1.0,3346.2,False,False
XAU,GOLD,2026,150,156,0.9615384615384616,0.9933333333333333,4605.21,False,True
XAU,SILVER,2011,260,260,1.0,1.0,35.065,False,True
XAU,SILVER,2012,261,261,1.0,1.0,31.7,False,False
XAU,SILVER,2013,260,260,1.0,1.0,22.57,False,False
XAU,SILVER,2014,261,261,1.0,1.0,19.52,False,False
XAU,SILVER,2015,261,261,1.0,1.0,15.8,False,False
XAU,SILVER,2016,261,261,1.0,1.0,17.03,False,False
XAU,SILVER,2017,260,260,1.0,0.9961538461538462,17.014499999999998,False,False
XAU,SILVER,2018,260,260,1.0,1.0,16.064999999999998,False,False
XAU,SILVER,2019,260,261,0.9961685823754789,0.9961538461538462,15.8355,False,False
XAU,SILVER,2020,262,262,1.0,1.0,18.3697,False,False
XAU,SILVER,2021,261,261,1.0,1.0,25.228,False,False
XAU,SILVER,2022,260,260,1.0,1.0,21.7603,False,False
XAU,SILVER,2023,259,259,1.0,1.0,23.4259,False,False
XAU,SILVER,2024,260,260,1.0,1.0,29.049999999999997,False,False
XAU,SILVER,2025,259,259,1.0,1.0,36.7638,False,False
XAU,SILVER,2026,154,156,0.9871794871794872,0.9935064935064936,75.37174999999999,False,True
XPT,PLATINUM,2011,260,260,1.0,0.9884615384615385,1765.0,True,True
XPT,PLATINUM,2012,261,261,1.0,0.9923371647509579,1561.2,True,False
XPT,PLATINUM,2013,260,260,1.0,1.0,1459.4,True,False
XPT,PLATINUM,2014,261,261,1.0,0.9923371647509579,1417.6,True,False
XPT,PLATINUM,2015,261,261,1.0,0.9961685823754789,1064.95,True,False
XPT,PLATINUM,2016,261,261,1.0,1.0,976.0,True,False
XPT,PLATINUM,2017,259,259,1.0,1.0,941.0,True,False
XPT,PLATINUM,2018,259,259,1.0,1.0,863.8,True,False
XPT,PLATINUM,2019,259,259,1.0,1.0,856.5,True,False
XPT,PLATINUM,2020,261,261,1.0,1.0,884.32,True,False
XPT,PLATINUM,2021,261,261,1.0,1.0,1079.1,True,False
XPT,PLATINUM,2022,260,260,1.0,1.0,962.4549999999999,True,False
XPT,PLATINUM,2023,257,257,1.0,1.0,953.51,True,False
XPT,PLATINUM,2024,259,259,1.0,1.0,948.09,True,False
XPT,PLATINUM,2025,258,258,1.0,1.0,1329.22,True,False
XPT,PLATINUM,2026,167,167,1.0,0.9940119760479041,1975.74,True,True
