Date,Price,Open,High,Low,Vol.,Change %
07/07/2026,31.25,31.26,31.66,31.02,2.11M,0.06%
07/06/2026,31.23,31.07,31.48,30.52,2.87M,0.19%
07/05/2026,31.17,31.93,32.39,31.17,3.23M,-2.32%
07/01/2026,31.91,32.41,32.49,31.87,1.04M,-1.66%
06/30/2026,32.45,31.4,32.45,31.01,3.84M,3.18%
06/29/2026,31.45,30.65,32.1,30.17,3.60M,1.45%
06/28/2026,31,31.45,31.45,29.5,2.00M,-1.59%
06/25/2026,31.5,31.5,31.5,30.7,2.26M,0.10%
06/24/2026,31.47,31.2,31.7,30.2,1.59M,0.70%
06/23/2026,31.25,31.2,31.5,30.27,2.23M,-0.16%
06/22/2026,31.3,29.02,31.7,29.02,7.79M,7.89%
06/21/2026,29.01,28.8,29.27,28.6,2.48M,0.73%
06/17/2026,28.8,28.25,28.8,27.4,3.13M,1.66%
06/16/2026,28.33,28.5,28.55,27.77,1.67M,-0.60%
06/15/2026,28.5,28.4,28.81,28.05,3.65M,0.35%
06/14/2026,28.4,28.3,28.6,28.11,3.50M,1.46%
06/11/2026,27.99,27.5,27.99,26.62,3.24M,1.08%
06/10/2026,27.69,27.8,28.49,27.5,6.49M,-0.75%
06/09/2026,27.9,27.3,28.13,27.13,8.79M,5.28%
06/08/2026,26.5,25.53,26.61,25.25,3.36M,3.11%
06/07/2026,25.7,26.19,26.29,25.61,2.26M,-2.39%
06/04/2026,26.33,26.01,26.41,25.91,2.35M,1.35%
06/03/2026,25.98,26.42,26.44,25.9,4.55M,-1.33%
06/02/2026,26.33,26.75,26.75,26.25,2.27M,-1.35%
06/01/2026,26.69,26.8,26.99,26.45,2.08M,0.34%
05/25/2026,26.6,26,26.6,25.9,3.80M,2.78%
05/24/2026,25.88,25.7,26.14,25.6,2.94M,1.41%
05/21/2026,25.52,25.79,26.18,25.3,3.03M,0.08%
05/20/2026,25.5,26.28,26.33,25.25,3.93M,-2.49%
05/19/2026,26.15,26.7,26.71,26.06,5.76M,-1.32%
05/18/2026,26.5,27.61,27.79,25.8,6.87M,-3.64%
05/17/2026,27.5,29.17,29.17,27.42,6.20M,-5.79%
05/14/2026,29.19,28.8,29.19,28.23,3.13M,1.35%
05/13/2026,28.8,29.3,29.5,28.75,5.88M,-1.71%
05/12/2026,29.3,29,29.3,28.64,5.13M,2.09%
05/11/2026,28.7,28.51,28.85,28.11,4.60M,0.70%
05/10/2026,28.5,28.02,28.7,27.6,10.91M,3.30%
05/06/2026,27.59,26.71,27.65,26.7,3.48M,3.72%
05/05/2026,26.6,26.54,26.88,26.3,1.32M,-1.04%
05/04/2026,26.88,26.7,27.41,26.26,4.98M,1.05%
05/03/2026,26.6,26.6,26.8,26.45,2.25M,0.57%
04/30/2026,26.45,27,27.04,26.45,1.38M,-2.00%
04/29/2026,26.99,26.4,27,26.12,1.82M,2.16%
04/28/2026,26.42,27.1,27.2,26.4,2.34M,-2.33%
04/27/2026,27.05,27.1,27.19,26.75,1.89M,-0.18%
04/26/2026,27.1,28.02,28.1,26.85,3.73M,-2.52%
04/23/2026,27.8,27.4,28.55,27.27,8.23M,2.02%
04/22/2026,27.25,27.99,27.99,27.02,3.19M,-1.98%
04/21/2026,27.8,27.2,28.08,27.01,3.41M,2.13%
04/20/2026,27.22,27.45,27.8,27.01,1.54M,-2.26%
04/19/2026,27.85,27.75,28.7,27.4,3.49M,0.54%
04/16/2026,27.7,27.02,28.73,26.75,6.97M,2.63%
04/15/2026,26.99,26.25,27.25,26.2,5.40M,3.17%
04/14/2026,26.16,25.59,26.5,25.25,2.92M,1.99%
04/12/2026,25.65,26.05,25.65,25.65,4.05M,0.00%
04/09/2026,25.65,26.05,26.05,25.52,4.05M,-1.54%
04/08/2026,26.05,24.98,26.19,24.91,8.44M,7.07%
04/07/2026,24.33,24.5,24.68,24.31,1.55M,-0.73%
04/06/2026,24.51,24.55,24.93,24.5,2.32M,-0.16%
04/05/2026,24.55,24.7,24.84,24.3,1.83M,-0.20%
04/02/2026,24.6,25,25,24.56,3.41M,-1.60%
04/01/2026,25,24.15,25.09,24.15,4.93M,3.73%
03/31/2026,24.1,24.38,24.55,24.1,2.01M,-1.43%
03/30/2026,24.45,24.25,24.87,24.03,3.51M,0.87%
03/29/2026,24.24,24.6,24.79,24.1,2.07M,-2.26%
03/26/2026,24.8,24.76,24.84,24.56,1.28M,0.16%
03/25/2026,24.76,24.8,24.99,24.42,4.41M,-0.20%
03/24/2026,24.81,25.35,25.87,24.65,3.52M,-0.44%
03/18/2026,24.92,24.55,25.14,24.38,5.38M,2.05%
03/17/2026,24.42,24.09,24.5,24.01,5.71M,1.54%
03/16/2026,24.05,24.65,24.79,23.92,3.03M,-2.24%
03/15/2026,24.6,25.36,25.38,24.55,2.93M,-2.61%
03/12/2026,25.26,25.81,26,24.81,5.05M,-2.81%
03/11/2026,25.99,26,26.46,25.61,2.21M,0.35%
03/10/2026,25.9,25,25.9,24.82,12.56M,5.11%
03/09/2026,24.64,25.8,25.83,23.95,11.47M,-4.09%
03/08/2026,25.69,27.1,27.24,25.51,4.07M,-4.85%
03/05/2026,27,27,27.85,26.85,3.43M,0.60%
03/04/2026,26.84,27.98,27.98,25.99,3.62M,-3.52%
03/03/2026,27.82,28,28.17,27.25,1.18M,-1.24%
03/02/2026,28.17,27.9,28.2,27.52,876.98K,1.33%
03/01/2026,27.8,27.1,28.27,26.1,2.59M,-2.63%
02/26/2026,28.55,28.91,29.28,28.55,970.29K,-1.28%
02/25/2026,28.92,29.99,30,28.7,950.63K,-3.63%
02/24/2026,30.01,30.2,30.35,29.56,638.28K,-0.63%
02/23/2026,30.2,29.2,30.3,29.2,2.30M,3.60%
02/22/2026,29.15,30.57,30.93,28.63,3.61M,-4.65%
02/19/2026,30.57,31.12,31.61,30.2,2.93M,-1.48%
02/18/2026,31.03,30.74,31.6,30.45,6.03M,1.21%
02/17/2026,30.66,30.51,30.85,30.4,358.54K,0.52%
02/16/2026,30.5,31.01,31.3,30.2,1.94M,-0.72%
02/15/2026,30.72,30.68,31.13,30.32,3.31M,0.99%
02/12/2026,30.42,30.55,31.2,30.01,2.23M,-0.59%
02/11/2026,30.6,31.45,31.45,30.52,1.78M,-2.55%
02/10/2026,31.4,31.14,31.58,30.2,5.57M,0.83%
02/09/2026,31.14,29.9,31.2,29.8,6.51M,4.85%
02/08/2026,29.7,30.92,31.05,29.37,3.11M,-3.45%
02/05/2026,30.76,31.51,31.9,30.1,2.13M,-2.35%
02/04/2026,31.5,31.8,32.5,31.11,1.32M,-0.91%
02/03/2026,31.79,31.03,33.4,31,4.25M,2.55%
02/02/2026,31,30.5,31,29.8,2.06M,1.97%
02/01/2026,30.4,30.62,31.38,30.12,1.45M,-2.03%
01/28/2026,31.03,31.44,31.75,30.6,3.06M,-1.18%
01/27/2026,31.4,31.63,31.9,30.89,1.87M,-0.63%
01/26/2026,31.6,30,31.8,30,9.39M,5.33%
01/25/2026,30,30.18,30.18,29.5,2.28M,2.18%
01/22/2026,29.36,29.01,30.25,28.5,6.29M,1.56%
01/21/2026,28.91,29.49,30.25,28.6,4.11M,-1.36%
01/20/2026,29.31,28,30.44,28,8.20M,4.68%
01/19/2026,28,26.88,28.2,26.66,3.72M,4.13%
01/18/2026,26.89,26.4,26.95,26.1,623.96K,3.42%
01/15/2026,26,27.33,27.49,25.7,2.32M,-4.83%
01/14/2026,27.32,28.05,28.25,26.83,1.48M,-2.43%
01/13/2026,28,27.21,29.25,27.2,6.56M,3.28%
01/12/2026,27.11,26.2,27.88,26.11,4.49M,3.99%
01/11/2026,26.07,26.2,26.55,25.9,995.32K,-0.50%
01/08/2026,26.2,26.6,26.8,26.1,920.80K,-1.50%
01/06/2026,26.6,25.9,26.75,25.75,1.24M,2.98%
01/05/2026,25.83,26,26.3,25.34,1.48M,-0.65%
01/04/2026,26,27.1,27.15,25.72,1.44M,-3.70%
12/31/2025,27,26.49,27,26.32,2.17M,1.93%
12/30/2025,26.49,27,27.15,26.4,1.22M,-1.89%
12/29/2025,27,27.2,27.25,26.7,879.37K,-0.74%
12/28/2025,27.2,27.05,27.39,26.5,621.03K,0.78%
12/25/2025,26.99,27,27.14,26.91,812.05K,0.71%
12/24/2025,26.8,26.93,27.55,26.7,2.12M,-0.74%
12/23/2025,27,26.89,27,26.1,894.45K,1.85%
12/22/2025,26.51,26.98,27.3,26.5,866.82K,-1.52%
12/21/2025,26.92,27,27,26.25,851.84K,-0.26%
12/18/2025,26.99,26.95,27.1,26,344.23K,0.15%
12/17/2025,26.95,26.9,27.49,26.8,183.15K,-1.64%
12/16/2025,27.4,27.64,27.79,27,2.64M,-0.87%
12/15/2025,27.64,26.69,27.66,26.4,3.05M,4.34%
12/14/2025,26.49,26.39,27.05,26.18,1.86M,0.72%
12/11/2025,26.3,25.83,26.4,25.8,1.26M,1.58%
12/10/2025,25.89,26,26.2,25.79,386.57K,-0.42%
12/09/2025,26,26.05,26.28,25.78,1.11M,-0.19%
12/08/2025,26.05,26,26.47,26,554.71K,0.23%
12/07/2025,25.99,26.26,26.26,25.53,1.21M,-1.03%
12/04/2025,26.26,25,26.27,24.68,669.14K,5.04%
12/03/2025,25,25.48,25.48,24.91,1.46M,-1.30%
12/02/2025,25.33,25.7,25.95,25.32,786.91K,-1.05%
12/01/2025,25.6,26.05,26.45,25.51,982.09K,-1.58%
11/30/2025,26.01,26.15,26.75,25.94,196.06K,-0.50%
11/27/2025,26.14,26.19,26.8,25.5,626.66K,-0.19%
11/26/2025,26.19,26.51,26.85,25.8,1.15M,-1.54%
11/25/2025,26.6,26.85,27,26.48,923.00K,-0.93%
11/24/2025,26.85,26.76,26.99,26.46,974.81K,0.07%
11/23/2025,26.83,26.69,27.39,26.4,758.07K,1.25%
11/20/2025,26.5,26.6,27.25,26.25,891.35K,-0.23%
11/19/2025,26.56,26.9,26.99,26.14,1.39M,-0.49%
11/18/2025,26.69,27.82,27.98,26.5,1.58M,-4.06%
11/17/2025,27.82,28.16,28.48,27.43,789.20K,-0.96%
11/16/2025,28.09,27.76,28.5,27.75,3.22M,1.23%
11/13/2025,27.75,27.35,28.05,27.33,1.91M,1.61%
11/12/2025,27.31,27.31,27.97,27.16,1.33M,0.00%
11/11/2025,27.31,27.3,27.9,26.8,2.18M,0.63%
11/10/2025,27.14,27.75,27.94,26.51,3.62M,-1.20%
11/09/2025,27.47,26.15,28,26.07,4.67M,5.65%
11/06/2025,26,25.91,26.15,25.3,2.60M,0.35%
11/05/2025,25.91,25.6,25.95,24.5,1.51M,0.86%
11/04/2025,25.69,25.25,25.71,25.03,865.28K,2.64%
11/03/2025,25.03,24.88,25.5,24.57,5.37M,0.85%
11/02/2025,24.82,24.76,24.9,24.4,544.54K,0.94%
10/30/2025,24.59,24.78,24.85,24.5,845.11K,0.33%
10/29/2025,24.51,24.42,24.62,24.24,2.53M,0.33%
10/28/2025,24.43,24.9,24.92,24.04,2.04M,-2.01%
10/27/2025,24.93,25.2,25.33,24.63,479.42K,-1.62%
10/26/2025,25.34,25.2,25.5,24.96,1.43M,0.68%
10/23/2025,25.17,24.8,25.18,24.5,14.52M,1.49%
10/22/2025,24.8,24.47,25,24.18,2.20M,1.35%
10/21/2025,24.47,24.5,24.6,24.1,1.90M,-0.12%
10/20/2025,24.5,23.96,24.61,23.9,10.25M,2.51%
10/19/2025,23.9,23.2,23.94,23.2,2.51M,3.06%
10/16/2025,23.19,23,23.3,22.8,6.79M,0.83%
10/15/2025,23,22.91,23,22.6,988.46K,0.39%
10/14/2025,22.91,23,23.25,22.9,620.45K,-0.17%
10/13/2025,22.95,23.5,23.5,22.92,1.25M,-2.17%
10/12/2025,23.46,22.79,23.46,22.7,577.57K,2.94%
10/08/2025,22.79,22.63,22.79,22.51,840.40K,0.80%
10/07/2025,22.61,22.73,22.9,22.52,450.35K,-0.40%
10/06/2025,22.7,23.04,23.2,22.7,502.26K,-1.30%
10/05/2025,23,22.83,23.46,22.51,916.44K,2.22%
10/02/2025,22.5,22.9,23,22.5,237.75K,-1.57%
10/01/2025,22.86,22.4,23,21.92,1.30M,2.05%
09/30/2025,22.4,22.7,22.73,22.38,1.02M,-1.32%
09/29/2025,22.7,22.17,22.7,21.85,892.17K,2.48%
09/28/2025,22.15,21.85,22.17,21.61,570.47K,1.37%
09/25/2025,21.85,21.5,21.85,21.36,1.06M,1.63%
09/24/2025,21.5,21.45,21.58,21.25,380.05K,0.23%
09/23/2025,21.45,21.8,21.83,21.3,1.50M,-1.74%
09/22/2025,21.83,21.51,21.86,21.42,329.25K,1.06%
09/21/2025,21.6,22.01,22.13,21.3,893.37K,-1.82%
09/18/2025,22,22.01,22.3,21.03,1.62M,0.00%
09/17/2025,22,21.98,22.1,21.6,1.16M,0.00%
09/16/2025,22,22.34,22.77,21.3,1.01M,-1.21%
09/15/2025,22.27,23.75,23.77,19.1,1.07M,-5.64%
09/14/2025,23.6,23.78,23.87,23.5,939.52K,-0.76%
09/11/2025,23.78,23.5,24,23.41,736.64K,1.36%
09/10/2025,23.46,23.51,23.68,23.33,362.08K,-0.17%
09/09/2025,23.5,23.3,23.5,23.25,390.35K,1.03%
09/08/2025,23.26,23.6,24.05,23.26,460.27K,-1.44%
09/07/2025,23.6,24.25,24.48,23.25,764.90K,-2.36%
09/03/2025,24.17,24.9,24.95,23.88,1.09M,-3.09%
09/02/2025,24.94,24.99,25.1,24.6,505.42K,-0.20%
09/01/2025,24.99,25,25.2,24.4,603.12K,0.08%
08/31/2025,24.97,25.5,25.7,24.9,484.04K,-2.08%
08/28/2025,25.5,25.27,25.51,24.9,445.92K,1.31%
08/27/2025,25.17,25.5,25.5,24.8,1.15M,-1.64%
08/26/2025,25.59,25.75,25.9,25.2,946.62K,-0.81%
08/25/2025,25.8,26,26,25.5,246.74K,-0.77%
08/24/2025,26,26.1,26.45,25.6,1.12M,-0.34%
08/21/2025,26.09,25.78,26.09,25.25,584.34K,1.16%
08/20/2025,25.79,26.47,26.5,25.15,1.28M,-2.57%
08/19/2025,26.47,26.6,26.8,25.86,1.20M,-0.15%
08/18/2025,26.51,25.44,26.97,25.4,3.24M,4.78%
08/17/2025,25.3,24.98,25.35,24.62,1.35M,1.28%
08/14/2025,24.98,24.51,25.15,24.31,734.21K,1.92%
08/13/2025,24.51,24.97,25.44,24.36,1.27M,-1.57%
08/12/2025,24.9,25,25,24.51,1.03M,0.40%
08/11/2025,24.8,24.42,25.2,24.3,1.68M,1.22%
08/10/2025,24.5,24.51,24.9,24.41,358.18K,0.00%
08/07/2025,24.5,24.22,24.77,24.2,730.07K,1.20%
08/06/2025,24.21,24.8,25,24.2,1.05M,-2.38%
08/05/2025,24.8,25.02,25.3,24.77,920.02K,-1.16%
08/04/2025,25.09,25.24,25.49,24.88,340.01K,-0.55%
08/03/2025,25.23,25.44,25.7,25.11,559.64K,-1.02%
07/31/2025,25.49,24.49,25.49,24.18,2.30M,4.90%
07/30/2025,24.3,24.53,24.7,24,931.44K,-0.82%
07/29/2025,24.5,24.15,25.17,23.83,1.79M,1.66%
07/28/2025,24.1,23.69,24.3,23.61,2.30M,2.12%
07/27/2025,23.6,23.67,23.8,23.26,544.95K,0.73%
07/23/2025,23.43,23.6,23.88,23.27,1.29M,0.09%
07/22/2025,23.41,24.02,24.28,23.36,1.71M,-2.50%
07/21/2025,24.01,24.99,25,24,1.94M,-3.50%
07/20/2025,24.88,24.81,25.24,24.6,1.07M,0.28%
07/17/2025,24.81,24.13,25,24,2.73M,2.82%
07/16/2025,24.13,23.95,24.25,23.8,2.60M,0.54%
07/15/2025,24,23.5,24.25,23.3,1.20M,2.13%
07/14/2025,23.5,23.75,23.98,23.11,797.70K,-1.05%
07/13/2025,23.75,23.65,24.5,23.55,3.28M,0.81%
07/10/2025,23.56,23,23.97,23,2.74M,2.43%
07/09/2025,23,21.94,23.17,21.88,3.40M,4.83%
07/07/2025,21.94,22.3,22.31,21.93,378.05K,-1.17%
07/06/2025,22.2,21.95,22.29,21.95,727.34K,1.37%
07/02/2025,21.9,21.87,22.18,21.57,961.92K,1.62%
07/01/2025,21.55,22.97,23.13,21.55,994.98K,-5.90%
06/30/2025,22.9,23.24,23.5,22.9,1.13M,-2.51%
06/29/2025,23.49,23.6,23.6,22.94,3.33M,-0.84%
06/25/2025,23.69,22.91,23.69,22.55,666.17K,3.90%
06/24/2025,22.8,22.7,23.5,22.7,939.79K,1.33%
06/23/2025,22.5,22.6,23.7,22.11,979.69K,-0.62%
06/22/2025,22.64,21,22.89,20.83,1.69M,3.85%
06/19/2025,21.8,21.89,21.99,21.02,666.96K,-0.37%
06/18/2025,21.88,21.5,21.93,20.83,733.92K,0.09%
06/17/2025,21.86,21.54,21.86,21,798.73K,-0.64%
06/16/2025,22,21.96,22.7,20.75,2.95M,0.82%
06/15/2025,21.82,23.14,23.14,21.6,1.09M,-9.42%
06/12/2025,24.09,23.99,24.09,23.12,636.29K,-1.63%
06/11/2025,24.49,23.9,24.49,23.2,307.45K,4.04%
06/10/2025,23.54,23.8,23.95,23,299.26K,-1.92%
06/04/2025,24,22.5,24,22.5,546.75K,7.29%
06/03/2025,22.37,23.02,23.02,22.25,1.39M,-2.82%
06/02/2025,23.02,23.8,24.09,22.81,1.06M,-2.91%
06/01/2025,23.71,22.46,24,22.46,2.64M,5.61%
05/29/2025,22.45,22.55,22.67,22.26,317.44K,-0.22%
05/28/2025,22.5,23.01,23.19,22.4,1.54M,-2.00%
05/27/2025,22.96,21.85,23.1,21.68,5.01M,6.30%
05/26/2025,21.6,21.02,21.85,21.01,974.08K,2.86%
05/25/2025,21,21.86,21.86,21,588.82K,-1.87%
05/22/2025,21.4,21.85,22.2,21.13,465.59K,-2.06%
05/21/2025,21.85,21.3,22,21,631.32K,2.78%
05/20/2025,21.26,20.44,21.3,20.34,190.98K,4.68%
05/19/2025,20.31,20.57,20.8,20.26,173.40K,-1.07%
05/18/2025,20.53,21,21.35,20.51,385.82K,-2.19%
05/15/2025,20.99,21.74,21.85,20.92,921.72K,-3.41%
05/14/2025,21.73,21.75,21.8,21.5,677.08K,0.79%
05/13/2025,21.56,21.59,21.6,21.22,104.70K,1.60%
05/12/2025,21.22,21.34,21.59,21.01,266.61K,1.00%
05/11/2025,21.01,21.32,21.7,21,270.18K,-2.28%
05/08/2025,21.5,21.6,21.79,21.03,598.87K,-0.46%
05/07/2025,21.6,21.99,22,21.58,1.49M,-1.64%
05/06/2025,21.96,22.27,22.6,21.91,406.78K,-1.35%
05/05/2025,22.26,22.64,22.94,22.09,283.82K,-1.72%
05/04/2025,22.65,22.51,22.7,22.3,222.44K,1.30%
04/30/2025,22.36,22.5,22.67,22.3,243.10K,-0.58%
04/29/2025,22.49,22.9,23,22.35,1.12M,-1.62%
04/28/2025,22.86,23,23.2,22.45,607.01K,-0.78%
04/27/2025,23.04,22.99,23.5,22.8,627.63K,1.23%
04/23/2025,22.76,22.7,23.01,22.7,786.89K,0.31%
04/22/2025,22.69,23.69,23.75,22.62,2.27M,-1.30%
04/17/2025,22.99,22.35,23.2,22,1.21M,2.86%
04/16/2025,22.35,23,23.25,22.3,531.70K,-2.83%
04/15/2025,23,22.95,23.05,22.45,888.88K,0.57%
04/14/2025,22.87,21.29,23.25,21.15,3.14M,8.54%
04/13/2025,21.07,21.76,21.76,21.02,2.02M,-2.00%
04/10/2025,21.5,21.6,21.98,21.21,1.89M,4.22%
04/09/2025,20.63,21.2,21.99,20.6,2.57M,-2.50%
04/08/2025,21.16,21.14,21.75,21.02,1.14M,0.71%
04/07/2025,21.01,20.99,21.5,20.12,3.60M,0.53%
04/06/2025,20.9,20.98,22.4,19.8,2.41M,-3.33%
04/03/2025,21.62,20.25,21.75,20.25,1.29M,6.77%
03/27/2025,20.25,19.66,20.39,19.5,2.79M,3.85%
03/26/2025,19.5,18.78,21.2,18.51,5.77M,3.83%
03/25/2025,18.78,18.75,18.88,18.26,866.90K,0.81%
03/24/2025,18.63,18.85,18.9,18.11,565.10K,-0.37%
03/23/2025,18.7,19.5,19.74,18.6,540.00K,-4.10%
03/20/2025,19.5,17.98,19.5,17.98,1.03M,8.15%
03/19/2025,18.03,18.2,18.5,17.98,1.13M,-1.80%
03/18/2025,18.36,18.4,18.65,17.75,1.20M,-0.22%
03/17/2025,18.4,18.46,18.8,18.1,239.82K,-0.38%
03/16/2025,18.47,18.7,18.95,18.41,63.86K,-0.16%
03/13/2025,18.5,18.55,19.19,18.25,1.21M,0.00%
03/12/2025,18.5,17,19.19,17,3.97M,8.82%
03/11/2025,17,16.99,17.09,16.8,473.59K,-0.06%
03/10/2025,17.01,17.03,17.1,16.88,341.24K,-0.12%
03/09/2025,17.03,17.1,17.35,17,376.76K,-0.47%
03/06/2025,17.11,17.02,17.2,17,189.33K,0.65%
03/05/2025,17,17.3,17.47,16.8,388.50K,-1.45%
03/04/2025,17.25,17.5,17.79,17.16,575.45K,-1.48%
03/03/2025,17.51,17.2,17.57,17.17,532.36K,1.86%
03/02/2025,17.19,17.19,17.3,16.98,907.60K,1.42%
02/27/2025,16.95,17,17.3,16.8,594.52K,0.41%
02/26/2025,16.88,17.2,17.34,16.86,715.57K,-1.86%
02/25/2025,17.2,17.23,17.4,17.02,777.83K,-0.52%
02/24/2025,17.29,17.37,17.6,17.13,1.13M,-0.46%
02/23/2025,17.37,16.63,17.4,16.53,1.49M,3.95%
02/20/2025,16.71,16.7,17,16.7,688.46K,0.06%
02/19/2025,16.7,16.65,17,16.46,885.00K,0.60%
02/18/2025,16.6,16.8,16.82,16.34,713.06K,-1.31%
02/17/2025,16.82,16.18,16.84,16,2.61M,5.12%
02/16/2025,16,15.9,16.18,15.7,439.56K,0.06%
02/13/2025,15.99,16.21,16.21,15.7,819.11K,-1.05%
02/12/2025,16.16,15.63,16.18,14.89,1.67M,3.46%
02/11/2025,15.62,16.01,16.25,15.5,1.01M,-3.46%
02/10/2025,16.18,16.28,16.39,15.9,720.45K,-0.12%
02/09/2025,16.2,16.26,16.45,16.1,3.38M,-0.31%
02/06/2025,16.25,16.13,16.33,16.13,211.10K,0.62%
02/05/2025,16.15,16.29,16.45,16.06,423.42K,-0.68%
02/04/2025,16.26,16.54,16.74,16.02,851.27K,-1.57%
02/03/2025,16.52,16.55,16.79,16.51,418.73K,-0.54%
02/02/2025,16.61,16.97,17.05,16.51,1.85M,-0.84%
01/30/2025,16.75,17,17.11,16.65,784.60K,-1.12%
01/29/2025,16.94,16.49,16.99,16.43,676.62K,2.67%
01/28/2025,16.5,16.37,16.65,16.37,295.48K,0.92%
01/27/2025,16.35,16.9,17.1,16.35,1.68M,-2.62%
01/26/2025,16.79,16.54,16.8,16.41,571.12K,2.32%
01/23/2025,16.41,16.48,16.5,16.36,471.60K,0.00%
01/22/2025,16.41,16.53,16.8,16.32,686.11K,-0.67%
01/21/2025,16.52,16.56,16.79,16.5,526.24K,0.06%
01/20/2025,16.51,16.7,16.95,16.5,629.66K,-1.20%
01/19/2025,16.71,16.6,16.9,16.58,377.37K,1.33%
01/16/2025,16.49,16.39,16.59,16.12,830.80K,1.41%
01/15/2025,16.26,16.5,16.7,16,1.27M,-0.25%
01/14/2025,16.3,16.7,16.78,16,816.42K,-1.21%
01/13/2025,16.5,17.05,17.45,16.45,3.38M,-3.23%
01/12/2025,17.05,16.8,17.05,16.65,923.13K,1.13%
01/09/2025,16.86,17.36,17.73,16.81,3.18M,-2.54%
01/08/2025,17.3,17.32,17.6,17.2,598.58K,-0.63%
01/06/2025,17.41,17.7,17.96,17.32,741.22K,-1.58%
01/05/2025,17.69,17.88,18.05,17.6,1.41M,-0.62%
01/02/2025,17.8,17.2,18.06,17.2,2.62M,3.91%
12/31/2024,17.13,16.99,17.2,16.73,784.60K,1.24%
12/30/2024,16.92,16.6,17.19,16.36,1.80M,1.62%
12/29/2024,16.65,16.1,16.75,16,1.64M,4.06%
12/26/2024,16,15.76,16.15,15.56,2.85M,1.59%
12/25/2024,15.75,16.38,16.47,15.3,1.08M,-3.61%
12/24/2024,16.34,16.29,16.65,16.02,1.77M,0.25%
12/23/2024,16.3,16.4,16.58,15.85,3.67M,-0.12%
12/22/2024,16.32,16.8,16.94,16.3,1.95M,-2.28%
12/19/2024,16.7,16.5,16.84,16.2,3.01M,0.24%
12/18/2024,16.66,17.4,17.48,16.51,5.36M,-4.75%
12/17/2024,17.49,15.96,17.49,15.91,13.67M,10.07%
12/16/2024,15.89,15.16,15.95,15.16,7.30M,4.40%
12/15/2024,15.22,15.2,15.33,14.95,2.23M,0.53%
12/12/2024,15.14,14.53,15.19,14.53,3.42M,4.41%
12/11/2024,14.5,15,15.28,14.5,2.04M,-3.40%
12/10/2024,15.01,15.14,15.18,14.93,1.96M,-0.92%
12/09/2024,15.15,15,15.45,14.95,5.21M,1.68%
12/08/2024,14.9,14.7,15.1,14.65,5.07M,2.05%
12/05/2024,14.6,14.38,14.7,14.3,2.33M,1.67%
12/04/2024,14.36,14.36,14.6,14.3,708.03K,-0.14%
12/03/2024,14.38,14.65,14.65,14.36,652.64K,-0.83%
12/02/2024,14.5,14.7,14.75,14.45,3.32M,-0.68%
12/01/2024,14.6,14.28,14.63,14.22,1.18M,2.67%
11/28/2024,14.22,14.24,14.32,13.98,529.00K,0.14%
11/27/2024,14.2,14.22,14.4,14,1.46M,0.21%
11/26/2024,14.17,14.2,14.32,14.14,765.76K,0.07%
11/25/2024,14.16,14.23,14.3,14.1,804.35K,-1.05%
11/24/2024,14.31,14.35,14.49,14.16,420.28K,-0.28%
11/21/2024,14.35,14.21,14.5,14.16,1.17M,1.41%
11/20/2024,14.15,14.25,14.39,14.13,574.04K,-0.70%
11/19/2024,14.25,14.32,14.4,14.2,878.25K,-0.28%
11/18/2024,14.29,14.7,14.8,14.29,1.01M,-2.32%
11/17/2024,14.63,14.5,14.74,14.42,1.56M,1.81%
11/14/2024,14.37,14.36,14.48,14.3,1.26M,0.14%
11/13/2024,14.35,14.62,14.7,14.33,1.71M,-1.85%
11/12/2024,14.62,14.83,14.84,14.55,1.25M,-1.08%
11/11/2024,14.78,14.75,14.87,14.7,1.24M,0.20%
11/10/2024,14.75,15.02,15.04,14.74,1.27M,-1.47%
11/07/2024,14.97,14.78,14.98,14.67,6.03M,2.18%
11/06/2024,14.65,14.25,14.9,14.25,7.59M,3.61%
11/05/2024,14.14,14.35,14.48,14.1,2.29M,-0.98%
11/04/2024,14.28,14.49,14.59,14.21,3.94M,-0.90%
11/03/2024,14.41,14.48,14.85,14.35,7.05M,0.42%
10/31/2024,14.35,14.38,14.5,14.23,3.06M,0.91%
10/30/2024,14.22,14.53,14.65,14.01,3.91M,-1.59%
10/29/2024,14.45,14.9,15.05,14.35,3.68M,-3.02%
10/28/2024,14.9,15.2,15.23,14.8,3.70M,-0.93%
10/27/2024,15.04,15.19,15.3,14.9,5.42M,0.13%
10/24/2024,15.02,15.75,15.82,15.02,10.62M,-1.77%
10/23/2024,15.29,14.72,15.58,14.7,19.62M,4.16%
10/22/2024,14.68,14.77,15.22,14.58,8.65M,1.24%
10/21/2024,14.5,14.15,14.6,13.85,1.88M,2.26%
10/20/2024,14.18,14.6,14.69,14.16,495.15K,-2.74%
10/17/2024,14.58,14.7,14.87,14.55,915.71K,-0.21%
10/16/2024,14.61,14.2,15.5,14.2,3.96M,3.25%
10/15/2024,14.15,14.3,14.51,14.09,896.53K,0.43%
10/14/2024,14.09,14.35,14.5,13.45,4.12M,0.57%
10/13/2024,14.01,14.35,14.51,13.94,1.03M,-2.03%
10/10/2024,14.3,14.51,14.8,14.3,987.32K,-1.31%
10/09/2024,14.49,14.1,14.8,14.1,622.87K,3.06%
10/08/2024,14.06,14.9,14.95,14,1.03M,-5.64%
10/07/2024,14.9,15.01,15.25,14.5,1.35M,-0.47%
10/03/2024,14.97,14.63,15.05,14.63,885.33K,2.82%
10/02/2024,14.56,15.2,15.27,14.44,1.24M,-4.59%
10/01/2024,15.26,14.8,15.55,14.8,3.88M,3.46%
09/30/2024,14.75,15.01,15.1,14.7,1.23M,-1.34%
09/29/2024,14.95,14.71,15.2,14.71,2.77M,1.56%
09/26/2024,14.72,14.94,15.1,14.72,2.40M,-0.54%
09/25/2024,14.8,14.31,14.97,14.31,4.92M,3.50%
09/24/2024,14.3,14.05,14.48,14.05,2.56M,1.85%
09/23/2024,14.04,14.6,14.65,13.91,2.24M,-3.31%
09/22/2024,14.52,14.48,14.6,14.37,689.17K,0.35%
09/19/2024,14.47,14.02,14.48,14,2.23M,5.62%
09/18/2024,13.7,13.5,13.8,13.45,185.78K,2.01%
09/17/2024,13.43,13.99,13.99,13.43,300.25K,-2.75%
09/16/2024,13.81,14,14.1,13.81,219.90K,-0.65%
09/12/2024,13.9,14,14.15,13.88,889.64K,0.00%
09/11/2024,13.9,14.11,14.25,13.88,1.42M,-1.49%
09/10/2024,14.11,14.21,14.34,13.97,816.28K,-0.63%
09/09/2024,14.2,14,14.47,13.98,1.00M,1.65%
09/08/2024,13.97,14.51,14.7,13.9,2.33M,-4.45%
09/05/2024,14.62,14.9,15,14.41,1.25M,-1.88%
09/04/2024,14.9,14.84,15.09,14.71,1.24M,-1.13%
09/03/2024,15.07,15.08,15.24,14.91,1.07M,1.07%
09/02/2024,14.91,14.81,15.3,14.76,4.11M,1.08%
09/01/2024,14.75,14.89,15.09,14.72,1.45M,0.00%
08/29/2024,14.75,15.07,15.16,14.71,3.65M,-1.60%
08/28/2024,14.99,14.68,15.3,14.6,6.23M,2.11%
08/27/2024,14.68,14.1,14.69,13.81,3.42M,5.23%
08/26/2024,13.95,14.25,14.4,13.74,2.25M,-1.76%
08/25/2024,14.2,14.7,14.79,14.2,1.32M,-2.87%
08/22/2024,14.62,14.7,14.88,14.51,3.65M,-0.48%
08/21/2024,14.69,14.2,14.8,14.05,11.16M,3.74%
08/20/2024,14.16,13.71,14.16,13.65,3.09M,3.66%
08/19/2024,13.66,13.68,13.74,13.53,866.06K,1.11%
08/18/2024,13.51,13.58,13.8,13.51,1.76M,0.07%
08/15/2024,13.5,13.68,13.75,13.37,1.34M,-0.88%
08/14/2024,13.62,13.7,13.94,13.46,1.32M,-0.15%
08/13/2024,13.64,13.91,14.04,13.62,1.47M,-2.22%
08/12/2024,13.95,14.33,14.44,13.85,2.97M,-1.48%
08/11/2024,14.16,13.89,14.48,13.81,6.60M,4.04%
08/08/2024,13.61,13.42,14.06,13.1,6.78M,1.42%
08/07/2024,13.42,13.36,13.64,13.2,1.98M,0.15%
08/06/2024,13.4,13.17,13.52,13.06,600.58K,2.68%
08/05/2024,13.05,13.1,13.3,11.6,2.27M,-2.76%
08/04/2024,13.42,13.79,13.79,13.26,2.00M,-3.73%
08/01/2024,13.94,14.04,14.25,13.81,4.95M,0.00%
07/31/2024,13.94,13.8,14.09,13.7,2.76M,1.75%
07/30/2024,13.7,13.8,13.9,13.58,2.77M,0.29%
07/29/2024,13.66,13.88,14.07,13.6,1.16M,-0.65%
07/28/2024,13.75,13.68,14.2,13.65,2.20M,0.88%
07/24/2024,13.63,14.25,14.3,13.47,2.89M,-2.99%
07/23/2024,14.05,13.95,14.48,13.86,4.61M,0.86%
07/22/2024,13.93,14.65,14.76,13.92,2.60M,-4.13%
07/21/2024,14.53,14.8,14.89,14.36,4.18M,-1.42%
07/18/2024,14.74,14.62,14.85,14.37,7.40M,5.21%
07/17/2024,14.01,13.37,14.05,13.37,2.91M,5.66%
07/16/2024,13.26,13.32,13.87,13.26,2.10M,-0.30%
07/15/2024,13.3,13.59,13.71,13.26,981.70K,-1.48%
07/14/2024,13.5,14.11,14.18,13.45,2.35M,-4.05%
07/10/2024,14.07,14.87,14.9,14.01,4.06M,-4.02%
07/09/2024,14.66,13.95,15.03,13.55,6.77M,5.09%
07/08/2024,13.95,14.31,14.73,13.91,2.15M,-2.45%
07/07/2024,14.3,14.55,14.85,14.14,1.58M,-1.38%
07/04/2024,14.5,15.02,15.17,14,1.76M,-2.75%
07/03/2024,14.91,15.5,16.2,14.82,4.17M,-3.37%
07/02/2024,15.43,15.74,15.85,15,2.39M,-1.22%
07/01/2024,15.62,14.41,15.84,14.3,4.16M,9.92%
06/27/2024,14.21,14.5,14.7,14.12,932.16K,-2.00%
06/26/2024,14.5,14.8,15.2,14.1,3.55M,-2.03%
06/25/2024,14.8,12.7,15.33,12.7,3.36M,15.81%
06/24/2024,12.78,12.1,12.98,12.1,1.73M,6.50%
06/23/2024,12,11.71,12,11.6,288.55K,2.39%
06/13/2024,11.72,11.35,11.78,11.2,251.81K,3.26%
06/12/2024,11.35,11.21,11.49,11.1,83.43K,-0.53%
06/11/2024,11.41,10.52,11.47,10.52,1.66M,8.77%
06/10/2024,10.49,10.1,10.8,9.91,513.02K,3.86%
06/09/2024,10.1,10.91,10.91,10.09,480.54K,-7.59%
06/06/2024,10.93,11,11.18,10.9,194.30K,-1.18%
06/05/2024,11.06,11.25,11.34,10.86,298.50K,-1.69%
06/04/2024,11.25,11.32,11.33,11.15,195.53K,0.63%
06/03/2024,11.18,10.9,11.3,10.85,290.78K,3.04%
06/02/2024,10.85,11.27,11.49,10.56,577.24K,-3.73%
05/30/2024,11.27,11.62,11.64,11.13,274.49K,-2.93%
05/29/2024,11.61,11.38,12.16,11.38,2.19M,3.48%
05/28/2024,11.22,11.19,11.33,10.85,211.22K,0.36%
05/27/2024,11.18,11.35,11.6,11.11,170.03K,-1.41%
05/26/2024,11.34,11.36,11.77,11.11,218.62K,-0.18%
05/23/2024,11.36,11.2,11.56,11.2,260.83K,1.34%
05/22/2024,11.21,11.5,11.63,10.91,591.42K,-2.01%
05/21/2024,11.44,12,12.38,11.4,679.00K,-4.83%
05/20/2024,12.02,11.84,12.41,11.6,1.49M,0.59%
05/19/2024,11.95,10.4,11.95,10.3,1.62M,15.46%
05/16/2024,10.35,10.29,10.4,10.13,425.06K,2.37%
05/15/2024,10.11,10,10.44,9.81,470.48K,1.61%
05/14/2024,9.95,9.97,10.01,9.6,1.36M,1.74%
05/13/2024,9.78,9.9,9.99,9.6,769.46K,-2.20%
05/12/2024,10,10.12,10.19,9.91,458.14K,-0.10%
05/09/2024,10.01,10.34,10.34,9.8,2.49M,-1.86%
05/08/2024,10.2,10.69,10.8,10.15,577.82K,-3.95%
05/07/2024,10.62,10.55,10.8,10.37,1.23M,-0.75%
05/02/2024,10.7,10.55,10.84,10.25,1.28M,2.29%
05/01/2024,10.46,9.92,10.85,9.85,890.82K,4.29%
04/30/2024,10.03,10.31,10.5,9.5,1.07M,-2.72%
04/29/2024,10.31,9.28,10.31,9.11,847.70K,10.86%
04/28/2024,9.3,9.81,10.27,9.1,733.21K,-5.10%
04/24/2024,9.8,10.16,10.27,9.61,1.27M,-3.54%
04/23/2024,10.16,10.71,10.83,10,958.82K,-5.14%
04/22/2024,10.71,11,11.29,10.62,704.53K,-2.64%
04/21/2024,11,10.97,11.48,10.81,765.51K,0.27%
04/18/2024,10.97,11.7,11.85,10.6,1.25M,-6.24%
04/17/2024,11.7,11.75,12,11.68,560.23K,-0.43%
04/16/2024,11.75,12.05,12.2,11.7,529.73K,-2.49%
04/15/2024,12.05,11.6,12.2,11.65,711.75K,3.88%
04/08/2024,11.6,11.63,11.91,11.51,126.84K,-0.26%
04/07/2024,11.63,11.9,12.09,11.6,635.75K,-2.27%
04/04/2024,11.9,11.1,11.94,11.06,2.20M,7.21%
04/03/2024,11.1,11.3,11.33,10.83,3.20M,-1.77%
04/02/2024,11.3,12.07,12.45,11.2,5.25M,-6.38%
04/01/2024,12.07,11.5,12.25,11.41,2.75M,4.96%
03/31/2024,11.5,12.32,12.4,11,4.40M,-6.66%
03/28/2024,12.32,12.2,12.66,11.83,4.95M,0.98%
03/27/2024,12.2,12.88,12.8,12.2,1.40M,-5.28%
03/26/2024,12.88,13,13.1,12.35,3.15M,-0.92%
03/25/2024,13,13,13.25,12.56,1.73M,0.00%
03/24/2024,13,13.1,14.24,12.85,5.19M,-0.76%
03/21/2024,13.1,12.1,13.2,12.1,8.11M,8.26%
03/20/2024,12.1,11.88,12.5,11.81,11.31M,1.85%
03/19/2024,11.88,12,12.39,11.5,7.21M,-1.00%
03/18/2024,12,12.8,13,11.9,9.06M,-6.25%
03/17/2024,12.8,12.65,14.14,12.75,9.41M,1.19%
03/14/2024,12.65,11.5,13.35,11.3,10.54M,10.00%
03/13/2024,11.5,11.2,11.58,11,7.89M,2.68%
03/12/2024,11.2,11.42,12.45,11.1,5.75M,-1.93%
03/11/2024,11.42,11.12,11.9,11.12,3.15M,2.70%
03/10/2024,11.12,11.5,12,11.1,3.03M,-3.30%
03/07/2024,11.5,11.4,12,11.1,3.89M,0.88%
03/06/2024,11.4,11.32,12.47,10.03,7.55M,0.71%
03/05/2024,11.32,11.51,12.7,10.99,6.81M,-1.65%
03/04/2024,11.51,9.84,11.55,9.91,4.44M,16.97%
03/03/2024,9.84,9.89,10.65,9.8,2.29M,-0.51%
02/29/2024,9.89,10.03,10.5,9.52,1.55M,-1.40%
02/28/2024,10.03,10.35,10.68,9.94,3.06M,-3.09%
02/27/2024,10.35,10.25,11.99,10.21,17.55M,0.98%
02/26/2024,10.25,8.8,10.49,8.7,27.08M,16.48%
02/25/2024,8.8,8.55,8.99,7.91,8.70M,2.92%
02/22/2024,8.55,8.6,8.74,8.5,1.46M,-0.58%
02/21/2024,8.6,8.68,8.74,8.48,3.67M,-0.92%
02/20/2024,8.68,8.96,9.05,8.63,8.23M,-3.12%
02/19/2024,8.96,8.5,9.08,8.51,8.62M,5.41%
02/18/2024,8.5,8.29,8.56,8.04,3.16M,2.53%
02/15/2024,8.29,8.28,8.45,8.19,3.17M,0.12%
02/14/2024,8.28,8.3,8.46,8.18,2.80M,-0.24%
02/13/2024,8.3,7.75,8.53,7.65,13.18M,7.10%
02/12/2024,7.75,7.75,7.84,7.47,4.03M,0.00%
02/11/2024,7.75,7.93,8.04,7.66,4.96M,-2.27%
02/08/2024,7.93,7.8,7.96,7.73,3.40M,1.67%
02/07/2024,7.8,8.32,8.46,7.6,11.58M,-6.25%
02/06/2024,8.32,8.46,8.59,8.3,1.21M,-1.65%
02/05/2024,8.46,8,8.71,8.03,3.13M,5.75%
02/04/2024,8,8.18,8.2,7.8,2.29M,-2.20%
02/01/2024,8.18,8.03,8.29,7.3,3.70M,1.87%
01/31/2024,8.03,8.82,8.85,7.05,3.25M,-8.44%
01/30/2024,8.77,8.96,9,8.68,4.95M,-1.79%
01/29/2024,8.93,8.71,9.01,8.61,5.52M,4.08%
01/28/2024,8.58,8.9,9,8.57,6.91M,-3.05%
01/24/2024,8.85,9.14,9.14,8.8,2.23M,-1.88%
01/23/2024,9.02,9.5,9.53,9.01,3.41M,-5.05%
01/22/2024,9.5,9.7,9.73,9.38,1.43M,-1.55%
01/21/2024,9.65,9.45,9.65,9.33,1.57M,3.76%
01/18/2024,9.3,9.49,9.52,9.25,1.10M,-1.38%
01/17/2024,9.43,9.44,9.63,9.3,2.39M,0.86%
01/16/2024,9.35,9.2,9.44,9.2,2.65M,2.75%
01/15/2024,9.1,9.15,9.45,9.1,5.81M,0.11%
01/14/2024,9.09,9.02,9.32,9,1.46M,0.66%
01/11/2024,9.03,8.95,9.19,8.9,1.62M,0.89%
01/10/2024,8.95,9.09,9.15,8.94,701.94K,-0.33%
01/09/2024,8.98,8.99,9.2,8.95,2.62M,-0.11%
01/08/2024,8.99,9,9.09,8.9,1.35M,-0.11%
01/04/2024,9,8.82,9.15,8.82,2.80M,2.39%
01/03/2024,8.79,8.45,9.03,8.45,7.61M,4.77%
01/02/2024,8.39,7.97,8.44,7.92,2.22M,6.20%
12/31/2023,7.9,8.15,8.24,7.9,2.68M,-2.71%
12/28/2023,8.12,8.35,8.47,8.05,2.61M,-1.34%
12/27/2023,8.23,7.95,8.4,7.88,3.78M,3.65%
12/26/2023,7.94,8.39,8.39,7.85,2.79M,-3.52%
12/25/2023,8.23,8.29,8.55,8.05,3.98M,-0.36%
12/24/2023,8.26,8.81,8.93,8.22,3.45M,-5.82%
12/21/2023,8.77,9.24,9.44,8.7,5.66M,-4.78%
12/20/2023,9.21,9.29,9.54,9.03,6.07M,-0.75%
12/19/2023,9.28,9.77,9.77,9.17,2.71M,-3.33%
12/18/2023,9.6,9.33,9.89,9.3,6.81M,3.90%
12/17/2023,9.24,9.03,9.4,8.97,4.00M,3.70%
12/14/2023,8.91,8.81,9.23,8.78,4.22M,1.14%
12/13/2023,8.81,8.65,8.89,8.65,922.11K,2.68%
12/12/2023,8.58,8.61,8.89,8.51,868.21K,-1.27%
12/11/2023,8.69,8.59,8.89,8.4,2.59M,1.05%
12/10/2023,8.6,8.63,9.09,8.42,3.51M,0.23%
12/07/2023,8.58,8.64,8.7,8.2,3.19M,-1.38%
12/06/2023,8.7,8.79,9.24,8.55,5.74M,0.58%
12/05/2023,8.65,9,9.04,8.42,5.20M,-3.78%
12/04/2023,8.99,8.6,9.22,8.33,7.24M,5.39%
12/03/2023,8.53,8.07,8.88,8.07,13.07M,7.30%
11/30/2023,7.95,7.8,8.1,7.63,12.77M,2.19%
11/29/2023,7.78,7.24,7.92,7.17,14.75M,8.06%
11/28/2023,7.2,7.45,7.62,7.2,8.01M,-3.36%
11/27/2023,7.45,6.81,7.74,6.79,28.24M,9.56%
11/26/2023,6.8,6.71,6.87,6.7,7.09M,1.64%
11/23/2023,6.69,6.7,6.79,6.62,6.46M,0.60%
11/22/2023,6.65,6.72,6.76,6.55,3.98M,-0.15%
11/21/2023,6.66,6.39,6.72,6.35,9.21M,4.39%
11/20/2023,6.38,6.58,6.71,6.37,5.38M,-2.60%
11/19/2023,6.55,6.68,6.7,6.53,5.67M,-1.65%
11/16/2023,6.66,6.5,6.67,6.48,9.11M,3.74%
11/15/2023,6.42,6.2,6.53,6.2,17.76M,3.88%
11/14/2023,6.18,6.2,6.27,6.1,2.56M,0.65%
11/13/2023,6.14,6.2,6.3,6.13,3.73M,-0.97%
11/12/2023,6.2,6.29,6.42,6.11,3.52M,-0.96%
11/09/2023,6.26,6.2,6.4,6.1,8.35M,2.12%
11/08/2023,6.13,6.29,6.39,6.13,3.83M,-2.54%
11/07/2023,6.29,6.3,6.43,6.23,7.95M,0.96%
11/06/2023,6.23,6.2,6.33,6.08,4.93M,1.47%
11/05/2023,6.14,6.09,6.27,6.08,2.37M,1.66%
11/02/2023,6.04,5.93,6.16,5.93,2.73M,2.37%
11/01/2023,5.9,5.95,6.08,5.8,4.96M,-0.17%
10/31/2023,5.91,6.21,6.25,5.91,4.18M,-5.14%
10/30/2023,6.23,6.43,6.55,6.19,6.61M,-3.26%
10/29/2023,6.44,5.93,6.61,5.93,17.26M,7.69%
10/26/2023,5.98,5.96,6.09,5.89,4.16M,0.34%
10/25/2023,5.96,5.91,6.05,5.82,6.35M,2.23%
10/24/2023,5.83,5.91,6.06,5.72,10.14M,-0.85%
10/23/2023,5.88,5.68,5.88,5.67,7.35M,4.44%
10/22/2023,5.63,5.59,5.65,5.49,2.02M,1.26%
10/19/2023,5.56,5.63,5.7,5.54,2.97M,0.00%
10/18/2023,5.56,5.72,5.75,5.56,4.20M,-1.42%
10/17/2023,5.64,5.51,5.7,5.37,7.40M,3.11%
10/16/2023,5.47,5.38,5.51,5.33,2.01M,3.01%
10/15/2023,5.31,5.38,5.46,5.3,3.15M,-1.12%
10/12/2023,5.37,5.55,5.55,5.36,4.38M,-2.01%
10/11/2023,5.48,5.56,5.62,5.42,991.04K,-0.90%
10/10/2023,5.53,5.35,5.57,5.34,1.34M,3.75%
10/09/2023,5.33,5.39,5.45,5.23,1.08M,-1.30%
10/08/2023,5.4,5.6,5.63,4.6,2.28M,-3.23%
10/04/2023,5.58,5.61,5.65,5.53,1.37M,-0.18%
10/03/2023,5.59,5.57,5.74,5.55,2.35M,0.72%
10/02/2023,5.55,5.46,5.73,5.38,4.50M,1.83%
10/01/2023,5.45,5.57,5.57,5.44,1.14M,-1.62%
09/27/2023,5.54,5.65,5.7,5.46,2.01M,-1.95%
09/26/2023,5.65,5.73,5.8,5.64,1.77M,-0.35%
09/25/2023,5.67,5.69,5.77,5.61,4.72M,1.07%
09/24/2023,5.61,5.95,6,5.58,8.20M,-4.92%
09/21/2023,5.9,5.85,6.1,5.76,7.99M,1.55%
09/20/2023,5.81,6.16,6.19,5.75,7.08M,-4.75%
09/19/2023,6.1,6.27,6.29,6.09,1.81M,-2.40%
09/18/2023,6.25,6.28,6.31,6.25,949.60K,-0.32%
09/17/2023,6.27,6.35,6.4,6.22,3.62M,-0.32%
09/14/2023,6.29,6.2,6.38,6.2,6.05M,1.45%
09/13/2023,6.2,6.1,6.22,6.1,1.38M,1.64%
09/12/2023,6.1,6.19,6.2,6.09,635.75K,-1.13%
09/11/2023,6.17,6.23,6.25,6.14,2.14M,-0.16%
09/10/2023,6.18,6.1,6.26,6.1,1.91M,0.82%
09/07/2023,6.13,6.14,6.15,6.05,1.19M,0.49%
09/06/2023,6.1,6.12,6.18,6.06,1.68M,0.49%
09/05/2023,6.07,6.1,6.16,6.04,5.01M,0.00%
09/04/2023,6.07,6.2,6.25,6,3.95M,-1.94%
09/03/2023,6.19,6.3,6.33,6.18,1.52M,-0.80%
08/31/2023,6.24,6.33,6.38,6.2,2.38M,-1.58%
08/30/2023,6.34,6.47,6.49,6.28,1.77M,-1.40%
08/29/2023,6.43,6.22,6.54,6.22,6.37M,3.71%
08/28/2023,6.2,6.42,6.45,6.11,4.06M,-2.82%
08/27/2023,6.38,6.41,6.49,6.31,814.50K,-0.47%
08/24/2023,6.41,6.38,6.45,6.25,1.30M,1.75%
08/23/2023,6.3,6.5,6.55,6.28,1.10M,-2.33%
08/22/2023,6.45,6.5,6.58,6.43,598.09K,-0.46%
08/21/2023,6.48,6.5,6.62,6.45,922.21K,0.15%
08/20/2023,6.47,6.42,6.59,6.42,636.00K,0.94%
08/17/2023,6.41,6.45,6.53,6.35,1.18M,-0.62%
08/16/2023,6.45,6.54,6.68,6.45,2.03M,-0.77%
08/15/2023,6.5,6.7,6.7,6.47,1.39M,-1.52%
08/14/2023,6.6,6.8,6.85,6.51,866.83K,-2.22%
08/13/2023,6.75,6.72,6.83,6.72,1.06M,0.45%
08/10/2023,6.72,6.86,6.86,6.67,1.53M,-1.18%
08/09/2023,6.8,6.7,7.03,6.68,7.03M,0.74%
08/08/2023,6.75,6.57,6.84,6.57,8.06M,2.43%
08/07/2023,6.59,6.52,6.7,6.52,1.94M,-0.15%
08/06/2023,6.6,6.4,6.62,6.4,1.40M,3.61%
08/03/2023,6.37,6.4,6.5,6.33,1.90M,-0.31%
08/02/2023,6.39,6.79,6.8,6.3,4.40M,-5.89%
08/01/2023,6.79,6.71,6.8,6.68,3.28M,1.34%
07/31/2023,6.7,6.48,6.7,6.48,2.70M,3.24%
07/30/2023,6.49,6.36,6.66,6.36,2.54M,2.04%
07/27/2023,6.36,6.46,6.5,6.33,417.42K,-1.09%
07/26/2023,6.43,6.45,6.49,6.36,679.44K,0.00%
07/25/2023,6.43,6.5,6.55,6.42,1.01M,-0.92%
07/24/2023,6.49,6.54,6.62,6.48,1.84M,-0.15%
07/19/2023,6.5,6.59,6.64,6.46,2.77M,-0.61%
07/18/2023,6.54,6.43,6.67,6.43,6.42M,1.71%
07/17/2023,6.43,6.28,6.49,6.21,2.11M,2.72%
07/16/2023,6.26,6.35,6.4,6.19,1.23M,-0.95%
07/13/2023,6.32,6.15,6.41,6.15,2.44M,3.27%
07/12/2023,6.12,6.2,6.25,6.1,802.68K,-0.65%
07/11/2023,6.16,6.2,6.29,6.12,1.88M,0.16%
07/10/2023,6.15,5.95,6.16,5.9,1.73M,3.19%
07/09/2023,5.96,6.35,6.39,5.96,1.34M,-5.99%
07/06/2023,6.34,6.27,6.53,6.27,2.07M,1.12%
07/05/2023,6.27,6.37,6.48,6.2,2.84M,-1.42%
07/04/2023,6.36,6.53,6.65,6.33,4.06M,-1.85%
06/26/2023,6.48,6.37,6.53,6.37,2.04M,1.73%
06/25/2023,6.37,6.62,6.7,6.37,3.76M,-3.78%
06/22/2023,6.62,6.43,6.79,6.3,11.87M,3.28%
06/21/2023,6.41,6.36,6.55,6.35,7.05M,0.94%
06/20/2023,6.35,6.09,6.5,6.07,19.09M,4.61%
06/19/2023,6.07,6.12,6.27,5.98,13.45M,1.17%
06/18/2023,6,6.07,6.09,5.98,2.80M,0.50%
06/15/2023,5.97,6,6.12,5.88,6.97M,0.34%
06/14/2023,5.95,6.15,6.19,5.86,10.98M,-2.62%
06/13/2023,6.11,5.77,6.24,5.72,31.49M,6.45%
06/12/2023,5.74,5.65,5.8,5.63,8.86M,2.32%
06/11/2023,5.61,5.47,5.65,5.43,7.56M,4.66%
06/08/2023,5.36,5.4,5.44,5.3,2.03M,0.75%
06/07/2023,5.32,5.41,5.51,5.31,2.88M,-1.30%
06/06/2023,5.39,5.42,5.48,5.38,2.11M,-0.37%
06/05/2023,5.41,5.56,5.57,5.41,2.71M,-2.17%
06/04/2023,5.53,5.62,5.7,5.5,4.22M,-1.07%
06/01/2023,5.59,5.63,5.65,5.56,1.53M,-0.18%
05/31/2023,5.6,5.7,5.81,5.56,4.65M,-1.75%
05/30/2023,5.7,5.65,5.78,5.61,6.30M,1.24%
05/29/2023,5.63,5.68,5.68,5.59,4.28M,0.36%
05/28/2023,5.61,5.46,5.7,5.46,12.65M,2.94%
05/25/2023,5.45,5.51,5.57,5.43,2.18M,-0.91%
05/24/2023,5.5,5.45,5.57,5.45,3.13M,1.48%
05/23/2023,5.42,5.4,5.44,5.34,2.42M,1.12%
05/22/2023,5.36,5.39,5.53,5.35,5.28M,0.19%
05/21/2023,5.35,5.44,5.44,5.34,2.43M,-0.56%
05/18/2023,5.38,5.37,5.41,5.25,3.29M,1.13%
05/17/2023,5.32,5.61,5.63,5.31,10.00M,-4.32%
05/16/2023,5.56,5.72,5.74,5.48,12.07M,-2.80%
05/15/2023,5.72,5.91,5.95,5.72,3.63M,-2.89%
05/14/2023,5.89,5.9,5.92,5.82,2.70M,0.51%
05/11/2023,5.86,6.05,6.08,5.8,7.20M,-2.17%
05/10/2023,5.99,5.87,6,5.7,8.01M,2.39%
05/09/2023,5.85,6.08,6.14,5.85,9.51M,-1.68%
05/08/2023,5.95,5.8,5.95,5.8,4.72M,3.12%
05/07/2023,5.77,5.79,5.86,5.68,3.87M,-0.69%
05/03/2023,5.81,5.88,5.96,5.75,4.91M,-0.51%
05/02/2023,5.84,5.91,5.97,5.8,6.11M,-1.35%
05/01/2023,5.92,6.13,6.2,5.84,11.71M,-3.43%
04/30/2023,6.13,6,6.27,5.99,19.03M,2.51%
04/27/2023,5.98,5.98,6,5.88,14.59M,3.28%
04/26/2023,5.79,5.66,5.79,5.5,16.62M,3.21%
04/19/2023,5.61,5.41,5.68,5.41,16.43M,4.86%
04/18/2023,5.35,5.33,5.42,5.33,3.02M,0.00%
04/13/2023,5.35,5.34,5.41,5.31,3.41M,0.38%
04/12/2023,5.33,5.4,5.45,5.33,3.67M,-0.56%
04/11/2023,5.36,5.36,5.41,5.31,3.84M,1.32%
04/10/2023,5.29,5.25,5.37,5.21,5.79M,1.73%
04/09/2023,5.2,5.38,5.4,5.16,4.86M,-2.99%
04/06/2023,5.36,5.41,5.54,5.33,6.52M,-1.65%
04/05/2023,5.45,5.35,5.48,5.32,12.63M,3.02%
04/04/2023,5.29,5.22,5.37,5.15,6.15M,0.76%
04/03/2023,5.25,4.87,5.34,4.84,18.50M,9.37%
04/02/2023,4.8,4.71,4.86,4.71,2.13M,1.69%
03/30/2023,4.72,4.82,4.89,4.7,3.98M,-1.67%
03/29/2023,4.8,4.7,4.88,4.69,8.84M,2.35%
03/28/2023,4.69,4.72,4.77,4.61,2.83M,-0.64%
03/27/2023,4.72,4.9,4.93,4.7,7.59M,-4.45%
03/26/2023,4.94,4.8,4.96,4.8,3.24M,3.13%
03/23/2023,4.79,4.69,4.81,4.59,5.01M,1.91%
03/22/2023,4.7,4.7,4.75,4.5,7.52M,0.21%
03/21/2023,4.69,4.55,4.69,4.46,4.56M,4.92%
03/20/2023,4.47,4.32,4.58,4.3,7.02M,3.00%
03/19/2023,4.34,4.3,4.37,4.15,3.85M,0.46%
03/16/2023,4.32,4.2,4.4,4,5.23M,4.60%
03/15/2023,4.13,4.69,4.8,3.97,8.79M,-10.22%
03/14/2023,4.6,4.58,4.74,4.49,5.54M,1.55%
03/13/2023,4.53,4.91,4.98,4.45,5.47M,-5.82%
03/12/2023,4.81,5.2,5.2,4.81,6.23M,-7.68%
03/09/2023,5.21,5.14,5.25,5.07,4.56M,2.76%
03/08/2023,5.07,5.12,5.19,5.03,3.35M,-0.98%
03/07/2023,5.12,5.36,5.4,5.06,4.54M,-4.30%
03/06/2023,5.35,5.42,5.44,5.34,2.77M,-0.19%
03/05/2023,5.36,5.5,5.52,5.36,5.99M,-1.83%
03/02/2023,5.46,5.48,5.57,5.44,4.73M,0.37%
03/01/2023,5.44,5.45,5.54,5.42,3.81M,-0.18%
02/28/2023,5.45,5.49,5.55,5.38,11.60M,0.37%
02/27/2023,5.43,5.6,5.66,5.4,20.32M,3.63%
02/26/2023,5.24,5.2,5.4,5.11,2.52M,1.16%
02/23/2023,5.18,5.07,5.21,5.01,4.18M,2.37%
02/22/2023,5.06,5.37,5.4,5.01,4.91M,-4.89%
02/21/2023,5.32,5.15,5.38,5.13,1.78M,2.50%
02/20/2023,5.19,5.41,5.45,5.16,3.88M,-4.60%
02/19/2023,5.44,5.51,5.58,5.4,880.37K,-1.27%
02/16/2023,5.51,5.5,5.64,5.45,5.46M,0.73%
02/15/2023,5.47,5.47,5.6,5.47,11.44M,0.37%
02/14/2023,5.45,5.24,5.51,5.24,8.17M,4.41%
02/13/2023,5.22,5.24,5.36,5.19,2.19M,-0.19%
02/12/2023,5.23,5.33,5.42,5.19,4.03M,-1.69%
02/09/2023,5.32,5.06,5.35,5.06,7.09M,5.14%
02/08/2023,5.06,5.12,5.17,4.96,4.26M,-1.17%
02/07/2023,5.12,5.04,5.22,5.03,8.60M,2.61%
02/06/2023,4.99,5.08,5.17,4.86,6.09M,-0.20%
02/05/2023,5,4.65,5,4.39,6.56M,9.17%
02/02/2023,4.58,4.99,5,4.5,5.40M,-6.53%
02/01/2023,4.9,5.13,5.21,4.87,7.64M,-4.30%
01/31/2023,5.12,5.33,5.34,5.11,2.70M,-3.58%
01/30/2023,5.31,5.58,5.6,5.23,5.28M,-3.63%
01/29/2023,5.51,5.56,5.59,5.49,4.73M,0.18%
01/25/2023,5.5,5.45,5.57,5.4,7.34M,1.85%
01/24/2023,5.4,5.45,5.5,5.32,5.82M,0.00%
01/23/2023,5.4,5.52,5.56,5.3,1.80M,-1.64%
01/22/2023,5.49,5.53,5.6,5.47,4.78M,0.37%
01/19/2023,5.47,5.54,5.62,5.45,3.90M,-0.36%
01/18/2023,5.49,5.76,5.79,5.47,5.35M,-4.19%
01/17/2023,5.73,5.59,5.79,5.57,8.22M,4.18%
01/16/2023,5.5,5.39,5.58,5.39,5.23M,2.42%
01/15/2023,5.37,5.4,5.48,5.33,3.24M,-0.19%
01/12/2023,5.38,5.5,5.63,5.29,3.01M,-0.55%
01/11/2023,5.41,5.41,5.8,5.35,6.07M,-1.46%
01/10/2023,5.49,5.8,5.85,5.48,7.51M,-5.34%
01/09/2023,5.8,5.98,6.12,5.72,10.55M,-3.01%
01/05/2023,5.98,5.77,6.04,5.77,13.62M,4.00%
01/04/2023,5.75,5.69,5.83,5.15,9.98M,1.41%
01/03/2023,5.67,5.61,5.75,5.61,3.56M,1.61%
01/02/2023,5.58,5.45,5.63,5.43,3.50M,4.10%
12/29/2022,5.36,5.41,5.49,5.34,2.26M,-0.37%
12/28/2022,5.38,5.45,5.45,5.36,1.14M,-0.19%
12/27/2022,5.39,5.5,5.52,5.37,2.80M,-0.92%
12/26/2022,5.44,5.14,5.48,5.13,5.05M,6.88%
12/25/2022,5.09,5.24,5.24,5.01,4.58M,-4.14%
12/22/2022,5.31,5.51,5.59,5.27,3.34M,-3.45%
12/21/2022,5.5,5.55,5.62,5.39,5.79M,-0.36%
12/20/2022,5.52,5.55,5.67,5.5,7.69M,0.55%
12/19/2022,5.49,5.39,5.6,5.31,8.57M,3.58%
12/18/2022,5.3,5.5,5.51,5.3,4.47M,-2.39%
12/15/2022,5.43,5.65,5.82,5.37,9.53M,-3.21%
12/14/2022,5.61,5.18,5.75,5.17,17.61M,9.57%
12/13/2022,5.12,5.03,5.2,5.03,8.15M,3.23%
12/12/2022,4.96,5.1,5.15,4.81,10.34M,-2.36%
12/11/2022,5.08,5.1,5.36,5.01,9.32M,2.42%
12/08/2022,4.96,5.05,5.18,4.93,15.53M,-0.80%
12/07/2022,5,5.1,5.22,5,11.03M,-0.20%
12/06/2022,5.01,5.04,5.09,4.89,9.52M,-0.60%
12/05/2022,5.04,4.83,5.17,4.83,14.49M,4.78%
12/04/2022,4.81,4.8,4.91,4.72,9.76M,1.26%
12/01/2022,4.75,4.66,4.9,4.66,7.61M,2.37%
11/30/2022,4.64,4.75,4.78,4.63,2.85M,-1.69%
11/29/2022,4.72,4.67,4.79,4.55,3.66M,1.07%
11/28/2022,4.67,4.8,4.8,4.63,5.43M,-1.68%
11/27/2022,4.75,4.82,4.94,4.74,8.21M,-0.84%
11/24/2022,4.79,4.48,4.83,4.48,17.82M,6.92%
11/23/2022,4.48,4.34,4.58,4.34,13.75M,3.23%
11/22/2022,4.34,4.2,4.37,4.12,24.29M,2.84%
11/21/2022,4.22,4.35,4.4,4.22,10.69M,-2.09%
11/20/2022,4.31,4.28,4.4,4.28,10.07M,0.23%
11/17/2022,4.3,4.4,4.43,4.29,5.77M,-1.38%
11/16/2022,4.36,4.31,4.48,4.31,7.39M,0.93%
11/15/2022,4.32,4.38,4.44,4.28,5.72M,0.00%
11/14/2022,4.32,4.45,4.48,4.27,8.49M,-2.70%
11/13/2022,4.44,4.45,4.58,4.43,4.53M,0.00%
11/10/2022,4.44,4.22,4.59,4.16,8.27M,4.47%
11/09/2022,4.25,4.21,4.32,4.05,12.85M,-1.85%
11/08/2022,4.33,4.45,4.55,4.3,9.85M,-2.48%
11/07/2022,4.44,4.22,4.48,4.21,6.90M,5.21%
11/06/2022,4.22,4.01,4.26,4.01,4.64M,5.50%
11/03/2022,4,4.07,4.15,3.96,5.76M,-1.48%
11/02/2022,4.06,4.24,4.24,4.03,4.61M,-4.25%
11/01/2022,4.24,4.18,4.31,4.09,10.01M,0.95%
10/31/2022,4.2,3.94,4.2,3.82,10.29M,6.60%
10/30/2022,3.94,3.84,4.14,3.8,10.81M,3.68%
10/27/2022,3.8,3.73,3.99,3.73,12.71M,6.74%
10/26/2022,3.56,3.48,3.6,3.44,5.10M,3.79%
10/25/2022,3.43,3.43,3.5,3.38,2.18M,0.59%
10/24/2022,3.41,3.51,3.52,3.39,1.55M,-2.57%
10/23/2022,3.5,3.48,3.54,3.47,2.49M,2.04%
10/20/2022,3.43,3.39,3.47,3.35,1.79M,1.48%
10/19/2022,3.38,3.48,3.48,3.35,1.39M,-2.31%
10/18/2022,3.46,3.42,3.54,3.42,5.74M,1.17%
10/17/2022,3.42,3.3,3.43,3.29,3.60M,4.59%
10/16/2022,3.27,3.21,3.32,3.19,4.01M,2.19%
10/13/2022,3.2,3.31,3.31,3.14,5.03M,-2.44%
10/12/2022,3.28,3.37,3.38,3.25,2.31M,-2.38%
10/11/2022,3.36,3.41,3.44,3.34,3.72M,-1.18%
10/10/2022,3.4,3.42,3.44,3.36,1.55M,0.59%
10/09/2022,3.38,3.44,3.44,3.37,1.22M,-1.46%
10/05/2022,3.43,3.49,3.53,3.42,2.99M,-0.58%
10/04/2022,3.45,3.39,3.48,3.37,3.28M,3.60%
10/03/2022,3.33,3.39,3.39,3.3,1.87M,-0.60%
10/02/2022,3.35,3.45,3.5,3.33,4.10M,-2.90%
09/29/2022,3.45,3.49,3.56,3.43,6.90M,0.29%
09/28/2022,3.44,3.42,3.58,3.41,9.78M,1.47%
09/27/2022,3.39,3.33,3.45,3.33,4.09M,2.73%
09/26/2022,3.3,3.29,3.37,3.28,4.80M,0.61%
09/25/2022,3.28,3.42,3.42,3.26,3.30M,-3.24%
09/22/2022,3.39,3.47,3.49,3.37,5.70M,-4.24%
09/21/2022,3.54,3.56,3.59,3.5,4.21M,-0.28%
09/20/2022,3.55,3.47,3.55,3.37,3.30M,3.50%
09/19/2022,3.43,3.31,3.46,3.24,2.80M,2.69%
09/18/2022,3.34,3.65,3.67,3.26,6.50M,-8.74%
09/15/2022,3.66,3.7,3.74,3.65,2.64M,-1.08%
09/14/2022,3.7,3.7,3.76,3.65,6.55M,-2.12%
09/13/2022,3.78,3.85,3.88,3.76,2.74M,-1.56%
09/12/2022,3.84,3.86,3.93,3.83,3.77M,-0.26%
09/11/2022,3.85,3.9,3.93,3.84,3.75M,0.00%
09/08/2022,3.85,3.93,4.02,3.83,8.29M,-1.03%
09/07/2022,3.89,4.07,4.17,3.87,25.98M,1.04%
09/06/2022,3.85,3.78,3.94,3.76,7.69M,2.94%
09/05/2022,3.74,3.79,3.84,3.71,5.03M,-0.53%
09/04/2022,3.76,3.67,3.79,3.58,3.94M,2.73%
09/01/2022,3.66,3.7,3.78,3.6,5.56M,-0.27%
08/31/2022,3.67,3.84,3.85,3.65,8.08M,-2.65%
08/30/2022,3.77,3.54,3.91,3.53,17.67M,6.20%
08/29/2022,3.55,3.61,3.69,3.51,5.41M,-1.11%
08/28/2022,3.59,3.63,3.71,3.53,7.97M,0.00%
08/25/2022,3.59,3.35,3.65,3.32,27.42M,9.45%
08/24/2022,3.28,3.25,3.39,3.2,9.62M,1.23%
08/23/2022,3.24,3.4,3.41,3.22,10.16M,-4.14%
08/22/2022,3.38,3.49,3.54,3.36,11.25M,-1.17%
08/21/2022,3.42,3.37,3.45,3.35,9.65M,2.70%
08/18/2022,3.33,3.44,3.47,3.31,13.54M,-1.19%
08/17/2022,3.37,3.22,3.43,3.19,15.85M,5.64%
08/16/2022,3.19,3.25,3.31,3.17,5.80M,-0.62%
08/15/2022,3.21,3.23,3.29,3.16,8.29M,0.94%
08/14/2022,3.18,3.25,3.3,3.16,4.34M,-0.93%
08/11/2022,3.21,3.18,3.32,3.17,11.82M,3.22%
08/10/2022,3.11,3.15,3.17,3.06,4.70M,0.00%
08/09/2022,3.11,3.12,3.3,3.1,12.01M,-0.32%
08/08/2022,3.12,3.2,3.23,3.1,8.28M,-1.58%
08/07/2022,3.17,3.18,3.25,3.14,15.50M,2.26%
08/04/2022,3.1,2.98,3.12,2.96,17.88M,5.80%
08/03/2022,2.93,2.93,2.98,2.88,9.14M,1.03%
08/02/2022,2.9,2.94,2.97,2.87,8.52M,0.00%
08/01/2022,2.9,2.84,3,2.8,19.83M,2.47%
07/31/2022,2.83,2.9,2.95,2.83,8.45M,-2.08%
07/28/2022,2.89,2.96,2.96,2.83,5.47M,-0.34%
07/27/2022,2.9,3.07,3.07,2.9,5.56M,-3.65%
07/26/2022,3.01,2.93,3.03,2.93,5.25M,2.73%
07/25/2022,2.93,3.04,3.06,2.9,5.59M,-3.30%
07/24/2022,3.03,2.97,3.14,2.96,6.82M,2.71%
07/21/2022,2.95,2.83,2.98,2.83,4.28M,4.24%
07/20/2022,2.83,2.85,2.98,2.81,4.08M,0.35%
07/19/2022,2.82,2.75,2.84,2.7,3.00M,4.44%
07/18/2022,2.7,2.6,2.81,2.6,5.22M,5.06%
07/17/2022,2.57,2.67,2.67,2.56,360.51K,-1.91%
07/07/2022,2.62,2.64,2.7,2.58,4.10M,-1.13%
07/06/2022,2.65,2.46,2.7,2.44,6.11M,9.96%
07/05/2022,2.41,2.44,2.61,2.4,3.02M,0.42%
07/04/2022,2.4,2.5,2.52,2.33,1.57M,-3.23%
07/03/2022,2.48,2.67,2.67,2.45,1.73M,-7.12%
06/29/2022,2.67,2.56,2.72,2.51,3.01M,4.71%
06/28/2022,2.55,2.44,2.62,2.26,4.12M,5.37%
06/27/2022,2.42,2.75,2.78,2.37,7.45M,-11.03%
06/26/2022,2.72,2.96,2.98,2.7,2.91M,-6.53%
06/23/2022,2.91,2.96,2.96,2.9,468.16K,-2.68%
06/22/2022,2.99,2.97,3,2.94,571.89K,0.67%
06/21/2022,2.97,3.02,3.04,2.96,535.08K,0.68%
06/20/2022,2.95,3.03,3.08,2.93,1.13M,-1.67%
06/19/2022,3,3.15,3.15,2.98,1.43M,-4.46%
06/16/2022,3.14,3.07,3.16,3.06,1.35M,1.95%
06/15/2022,3.08,3.1,3.16,3.06,1.15M,0.33%
06/14/2022,3.07,3.05,3.12,3.02,682.12K,0.99%
06/13/2022,3.04,3.25,3.25,3.04,3.12M,-6.46%
06/12/2022,3.25,3.32,3.33,3.23,613.41K,-2.11%
06/09/2022,3.32,3.28,3.36,3.21,1.91M,2.47%
06/08/2022,3.24,3.25,3.3,3.22,1.48M,1.25%
06/07/2022,3.2,2.98,3.23,2.97,5.28M,8.47%
06/06/2022,2.95,2.93,3.04,2.91,1.75M,1.72%
06/05/2022,2.9,2.97,2.97,2.86,620.82K,-0.34%
06/02/2022,2.91,2.9,2.94,2.84,624.88K,0.69%
06/01/2022,2.89,2.98,3.03,2.85,474.79K,-3.67%
05/31/2022,3,3,3.07,2.99,904.64K,0.67%
05/30/2022,2.98,2.96,3.07,2.92,1.53M,1.02%
05/29/2022,2.95,2.72,2.96,2.62,3.86M,7.27%
05/26/2022,2.75,2.95,3.02,2.73,7.93M,-8.33%
05/25/2022,3,3.35,3.35,2.97,8.58M,-10.71%
05/24/2022,3.36,3.57,3.6,3.31,1.93M,-4.82%
05/23/2022,3.53,3.67,3.68,3.5,1.86M,-2.75%
05/22/2022,3.63,3.75,3.75,3.6,855.76K,-1.89%
05/19/2022,3.7,3.7,3.73,3.67,1.36M,-2.12%
05/18/2022,3.78,3.81,3.83,3.73,504.43K,0.00%
05/17/2022,3.78,3.88,3.92,3.76,757.63K,-1.56%
05/16/2022,3.84,3.85,3.9,3.67,4.47M,-0.78%
05/15/2022,3.87,4.04,4.05,3.82,1.25M,-3.25%
05/12/2022,4,4.15,4.15,3.98,3.43M,-2.68%
05/11/2022,4.11,3.99,4.15,3.99,5.38M,4.31%
05/10/2022,3.94,3.99,4,3.87,748.91K,0.00%
05/09/2022,3.94,4.12,4.16,3.93,2.23M,-3.90%
05/08/2022,4.1,4.24,4.25,4.09,2.21M,-3.53%
04/28/2022,4.25,3.88,4.29,3.85,5.05M,10.10%
04/27/2022,3.86,3.94,3.94,3.84,1.17M,-1.03%
04/26/2022,3.9,3.92,3.98,3.8,1.67M,0.78%
04/21/2022,3.87,3.9,3.95,3.84,891.42K,-0.26%
04/20/2022,3.88,4,4,3.81,561.04K,-1.77%
04/19/2022,3.95,3.89,3.97,3.88,724.53K,-2.47%
04/18/2022,4.05,3.99,4.06,3.88,1.51M,3.32%
04/17/2022,3.92,3.78,4.05,3.75,6.50M,3.70%
04/14/2022,3.78,4.01,4.07,3.66,2.83M,-5.50%
04/13/2022,4,4,4.14,3.95,1.48M,1.01%
04/12/2022,3.96,3.91,4.04,3.9,447.10K,1.28%
04/11/2022,3.91,4,4.1,3.87,1.14M,-1.76%
04/10/2022,3.98,4.07,4.15,3.86,569.35K,-3.16%
04/07/2022,4.11,4.25,4.25,4.06,579.84K,-3.29%
04/06/2022,4.25,4.28,4.34,4.22,1.24M,-0.93%
04/05/2022,4.29,4.37,4.37,4.25,3.14M,-0.69%
04/04/2022,4.32,4.29,4.35,4.16,3.91M,1.17%
04/03/2022,4.27,4,4.33,4,6.23M,7.02%
03/31/2022,3.99,3.86,4.03,3.86,5.86M,3.64%
03/30/2022,3.85,4,4.1,3.8,8.28M,-3.75%
03/29/2022,4,4.25,4.35,4,10.18M,-7.41%
03/28/2022,4.32,4.4,4.5,4.15,2.33M,-1.82%
03/27/2022,4.4,5.3,5.3,4.24,15.85M,-16.98%
03/24/2022,5.3,5.3,5.45,5.26,1.45M,-1.30%
03/23/2022,5.37,5.26,5.45,5.06,1.12M,1.90%
03/22/2022,5.27,5.47,5.68,5.17,1.40M,-3.13%
03/21/2022,5.44,5.16,5.55,5.16,2.52M,5.43%
03/20/2022,5.16,5.12,5.2,5,2.35M,3.20%
03/17/2022,5,5.27,5.27,4.7,8.61M,-2.91%
03/16/2022,5.15,5.2,5.28,5.07,5.14M,-0.96%
03/15/2022,5.2,5.31,5.34,5.1,890.36K,-2.07%
03/14/2022,5.31,5.34,5.39,5.3,314.36K,-0.56%
03/13/2022,5.34,5.3,5.46,5.3,573.13K,0.75%
03/10/2022,5.3,5.3,5.36,5.22,3.95M,0.00%
03/09/2022,5.3,5.4,5.51,5.26,1.04M,-1.85%
03/08/2022,5.4,5.52,5.52,5.3,2.41M,-2.00%
03/07/2022,5.51,5.75,5.75,5.43,1.40M,-4.84%
03/06/2022,5.79,5.92,5.92,5.75,1.41M,-1.19%
03/03/2022,5.86,5.88,5.95,5.82,802.58K,1.56%
03/02/2022,5.77,5.85,5.89,5.73,1.26M,-1.54%
03/01/2022,5.86,5.83,5.98,5.83,1.73M,1.74%
02/28/2022,5.76,5.8,5.9,5.65,1.45M,0.00%
02/27/2022,5.76,5.6,5.89,5.6,1.49M,7.26%
02/24/2022,5.37,5.22,5.51,4.7,3.94M,-5.29%
02/23/2022,5.67,5.35,5.75,5.35,1.48M,5.39%
02/22/2022,5.38,5.58,5.58,5.28,1.30M,-2.36%
02/21/2022,5.51,5.68,5.68,5.4,192.86K,-1.43%
02/20/2022,5.59,5.79,5.79,5.5,416.69K,-2.78%
02/17/2022,5.75,5.72,5.89,5.71,3.79M,1.05%
02/16/2022,5.69,5.77,5.8,5.66,855.68K,-1.04%
02/15/2022,5.75,5.64,5.8,5.64,821.56K,1.95%
02/14/2022,5.64,5.9,5.9,5.57,199.62K,-1.74%
02/13/2022,5.74,5.59,6.01,5.59,2.22M,2.50%
02/10/2022,5.6,5.98,5.98,5.57,2.69M,-3.95%
02/09/2022,5.83,5.6,6.06,5.59,5.24M,5.05%
02/08/2022,5.55,5.48,5.6,5.38,830.67K,2.21%
02/07/2022,5.43,5.5,5.55,5.35,1.22M,-0.55%
02/06/2022,5.46,5.5,5.7,5.4,2.50M,-0.73%
02/03/2022,5.5,5.3,6,5.3,4.01M,2.04%
02/02/2022,5.39,4.99,5.47,4.99,11.25M,8.67%
02/01/2022,4.96,4.81,5,4.81,2.83M,3.12%
01/31/2022,4.81,4.6,4.83,4.6,788.70K,2.56%
01/30/2022,4.69,4.8,4.8,4.66,157.93K,-2.29%
01/26/2022,4.8,4.71,4.82,4.71,346.61K,0.63%
01/25/2022,4.77,4.67,4.81,4.67,585.54K,2.14%
01/24/2022,4.67,4.7,4.7,4.65,95.89K,-0.85%
01/23/2022,4.71,4.82,4.82,4.71,220.14K,-1.88%
01/20/2022,4.8,4.73,4.81,4.73,482.30K,1.05%
01/19/2022,4.75,4.85,4.85,4.7,625.01K,-1.86%
01/18/2022,4.84,4.67,4.86,4.61,2.75M,4.99%
01/17/2022,4.61,4.67,4.79,4.6,3.86M,-1.71%
01/16/2022,4.69,4.7,4.76,4.65,529.52K,-0.42%
01/13/2022,4.71,4.7,4.85,4.7,2.09M,0.00%
01/12/2022,4.71,4.8,4.83,4.7,2.40M,-1.88%
01/11/2022,4.8,4.95,4.95,4.74,4.00M,-2.83%
01/10/2022,4.94,4.98,5.01,4.93,147.80K,-0.80%
01/09/2022,4.98,5,5.05,4.95,230.26K,-0.60%
01/05/2022,5.01,5,5.08,4.98,2.05M,0.40%
01/04/2022,4.99,5,5.04,4.95,1.31M,-0.20%
01/03/2022,5,5,5.17,4.9,3.45M,0.60%
01/02/2022,4.97,5,5.08,4.95,570.18K,-2.55%
12/30/2021,5.1,4.95,5.1,4.93,1.56M,2.41%
12/29/2021,4.98,5.11,5.15,4.95,2.14M,-1.78%
12/28/2021,5.07,5.09,5.1,4.88,1.01M,3.05%
12/27/2021,4.92,5.03,5.03,4.88,2.16M,-2.77%
12/26/2021,5.06,5.09,5.15,4.93,4.06M,1.00%
12/23/2021,5.01,4.8,5.11,4.77,4.93M,5.25%
12/22/2021,4.76,4.93,4.93,4.7,841.47K,-1.86%
12/21/2021,4.85,4.8,4.96,4.8,1.48M,1.89%
12/20/2021,4.76,4.8,4.88,4.74,412.20K,-2.26%
12/19/2021,4.87,4.87,4.9,4.73,378.80K,0.00%
12/16/2021,4.87,4.87,5,4.75,5.35M,1.46%
12/15/2021,4.8,4.8,4.85,4.71,2.26M,0.21%
12/14/2021,4.79,4.8,4.87,4.77,1.57M,-0.21%
12/13/2021,4.8,4.99,4.99,4.74,2.36M,-3.81%
12/12/2021,4.99,4.9,5.05,4.77,4.09M,3.53%
12/09/2021,4.82,4.6,4.98,4.6,4.77M,4.78%
12/08/2021,4.6,4.7,4.7,4.53,4.11M,-1.29%
12/07/2021,4.66,4.39,5,4.32,14.04M,6.88%
12/06/2021,4.36,4,4.36,4,6.33M,9.27%
12/05/2021,3.99,4.05,4.05,3.95,1.98M,-0.50%
12/02/2021,4.01,3.98,4.12,3.98,3.60M,0.75%
12/01/2021,3.98,3.92,4,3.85,1.43M,2.05%
11/30/2021,3.9,3.93,3.93,3.85,633.78K,0.00%
11/29/2021,3.9,3.92,3.96,3.88,250.99K,0.00%
11/28/2021,3.9,3.79,3.9,3.7,726.57K,0.00%
11/25/2021,3.9,3.85,3.91,3.81,704.70K,1.30%
11/24/2021,3.85,3.75,3.86,3.69,777.71K,4.34%
11/23/2021,3.69,3.68,3.8,3.67,1.34M,1.10%
11/22/2021,3.65,3.62,3.74,3.57,816.61K,0.55%
11/21/2021,3.63,3.79,3.83,3.6,843.82K,-3.71%
11/18/2021,3.77,3.78,3.84,3.73,879.75K,1.89%
11/17/2021,3.7,3.9,3.9,3.66,1.22M,-1.86%
11/16/2021,3.77,3.97,3.97,3.75,976.34K,-2.08%
11/15/2021,3.85,3.88,3.98,3.8,1.27M,0.52%
11/14/2021,3.83,3.99,3.99,3.8,2.21M,-2.79%
11/11/2021,3.94,4.07,4.07,3.87,2.52M,-1.50%
11/10/2021,4,4.08,4.08,3.89,4.34M,-0.99%
11/09/2021,4.04,4.1,4.15,3.96,2.56M,-1.46%
11/08/2021,4.1,4.28,4.28,4.08,2.99M,-2.15%
11/07/2021,4.19,4.35,4.37,4.18,2.72M,-4.56%
11/04/2021,4.39,4.64,4.64,4.3,170.83K,-4.15%
11/03/2021,4.58,4.5,4.65,4.48,6.65M,2.46%
11/02/2021,4.47,4.18,4.5,4.18,3.08M,7.97%
11/01/2021,4.14,4.16,4.2,4.12,658.06K,-0.48%
10/31/2021,4.16,4.25,4.25,4.15,318.91K,-0.95%
10/28/2021,4.2,4.13,4.24,4.13,1.10M,0.24%
10/27/2021,4.19,4.29,4.29,4.1,843.14K,-2.33%
10/26/2021,4.29,4.31,4.37,4.28,617.82K,0.70%
10/25/2021,4.26,4.31,4.31,4.2,1.70M,1.19%
10/24/2021,4.21,4.39,4.39,4.18,505.24K,-0.47%
10/20/2021,4.23,4.45,4.45,4.16,4.22M,-2.76%
10/19/2021,4.35,4.47,4.47,4.2,4.42M,-1.58%
10/18/2021,4.42,4.17,4.5,4.12,16.62M,7.80%
10/17/2021,4.1,4.03,4.15,4,1.67M,1.74%
10/14/2021,4.03,3.99,4.08,3.98,410.71K,0.75%
10/13/2021,4,4.12,4.13,4,3.25M,-2.20%
10/12/2021,4.09,4.13,4.13,4.01,206.07K,0.99%
10/11/2021,4.05,4.07,4.11,4,1.42M,1.00%
10/10/2021,4.01,4.04,4.06,3.95,844.52K,-1.96%
10/06/2021,4.09,4.08,4.15,4.02,3.90M,1.49%
10/05/2021,4.03,4.2,4.2,4.01,1.65M,-2.18%
10/04/2021,4.12,4.2,4.2,4.08,2.68M,-1.90%
10/03/2021,4.2,4.38,4.39,4.18,1.64M,-2.78%
09/30/2021,4.32,4.35,4.45,4.24,2.45M,0.23%
09/29/2021,4.31,4.28,4.36,4.27,2.27M,0.47%
09/28/2021,4.29,4.18,4.33,4.12,6.55M,2.39%
09/27/2021,4.19,4.18,4.3,4.1,8.04M,0.96%
09/26/2021,4.15,4.19,4.21,4.11,305.96K,-0.24%
09/23/2021,4.16,4.22,4.26,4.14,1.24M,0.24%
09/22/2021,4.15,4.08,4.25,4.08,4.42M,2.47%
09/21/2021,4.05,4,4.12,3.95,4.27M,1.25%
09/20/2021,4,4.1,4.2,3.95,10.58M,-1.96%
09/19/2021,4.08,4.07,4.25,4.05,5.84M,-0.49%
09/16/2021,4.1,4.14,4.19,4.06,947.87K,0.49%
09/15/2021,4.08,4.06,4.2,4.01,3.25M,0.74%
09/14/2021,4.05,3.95,4.05,3.95,196.01K,1.25%
09/13/2021,4,4,4.03,3.97,385.54K,1.78%
09/12/2021,3.93,3.94,3.99,3.85,546.58K,1.55%
09/09/2021,3.87,4.02,4.08,3.81,1.86M,-4.44%
09/08/2021,4.05,4.05,4.1,4.02,2.10M,-0.74%
09/07/2021,4.08,3.99,4.13,3.97,963.52K,2.77%
09/06/2021,3.97,4.1,4.1,3.95,2.28M,-3.17%
09/05/2021,4.1,4.22,4.27,4.06,1.56M,-2.84%
09/02/2021,4.22,4.1,4.35,4.09,11.18M,3.43%
09/01/2021,4.08,4.02,4.11,4.02,1.99M,1.75%
08/31/2021,4.01,3.96,4.04,3.96,477.23K,-1.23%
08/30/2021,4.06,4.1,4.12,3.97,1.01M,0.00%
08/29/2021,4.06,4,4.15,3.95,1.08M,-1.93%
08/26/2021,4.14,4.11,4.21,4.05,3.85M,2.48%
08/25/2021,4.04,3.95,4.1,3.95,3.76M,2.54%
08/24/2021,3.94,4,4,3.91,626.18K,0.00%
08/23/2021,3.94,3.9,3.98,3.9,1.07M,-1.01%
08/22/2021,3.98,3.99,4.08,3.9,3.31M,1.02%
08/19/2021,3.94,3.98,3.98,3.88,1.22M,0.77%
08/18/2021,3.91,3.83,4,3.79,6.63M,1.56%
08/17/2021,3.85,3.9,3.92,3.81,1.61M,-2.04%
08/16/2021,3.93,4,4,3.85,2.59M,-2.24%
08/15/2021,4.02,4.02,4.1,3.91,6.69M,1.77%
08/11/2021,3.95,3.9,3.99,3.9,913.38K,1.02%
08/10/2021,3.91,3.89,3.96,3.87,753.70K,0.51%
08/09/2021,3.89,3.89,3.95,3.84,442.38K,0.00%
08/08/2021,3.89,3.88,3.94,3.86,589.38K,-0.26%
08/05/2021,3.9,3.98,3.98,3.87,1.16M,-0.76%
08/04/2021,3.93,3.91,4,3.89,1.26M,-1.01%
08/03/2021,3.97,3.8,4.07,3.79,6.39M,2.06%
08/02/2021,3.89,3.88,3.98,3.8,3.19M,1.30%
08/01/2021,3.84,3.8,3.9,3.76,1.39M,1.05%
07/29/2021,3.8,3.89,3.92,3.75,1.09M,-1.81%
07/28/2021,3.87,3.85,3.95,3.83,1.10M,0.00%
07/27/2021,3.87,3.77,3.96,3.71,4.30M,2.65%
07/26/2021,3.77,3.69,3.84,3.67,7.88M,3.01%
07/25/2021,3.66,3.54,3.75,3.5,7.65M,5.48%
07/18/2021,3.47,3.55,3.56,3.44,894.75K,-1.70%
07/15/2021,3.53,3.59,3.6,3.5,1.44M,0.00%
07/14/2021,3.53,3.41,3.6,3.41,3.15M,3.52%
07/13/2021,3.41,3.44,3.44,3.4,635.75K,0.00%
07/12/2021,3.41,3.43,3.47,3.38,1.07M,1.19%
07/11/2021,3.37,3.46,3.46,3.33,488.05K,-1.17%
07/08/2021,3.41,3.49,3.49,3.38,408.08K,-0.87%
07/07/2021,3.44,3.46,3.49,3.42,334.00K,0.00%
07/06/2021,3.44,3.54,3.54,3.41,1.19M,-2.55%
07/05/2021,3.53,3.46,3.62,3.44,3.42M,2.32%
07/04/2021,3.45,3.5,3.52,3.42,918.15K,-0.29%
06/30/2021,3.46,3.46,3.5,3.42,607.07K,-0.57%
06/29/2021,3.48,3.51,3.51,3.41,1.42M,-3.33%
06/28/2021,3.6,3.54,3.7,3.51,4.11M,3.45%
06/27/2021,3.48,3.51,3.52,3.46,1.10M,0.00%
06/24/2021,3.48,3.46,3.5,3.45,1.45M,0.87%
06/23/2021,3.45,3.5,3.57,3.38,2.51M,-0.58%
06/22/2021,3.47,3.46,3.54,3.4,2.50M,1.46%
06/21/2021,3.42,3.3,3.52,3.25,4.79M,4.59%
06/20/2021,3.27,3.19,3.3,3.18,580.10K,0.93%
06/17/2021,3.24,3.27,3.35,3.17,1.70M,-1.82%
06/16/2021,3.3,3.25,3.38,3.2,1.27M,1.85%
06/15/2021,3.24,3.32,3.32,3.17,417.99K,-1.52%
06/14/2021,3.29,3.26,3.32,3.26,190.16K,-0.90%
06/13/2021,3.32,3.39,3.39,3.27,529.20K,-1.19%
06/10/2021,3.36,3.43,3.43,3.32,1.93M,-1.18%
06/09/2021,3.4,3.34,3.43,3.34,998.50K,1.49%
06/08/2021,3.35,3.35,3.38,3.33,539.78K,0.00%
06/07/2021,3.35,3.37,3.46,3.31,319.04K,-1.76%
06/06/2021,3.41,3.44,3.46,3.38,1.62M,0.00%
06/03/2021,3.41,3.39,3.55,3.3,4.72M,0.59%
06/02/2021,3.39,3.42,3.45,3.33,1.30M,-0.59%
06/01/2021,3.41,3.53,3.53,3.37,1.78M,-2.85%
05/31/2021,3.51,3.58,3.58,3.45,413.42K,0.00%
05/30/2021,3.51,3.45,3.61,3.45,777.75K,-0.85%
05/27/2021,3.54,3.52,3.59,3.5,1.66M,-0.28%
05/26/2021,3.55,3.54,3.6,3.5,1.38M,1.14%
05/25/2021,3.51,3.59,3.59,3.4,856.06K,-0.28%
05/24/2021,3.52,3.63,3.63,3.47,995.76K,-2.49%
05/23/2021,3.61,3.62,3.65,3.56,355.63K,1.69%
05/20/2021,3.55,3.45,3.62,3.45,1.78M,0.28%
05/19/2021,3.54,3.62,3.64,3.47,2.66M,-2.21%
05/18/2021,3.62,3.4,3.75,3.4,9.94M,6.16%
05/17/2021,3.41,3.29,3.47,3.29,1.62M,3.96%
05/11/2021,3.28,3.34,3.34,3.24,2.30M,0.31%
05/10/2021,3.27,3.23,3.33,3.14,2.96M,0.62%
05/09/2021,3.25,3.35,3.35,3.16,2.11M,-1.81%
05/06/2021,3.31,3.27,3.35,3.25,1.11M,0.00%
05/05/2021,3.31,3.4,3.4,3.27,2.57M,-2.36%
05/04/2021,3.39,3.42,3.45,3.35,864.59K,0.59%
04/28/2021,3.37,3.37,3.45,3.3,1.37M,-1.75%
04/27/2021,3.43,3.56,3.58,3.36,2.24M,-2.56%
04/26/2021,3.52,3.64,3.64,3.48,1.08M,-1.68%
04/25/2021,3.58,3.66,3.66,3.55,512.43K,-0.56%
04/22/2021,3.6,3.6,3.65,3.55,736.46K,-0.55%
04/21/2021,3.62,3.73,3.73,3.55,1.73M,-4.99%
04/20/2021,3.81,3.77,3.87,3.76,2.70M,0.53%
04/19/2021,3.79,3.77,3.86,3.74,4.03M,0.53%
04/18/2021,3.77,3.65,3.87,3.58,2.91M,6.50%
04/15/2021,3.54,3.5,3.65,3.4,2.60M,1.14%
04/14/2021,3.5,3.72,3.72,3.4,2.17M,-6.17%
04/13/2021,3.73,3.8,3.83,3.58,2.11M,-3.62%
04/12/2021,3.87,3.94,3.94,3.77,972.23K,2.38%
04/11/2021,3.78,3.6,3.82,3.6,1.43M,8.62%
04/08/2021,3.48,3.51,3.56,3.43,723.66K,-1.14%
04/07/2021,3.52,3.6,3.61,3.46,1.81M,-2.22%
04/06/2021,3.6,3.7,3.7,3.56,851.35K,-0.83%
04/05/2021,3.63,3.8,3.8,3.55,1.35M,-4.72%
04/04/2021,3.81,3.9,3.92,3.75,1.12M,-1.80%
04/01/2021,3.88,3.9,3.95,3.82,981.94K,0.78%
03/31/2021,3.85,3.88,3.95,3.8,997.60K,-0.77%
03/30/2021,3.88,3.95,3.95,3.86,226.20K,0.00%
03/29/2021,3.88,3.81,4,3.79,702.80K,1.84%
03/28/2021,3.81,3.8,3.93,3.78,456.73K,-1.30%
03/25/2021,3.86,3.8,3.91,3.76,592.58K,-0.26%
03/24/2021,3.87,3.9,3.98,3.79,495.06K,1.84%
03/23/2021,3.8,3.7,3.9,3.5,1.22M,2.70%
03/22/2021,3.7,3.85,3.85,3.51,2.71M,-3.39%
03/21/2021,3.83,4.05,4.05,3.75,1.84M,-5.20%
03/18/2021,4.04,4.09,4.09,3.99,1.03M,-0.98%
03/17/2021,4.08,4.22,4.22,4.03,776.98K,-2.16%
03/16/2021,4.17,4.1,4.24,4.1,2.25M,2.46%
03/15/2021,4.07,3.95,4.15,3.94,5.69M,3.04%
03/14/2021,3.95,3.96,4,3.9,834.24K,0.25%
03/11/2021,3.94,3.8,3.98,3.8,1.90M,1.81%
03/10/2021,3.87,3.83,3.91,3.7,433.24K,-0.26%
03/09/2021,3.88,3.92,3.94,3.82,477.54K,-0.51%
03/08/2021,3.9,4,4,3.86,2.29M,-2.74%
03/07/2021,4.01,4,4.12,3.9,2.84M,1.52%
03/04/2021,3.95,3.9,4,3.85,3.76M,2.86%
03/03/2021,3.84,3.87,3.94,3.76,3.71M,-2.78%
03/02/2021,3.95,4.01,4.02,3.86,6.17M,-1.00%
03/01/2021,3.99,3.86,4.19,3.74,11.34M,2.84%
02/28/2021,3.88,3.88,3.98,3.76,10.37M,1.84%
02/25/2021,3.81,3.76,3.87,3.76,2.63M,2.14%
02/24/2021,3.73,3.67,3.77,3.67,2.50M,1.36%
02/23/2021,3.68,3.8,3.8,3.64,1.99M,-3.41%
02/22/2021,3.81,3.8,3.9,3.73,1.86M,0.26%
02/21/2021,3.8,3.76,3.84,3.75,1.35M,2.15%
02/18/2021,3.72,3.8,3.8,3.7,1.02M,-2.36%
02/17/2021,3.81,3.86,3.89,3.77,1.38M,-1.30%
02/16/2021,3.86,3.82,3.9,3.82,652.56K,0.52%
02/15/2021,3.84,3.98,3.98,3.8,3.26M,-0.78%
02/14/2021,3.87,3.99,4,3.82,1.71M,-2.76%
02/11/2021,3.98,3.9,4.04,3.88,7.71M,3.38%
02/10/2021,3.85,3.87,3.88,3.78,1.54M,1.32%
02/09/2021,3.8,3.71,3.85,3.71,801.57K,-1.30%
02/08/2021,3.85,3.85,3.94,3.66,5.93M,0.79%
02/07/2021,3.82,3.71,3.89,3.7,4.20M,4.09%
02/04/2021,3.67,3.65,3.71,3.63,3.47M,-0.27%
02/03/2021,3.68,3.7,3.77,3.62,2.29M,-0.27%
02/02/2021,3.69,3.6,3.77,3.58,7.49M,3.36%
02/01/2021,3.57,3.53,3.66,3.5,3.86M,-0.28%
01/31/2021,3.58,3.6,3.63,3.53,687.05K,-0.56%
01/27/2021,3.6,3.63,3.68,3.57,1.26M,-1.10%
01/26/2021,3.64,3.68,3.68,3.6,1.13M,0.55%
01/25/2021,3.62,3.67,3.67,3.6,360.61K,-1.36%
01/24/2021,3.67,3.67,3.7,3.61,638.67K,-0.54%
01/21/2021,3.69,3.71,3.76,3.65,1.91M,-0.27%
01/20/2021,3.7,3.6,3.77,3.6,4.63M,3.64%
01/19/2021,3.57,3.5,3.62,3.5,1.12M,0.85%
01/18/2021,3.54,3.6,3.61,3.48,2.01M,-1.12%
01/17/2021,3.58,3.6,3.64,3.56,715.70K,-0.28%
01/14/2021,3.59,3.62,3.64,3.55,2.37M,-0.55%
01/13/2021,3.61,3.6,3.65,3.58,2.35M,0.56%
01/12/2021,3.59,3.6,3.66,3.56,1.98M,-1.91%
01/11/2021,3.66,3.74,3.77,3.58,5.36M,0.00%
01/10/2021,3.66,3.58,3.76,3.55,7.28M,2.23%
01/06/2021,3.58,3.67,3.67,3.54,1.10M,-1.10%
01/05/2021,3.62,3.55,3.68,3.53,8.13M,2.26%
01/04/2021,3.54,3.58,3.62,3.49,11.71M,0.85%
01/03/2021,3.51,3.36,3.61,3.33,15.15M,5.72%