"Date","Price","Open","High","Low","Vol.","Change %"
"08/07/2026","2.54","2.57","2.59","2.54","3.45M","-0.78%"
"08/06/2026","2.56","2.57","2.57","2.53","8.73M","0.00%"
"08/05/2026","2.56","2.57","2.61","2.54","10.53M","-0.39%"
"08/04/2026","2.57","2.61","2.62","2.57","4.86M","-1.15%"
"08/03/2026","2.60","2.65","2.65","2.60","2.89M","-2.26%"
"07/31/2026","2.66","2.64","2.66","2.62","4.41M","0.76%"
"07/30/2026","2.64","2.66","2.67","2.64","1.18M","-0.38%"
"07/29/2026","2.65","2.68","2.68","2.63","1.46M","-1.12%"
"07/28/2026","2.68","2.69","2.72","2.66","7.38M","0.37%"
"07/27/2026","2.67","2.64","2.67","2.62","2.08M","1.52%"
"07/24/2026","2.63","2.58","2.65","2.58","5.71M","1.54%"
"07/23/2026","2.59","2.67","2.68","2.59","9.70M","-3.00%"
"07/22/2026","2.67","2.64","2.70","2.62","5.59M","1.52%"
"07/21/2026","2.63","2.64","2.66","2.62","2.85M","-1.13%"
"07/20/2026","2.66","2.65","2.68","2.63","3.01M","0.38%"
"07/17/2026","2.65","2.66","2.67","2.63","2.22M","-0.38%"
"07/16/2026","2.66","2.67","2.68","2.64","2.70M","-0.75%"
"07/15/2026","2.68","2.68","2.75","2.67","8.23M","-0.37%"
"07/14/2026","2.69","2.65","2.71","2.64","8.90M","2.28%"
"07/13/2026","2.63","2.68","2.70","2.63","5.58M","-0.75%"
"07/10/2026","2.65","2.64","2.66","2.61","2.57M","0.38%"
"07/09/2026","2.64","2.71","2.72","2.64","8.84M","-1.49%"
"07/08/2026","2.68","2.64","2.71","2.59","16.87M","3.08%"
"07/07/2026","2.60","2.65","2.65","2.59","9.90M","-1.89%"
"07/06/2026","2.65","2.68","2.70","2.62","8.28M","-1.12%"
"07/03/2026","2.68","2.69","2.69","2.66","1.54M","0.00%"
"07/02/2026","2.68","2.73","2.73","2.67","2.17M","-1.47%"
"07/01/2026","2.72","2.76","2.76","2.67","11.98M","-1.45%"
"06/30/2026","2.76","2.75","2.77","2.71","2.96M","0.73%"
"06/29/2026","2.74","2.81","2.81","2.74","3.05M","-2.49%"
"06/26/2026","2.81","2.80","2.83","2.78","2.53M","0.36%"
"06/25/2026","2.80","2.85","2.85","2.77","2.77M","-1.06%"
"06/24/2026","2.83","2.84","2.86","2.82","3.62M","0.35%"
"06/23/2026","2.82","2.88","2.88","2.78","5.78M","-2.08%"
"06/22/2026","2.88","2.90","2.94","2.83","9.57M","-0.35%"
"06/19/2026","2.89","2.80","2.95","2.80","17.23M","3.58%"
"06/18/2026","2.79","2.72","2.86","2.71","26.57M","2.95%"
"06/17/2026","2.71","2.80","2.83","2.71","18.05M","-4.91%"
"06/16/2026","2.85","3.00","3.01","2.85","10.06M","-5.00%"
"06/12/2026","3.00","3.00","3.01","2.96","9.54M","0.67%"
"06/11/2026","2.98","2.88","2.99","2.88","8.30M","3.11%"
"06/10/2026","2.89","2.95","2.96","2.89","4.01M","-2.03%"
"06/09/2026","2.95","3.01","3.01","2.94","3.86M","-1.67%"
"06/08/2026","3.00","3.04","3.05","2.98","3.11M","-1.32%"
"06/05/2026","3.04","3.00","3.06","2.99","6.37M","1.00%"
"06/04/2026","3.01","3.00","3.07","2.98","8.52M","0.33%"
"06/03/2026","3.00","3.10","3.10","2.98","5.32M","-2.91%"
"06/02/2026","3.09","3.21","3.25","3.08","7.46M","-3.74%"
"06/01/2026","3.21","3.31","3.34","3.20","9.65M","-4.18%"
"05/25/2026","3.35","3.46","3.47","3.29","9.15M","-3.18%"
"05/22/2026","3.46","3.42","3.48","3.42","2.21M","0.87%"
"05/21/2026","3.43","3.39","3.44","3.39","3.32M","0.88%"
"05/20/2026","3.40","3.39","3.40","3.36","4.86M","0.59%"
"05/19/2026","3.38","3.40","3.41","3.36","6.97M","-0.59%"
"05/18/2026","3.40","3.37","3.47","3.34","13.95M","0.89%"
"05/15/2026","3.37","3.34","3.37","3.32","4.65M","1.20%"
"05/14/2026","3.33","3.35","3.37","3.29","5.81M","0.00%"
"05/13/2026","3.33","3.34","3.36","3.26","9.17M","-0.30%"
"05/12/2026","3.34","3.40","3.40","3.30","6.84M","-1.47%"
"05/11/2026","3.39","3.35","3.46","3.32","7.74M","3.04%"
"05/08/2026","3.29","3.37","3.43","3.28","7.31M","-1.20%"
"05/07/2026","3.33","3.38","3.39","3.23","10.36M","-1.48%"
"05/06/2026","3.38","3.55","3.63","3.38","11.59M","-4.79%"
"05/05/2026","3.55","3.59","3.63","3.52","3.52M","-2.20%"
"05/04/2026","3.63","3.67","3.69","3.59","8.07M","-1.09%"
"05/01/2026","3.67","3.73","3.75","3.64","8.93M","-1.87%"
"04/30/2026","3.74","3.74","3.85","3.62","21.77M","0.00%"
"04/29/2026","3.74","3.40","3.76","3.39","34.97M","10.32%"
"04/28/2026","3.39","3.31","3.50","3.30","9.84M","2.73%"
"04/27/2026","3.30","3.25","3.31","3.22","7.20M","1.54%"
"04/24/2026","3.25","3.18","3.26","3.15","5.70M","2.20%"
"04/23/2026","3.18","3.16","3.18","3.10","6.49M","0.95%"
"04/22/2026","3.15","3.10","3.16","3.10","8.00M","1.94%"
"04/21/2026","3.09","3.17","3.19","3.08","8.51M","-2.83%"
"04/20/2026","3.18","3.21","3.25","3.18","17.11M","-0.93%"
"04/17/2026","3.21","3.20","3.24","3.19","14.04M","0.63%"
"04/16/2026","3.19","3.10","3.20","3.08","24.91M","2.90%"
"04/15/2026","3.10","3.10","3.11","3.07","13.99M","0.00%"
"04/14/2026","3.10","3.09","3.12","3.08","13.61M","0.00%"
"04/13/2026","3.10","3.07","3.15","3.05","19.14M","2.31%"
"04/10/2026","3.03","3.07","3.07","3.01","8.46M","-0.98%"
"04/09/2026","3.06","3.06","3.08","3.04","7.15M","0.00%"
"04/08/2026","3.06","3.07","3.10","3.03","13.71M","-1.29%"
"04/07/2026","3.10","3.15","3.20","3.10","6.58M","-1.59%"
"04/06/2026","3.15","3.14","3.18","3.10","5.14M","0.64%"
"04/03/2026","3.13","3.16","3.22","3.13","7.11M","-0.95%"
"04/02/2026","3.16","3.15","3.17","3.09","12.00M","1.28%"
"04/01/2026","3.12","3.12","3.14","3.05","11.12M","-0.32%"
"03/31/2026","3.13","3.20","3.27","3.13","12.08M","-2.49%"
"03/30/2026","3.21","3.05","3.21","3.04","13.32M","7.00%"
"03/27/2026","3.00","3.01","3.07","3.00","6.61M","0.00%"
"03/26/2026","3.00","3.00","3.07","3.00","20.10M","0.00%"
"03/25/2026","3.00","3.06","3.09","2.99","18.93M","-1.96%"
"03/24/2026","3.06","2.98","3.08","2.98","14.48M","2.68%"
"03/23/2026","2.98","2.82","3.05","2.82","8.47M","5.67%"
"03/18/2026","2.82","2.89","2.90","2.81","12.14M","-4.41%"
"03/17/2026","2.95","2.95","2.96","2.85","10.66M","1.72%"
"03/16/2026","2.90","2.95","2.99","2.83","10.78M","-1.69%"
"03/13/2026","2.95","2.94","3.08","2.86","19.91M","0.34%"
"03/12/2026","2.94","2.81","2.94","2.81","16.42M","4.63%"
"03/11/2026","2.81","2.88","2.90","2.80","5.88M","-2.09%"
"03/10/2026","2.87","2.94","2.97","2.81","7.68M","-2.38%"
"03/09/2026","2.94","3.02","3.17","2.94","29.04M","1.73%"
"03/06/2026","2.89","2.73","2.89","2.72","16.25M","5.09%"
"03/05/2026","2.75","2.74","2.76","2.69","5.57M","0.00%"
"03/04/2026","2.75","2.60","2.84","2.59","20.67M","2.61%"
"02/27/2026","2.68","2.68","2.69","2.66","1.99M","0.00%"
"02/26/2026","2.68","2.71","2.71","2.67","2.02M","-1.11%"
"02/25/2026","2.71","2.70","2.72","2.69","2.64M","0.37%"
"02/24/2026","2.70","2.70","2.72","2.69","3.22M","0.00%"
"02/23/2026","2.70","2.69","2.70","2.67","3.05M","0.75%"
"02/20/2026","2.68","2.69","2.69","2.66","2.10M","0.00%"
"02/19/2026","2.68","2.70","2.73","2.67","2.06M","-1.11%"
"02/18/2026","2.71","2.70","2.75","2.70","3.48M","0.37%"
"02/17/2026","2.70","2.70","2.72","2.68","2.13M","0.00%"
"02/16/2026","2.70","2.75","2.75","2.70","2.16M","-0.74%"
"02/13/2026","2.72","2.75","2.76","2.65","6.09M","-1.09%"
"02/12/2026","2.75","2.84","2.85","2.75","7.03M","-3.17%"
"02/11/2026","2.84","2.84","2.89","2.79","12.66M","0.35%"
"02/10/2026","2.83","2.79","2.84","2.78","6.35M","1.43%"
"02/09/2026","2.79","2.83","2.86","2.77","10.97M","-1.41%"
"02/06/2026","2.83","2.80","2.83","2.79","3.05M","0.71%"
"02/05/2026","2.81","2.80","2.83","2.78","6.68M","0.36%"
"02/04/2026","2.80","2.82","2.85","2.78","9.04M","-0.71%"
"02/03/2026","2.82","2.72","2.82","2.71","16.90M","3.30%"
"02/02/2026","2.73","2.70","2.76","2.70","7.47M","0.74%"
"01/30/2026","2.71","2.72","2.72","2.68","4.66M","-0.37%"
"01/29/2026","2.72","2.73","2.74","2.68","9.53M","-0.37%"
"01/28/2026","2.73","2.72","2.75","2.71","5.77M","0.00%"
"01/27/2026","2.73","2.68","2.74","2.67","8.63M","1.49%"
"01/26/2026","2.69","2.62","2.76","2.61","19.39M","1.89%"
"01/23/2026","2.64","2.62","2.66","2.59","3.13M","1.15%"
"01/22/2026","2.61","2.57","2.71","2.57","22.66M","1.56%"
"01/21/2026","2.57","2.59","2.59","2.55","2.57M","-0.77%"
"01/20/2026","2.59","2.58","2.59","2.55","3.29M","0.39%"
"01/19/2026","2.58","2.49","2.61","2.48","15.44M","3.61%"
"01/16/2026","2.49","2.47","2.51","2.47","6.09M","1.22%"
"01/15/2026","2.46","2.45","2.47","2.44","3.92M","0.41%"
"01/14/2026","2.45","2.44","2.49","2.43","10.46M","0.41%"
"01/13/2026","2.44","2.45","2.46","2.43","2.71M","-0.41%"
"01/12/2026","2.45","2.46","2.47","2.43","2.88M","-0.81%"
"01/09/2026","2.47","2.49","2.50","2.46","2.50M","-0.80%"
"01/08/2026","2.49","2.49","2.51","2.47","2.80M","-0.40%"
"01/07/2026","2.50","2.47","2.50","2.47","3.57M","1.21%"
"01/06/2026","2.47","2.46","2.48","2.46","2.41M","0.82%"
"01/05/2026","2.45","2.46","2.47","2.44","2.09M","-0.81%"
"01/02/2026","2.47","2.47","2.48","2.46","1.22M","-0.80%"
"12/31/2025","2.49","2.45","2.50","2.45","9.11M","1.22%"
"12/30/2025","2.46","2.47","2.49","2.44","3.51M","-0.81%"
"12/29/2025","2.48","2.49","2.50","2.47","3.19M","-0.40%"
"12/26/2025","2.49","2.47","2.52","2.47","4.51M","0.40%"
"12/25/2025","2.48","2.47","2.48","2.46","3.35M","0.00%"
"12/24/2025","2.48","2.47","2.48","2.46","3.07M","0.81%"
"12/23/2025","2.46","2.47","2.48","2.45","3.41M","-0.40%"
"12/22/2025","2.47","2.45","2.49","2.45","7.52M","0.82%"
"12/19/2025","2.45","2.51","2.51","2.45","6.84M","-2.00%"
"12/18/2025","2.50","2.48","2.51","2.46","6.80M","0.81%"
"12/17/2025","2.48","2.48","2.48","2.45","3.04M","0.00%"
"12/16/2025","2.48","2.48","2.50","2.47","4.55M","0.00%"
"12/15/2025","2.48","2.53","2.53","2.48","2.69M","-1.59%"
"12/12/2025","2.52","2.48","2.53","2.48","8.53M","1.61%"
"12/11/2025","2.48","2.48","2.49","2.46","3.20M","0.40%"
"12/10/2025","2.47","2.50","2.51","2.47","4.01M","-1.20%"
"12/09/2025","2.50","2.45","2.52","2.45","9.80M","2.04%"
"12/08/2025","2.45","2.44","2.46","2.42","6.79M","0.82%"
"12/05/2025","2.43","2.47","2.47","2.42","3.58M","-1.62%"
"12/04/2025","2.47","2.46","2.50","2.45","6.08M","0.41%"
"12/03/2025","2.46","2.42","2.47","2.42","5.85M","2.07%"
"11/28/2025","2.41","2.44","2.44","2.41","2.03M","-1.23%"
"11/27/2025","2.44","2.42","2.45","2.41","6.45M","0.83%"
"11/26/2025","2.42","2.41","2.43","2.40","3.31M","0.41%"
"11/25/2025","2.41","2.40","2.42","2.39","4.24M","0.42%"
"11/24/2025","2.40","2.39","2.41","2.38","2.85M","0.84%"
"11/21/2025","2.38","2.41","2.41","2.36","3.12M","-1.24%"
"11/20/2025","2.41","2.38","2.43","2.37","12.29M","1.69%"
"11/19/2025","2.37","2.40","2.41","2.35","4.41M","-1.66%"
"11/18/2025","2.41","2.39","2.41","2.39","2.22M","0.84%"
"11/17/2025","2.39","2.46","2.47","2.38","5.49M","-2.85%"
"11/14/2025","2.46","2.46","2.46","2.44","2.79M","0.00%"
"11/13/2025","2.46","2.46","2.46","2.43","3.73M","0.00%"
"11/12/2025","2.46","2.48","2.48","2.44","4.38M","-0.81%"
"11/11/2025","2.48","2.47","2.48","2.43","7.55M","0.40%"
"11/10/2025","2.47","2.46","2.49","2.45","10.44M","2.07%"
"11/07/2025","2.42","2.44","2.47","2.41","6.11M","-0.82%"
"11/06/2025","2.44","2.47","2.47","2.42","4.50M","-1.21%"
"11/05/2025","2.47","2.47","2.49","2.45","6.04M","0.00%"
"11/04/2025","2.47","2.49","2.50","2.46","4.16M","-0.80%"
"11/03/2025","2.49","2.50","2.50","2.46","3.86M","-0.40%"
"10/31/2025","2.50","2.51","2.51","2.48","3.01M","-0.40%"
"10/30/2025","2.51","2.51","2.52","2.50","3.01M","0.00%"
"10/29/2025","2.51","2.52","2.54","2.50","4.48M","-0.40%"
"10/28/2025","2.52","2.53","2.54","2.51","4.84M","-0.40%"
"10/27/2025","2.53","2.52","2.54","2.51","2.84M","0.40%"
"10/24/2025","2.52","2.51","2.53","2.50","3.31M","0.40%"
"10/23/2025","2.51","2.50","2.52","2.49","5.54M","0.00%"
"10/22/2025","2.51","2.50","2.51","2.49","2.70M","0.00%"
"10/21/2025","2.51","2.51","2.53","2.49","6.70M","0.00%"
"10/20/2025","2.51","2.50","2.51","2.48","4.89M","0.40%"
"10/17/2025","2.50","2.49","2.51","2.48","8.62M","-1.57%"
"10/16/2025","2.54","2.54","2.55","2.52","3.93M","0.00%"
"10/15/2025","2.54","2.55","2.55","2.53","2.54M","-0.39%"
"10/14/2025","2.55","2.53","2.55","2.52","2.50M","0.39%"
"10/13/2025","2.54","2.56","2.56","2.52","3.27M","-0.78%"
"10/10/2025","2.56","2.58","2.59","2.55","4.41M","-0.78%"
"10/09/2025","2.58","2.57","2.59","2.54","14.26M","1.57%"
"10/08/2025","2.54","2.55","2.56","2.48","20.24M","-0.39%"
"10/07/2025","2.55","2.52","2.55","2.51","4.04M","1.59%"
"10/06/2025","2.51","2.47","2.51","2.46","5.76M","2.45%"
"10/03/2025","2.45","2.48","2.49","2.44","6.41M","-1.61%"
"10/02/2025","2.49","2.47","2.52","2.47","10.16M","1.22%"
"10/01/2025","2.46","2.46","2.48","2.45","4.67M","0.00%"
"09/30/2025","2.46","2.46","2.48","2.45","3.24M","0.00%"
"09/29/2025","2.46","2.48","2.49","2.44","5.69M","-0.81%"
"09/26/2025","2.48","2.48","2.51","2.47","4.96M","0.00%"
"09/25/2025","2.48","2.54","2.54","2.48","4.78M","-2.36%"
"09/24/2025","2.54","2.56","2.57","2.52","2.93M","-0.78%"
"09/23/2025","2.56","2.54","2.59","2.54","5.55M","0.79%"
"09/22/2025","2.54","2.57","2.59","2.54","3.91M","-1.17%"
"09/19/2025","2.57","2.58","2.60","2.56","5.32M","-0.39%"
"09/18/2025","2.58","2.55","2.59","2.53","11.29M","1.18%"
"09/17/2025","2.55","2.51","2.56","2.51","11.00M","1.59%"
"09/16/2025","2.51","2.50","2.52","2.49","3.23M","0.40%"
"09/15/2025","2.50","2.47","2.51","2.46","5.88M","1.63%"
"09/12/2025","2.46","2.45","2.50","2.44","5.99M","0.82%"
"09/11/2025","2.44","2.41","2.49","2.40","11.64M","1.67%"
"09/10/2025","2.40","2.42","2.43","2.40","3.14M","-0.41%"
"09/09/2025","2.41","2.37","2.42","2.37","2.51M","2.12%"
"09/08/2025","2.36","2.41","2.41","2.35","4.65M","-2.07%"
"09/04/2025","2.41","2.45","2.45","2.41","5.52M","-1.63%"
"09/03/2025","2.45","2.46","2.48","2.43","4.39M","-0.81%"
"09/02/2025","2.47","2.44","2.48","2.42","5.44M","1.23%"
"09/01/2025","2.44","2.48","2.49","2.43","5.49M","-1.61%"
"08/29/2025","2.48","2.51","2.52","2.48","11.38M","-1.20%"
"08/28/2025","2.51","2.51","2.52","2.50","5.37M","0.00%"
"08/27/2025","2.51","2.49","2.52","2.49","6.44M","0.80%"
"08/26/2025","2.49","2.50","2.52","2.48","6.55M","-0.40%"
"08/25/2025","2.50","2.52","2.53","2.49","6.28M","-0.79%"
"08/22/2025","2.52","2.51","2.53","2.50","5.51M","0.00%"
"08/21/2025","2.52","2.50","2.52","2.49","4.71M","0.80%"
"08/20/2025","2.50","2.51","2.51","2.48","5.85M","0.00%"
"08/19/2025","2.50","2.52","2.54","2.50","4.77M","-0.79%"
"08/18/2025","2.52","2.51","2.53","2.50","5.10M","0.40%"
"08/15/2025","2.51","2.51","2.52","2.49","5.74M","0.00%"
"08/14/2025","2.51","2.53","2.54","2.50","9.03M","-0.40%"
"08/13/2025","2.52","2.52","2.54","2.50","8.57M","0.40%"
"08/12/2025","2.51","2.51","2.52","2.50","8.94M","-0.40%"
"08/11/2025","2.52","2.53","2.55","2.49","7.95M","0.00%"
"08/08/2025","2.52","2.54","2.56","2.51","4.45M","-0.79%"
"08/07/2025","2.54","2.58","2.60","2.52","12.41M","-1.55%"
"08/06/2025","2.58","2.61","2.61","2.56","3.27M","-0.39%"
"08/05/2025","2.59","2.61","2.63","2.57","7.93M","-0.38%"
"08/04/2025","2.60","2.59","2.61","2.56","13.85M","0.39%"
"08/01/2025","2.59","2.60","2.62","2.57","4.01M","-0.38%"
"07/31/2025","2.60","2.61","2.61","2.58","5.45M","-0.76%"
"07/30/2025","2.62","2.64","2.65","2.59","11.16M","-0.76%"
"07/29/2025","2.64","2.67","2.68","2.61","6.95M","-1.12%"
"07/28/2025","2.67","2.67","2.69","2.63","7.83M","0.00%"
"07/25/2025","2.67","2.70","2.72","2.64","9.76M","-0.74%"
"07/24/2025","2.69","2.56","2.77","2.55","47.17M","5.08%"
"07/23/2025","2.56","2.53","2.57","2.52","5.74M","1.59%"
"07/22/2025","2.52","2.55","2.55","2.51","2.29M","-1.18%"
"07/21/2025","2.55","2.53","2.58","2.53","8.03M","0.79%"
"07/18/2025","2.53","2.54","2.54","2.49","5.18M","0.00%"
"07/17/2025","2.53","2.54","2.55","2.51","3.51M","0.00%"
"07/16/2025","2.53","2.52","2.55","2.51","4.59M","0.00%"
"07/15/2025","2.53","2.53","2.54","2.50","2.50M","1.61%"
"07/14/2025","2.49","2.52","2.55","2.49","6.19M","-1.58%"
"07/11/2025","2.53","2.56","2.56","2.51","8.78M","-0.39%"
"07/10/2025","2.54","2.48","2.57","2.47","17.27M","2.42%"
"07/09/2025","2.48","2.45","2.50","2.44","7.82M","1.22%"
"07/08/2025","2.45","2.48","2.49","2.43","6.62M","-0.81%"
"07/07/2025","2.47","2.41","2.54","2.41","21.05M","3.35%"
"07/04/2025","2.39","2.39","2.41","2.39","6.97M","0.00%"
"07/03/2025","2.39","2.40","2.42","2.38","6.73M","-0.42%"
"07/02/2025","2.40","2.39","2.40","2.37","3.52M","0.42%"
"07/01/2025","2.39","2.39","2.40","2.37","4.02M","0.42%"
"06/30/2025","2.38","2.40","2.40","2.38","5.13M","-0.42%"
"06/26/2025","2.39","2.39","2.40","2.37","5.31M","0.00%"
"06/25/2025","2.39","2.39","2.42","2.36","7.82M","0.00%"
"06/24/2025","2.39","2.36","2.43","2.36","7.08M","2.14%"
"06/23/2025","2.34","2.32","2.36","2.32","3.41M","0.00%"
"06/20/2025","2.34","2.37","2.39","2.34","7.22M","-0.85%"
"06/19/2025","2.36","2.41","2.41","2.34","4.95M","-2.07%"
"06/18/2025","2.41","2.43","2.44","2.39","5.99M","-1.23%"
"06/17/2025","2.44","2.48","2.48","2.44","4.61M","-0.81%"
"06/16/2025","2.46","2.44","2.49","2.43","8.50M","0.41%"
"06/13/2025","2.45","2.37","2.47","2.34","6.27M","-1.61%"
"06/12/2025","2.49","2.51","2.51","2.45","6.32M","-1.19%"
"06/11/2025","2.52","2.53","2.56","2.51","6.59M","0.00%"
"06/10/2025","2.52","2.53","2.54","2.49","6.09M","-0.40%"
"06/09/2025","2.53","2.53","2.58","2.51","10.01M","0.40%"
"06/04/2025","2.52","2.49","2.53","2.48","14.99M","1.20%"
"06/03/2025","2.49","2.48","2.49","2.46","8.23M","0.40%"
"06/02/2025","2.48","2.48","2.50","2.47","9.70M","0.00%"
"05/30/2025","2.48","2.47","2.48","2.46","4.02M","0.00%"
"05/29/2025","2.48","2.46","2.48","2.45","4.67M","0.81%"
"05/28/2025","2.46","2.46","2.47","2.44","4.21M","0.41%"
"05/27/2025","2.45","2.47","2.48","2.44","4.75M","-0.41%"
"05/26/2025","2.46","2.47","2.47","2.45","3.55M","-0.40%"
"05/23/2025","2.47","2.48","2.48","2.45","4.15M","-0.40%"
"05/22/2025","2.48","2.47","2.49","2.45","6.06M","0.00%"
"05/21/2025","2.48","2.47","2.50","2.47","12.44M","0.00%"
"05/20/2025","2.48","2.49","2.49","2.46","3.66M","-0.40%"
"05/19/2025","2.49","2.50","2.52","2.44","26.04M","-0.40%"
"05/16/2025","2.50","2.46","2.53","2.45","34.99M","2.04%"
"05/15/2025","2.45","2.40","2.46","2.39","55.08M","2.08%"
"05/14/2025","2.40","2.36","2.40","2.33","14.23M","1.27%"
"05/13/2025","2.37","2.38","2.40","2.37","4.78M","-0.42%"
"05/12/2025","2.38","2.35","2.39","2.34","10.22M","2.15%"
"05/09/2025","2.33","2.32","2.33","2.32","2.35M","0.00%"
"05/08/2025","2.33","2.34","2.34","2.32","3.26M","0.00%"
"05/07/2025","2.33","2.31","2.33","2.30","4.99M","0.43%"
"05/06/2025","2.32","2.32","2.33","2.30","4.66M","0.43%"
"05/05/2025","2.31","2.27","2.36","2.27","14.94M","1.32%"
"05/02/2025","2.28","2.26","2.28","2.25","5.31M","0.44%"
"05/01/2025","2.27","2.27","2.28","2.25","4.27M","0.00%"
"04/30/2025","2.27","2.27","2.28","2.26","3.80M","0.00%"
"04/29/2025","2.27","2.29","2.29","2.25","3.73M","-0.87%"
"04/28/2025","2.29","2.30","2.30","2.26","4.16M","-0.43%"
"04/25/2025","2.30","2.28","2.30","2.26","3.39M","1.32%"
"04/24/2025","2.27","2.31","2.32","2.25","8.17M","-1.73%"
"04/23/2025","2.31","2.27","2.33","2.27","3.99M","2.21%"
"04/22/2025","2.26","2.30","2.30","2.26","1.81M","-1.74%"
"04/21/2025","2.30","2.32","2.33","2.29","3.86M","-0.86%"
"04/18/2025","2.32","2.30","2.32","2.29","4.65M","-0.85%"
"04/17/2025","2.34","2.32","2.34","2.31","7.96M","0.86%"
"04/16/2025","2.32","2.34","2.36","2.32","4.02M","-0.85%"
"04/15/2025","2.34","2.38","2.38","2.32","6.16M","-1.27%"
"04/14/2025","2.37","2.41","2.41","2.36","7.59M","-1.25%"
"04/11/2025","2.40","2.40","2.43","2.39","14.62M","0.00%"
"04/10/2025","2.40","2.36","2.44","2.33","48.08M","5.26%"
"04/09/2025","2.28","2.14","2.35","2.13","41.40M","7.04%"
"04/08/2025","2.13","2.11","2.16","2.11","7.53M","1.43%"
"04/07/2025","2.10","2.11","2.11","1.94","5.90M","-1.41%"
"04/04/2025","2.13","2.19","2.19","2.12","4.08M","-2.74%"
"04/03/2025","2.19","2.15","2.20","2.15","5.17M","1.86%"
"04/02/2025","2.15","2.13","2.16","2.13","2.91M","1.42%"
"03/28/2025","2.12","2.14","2.17","2.12","5.04M","-0.93%"
"03/27/2025","2.14","2.16","2.17","2.13","2.57M","-0.93%"
"03/26/2025","2.16","2.15","2.18","2.14","3.84M","0.47%"
"03/25/2025","2.15","2.14","2.17","2.14","2.22M","0.94%"
"03/24/2025","2.13","2.10","2.16","2.09","5.01M","2.40%"
"03/21/2025","2.08","2.18","2.19","2.08","7.68M","-4.59%"
"03/20/2025","2.18","2.19","2.22","2.16","2.61M","0.00%"
"03/19/2025","2.18","2.18","2.21","2.16","2.33M","0.46%"
"03/18/2025","2.17","2.21","2.21","2.16","2.85M","-1.81%"
"03/17/2025","2.21","2.23","2.25","2.19","4.00M","-0.45%"
"03/14/2025","2.22","2.23","2.25","2.22","2.63M","-0.45%"
"03/13/2025","2.23","2.22","2.33","2.22","5.65M","1.83%"
"03/12/2025","2.19","2.21","2.23","2.15","2.27M","-0.90%"
"03/11/2025","2.21","2.24","2.27","2.10","2.51M","-1.78%"
"03/10/2025","2.25","2.21","2.26","2.21","4.41M","1.81%"
"03/07/2025","2.21","2.25","2.25","2.14","2.19M","-1.78%"
"03/06/2025","2.25","2.28","2.28","2.22","2.39M","-0.44%"
"03/05/2025","2.26","2.34","2.34","2.25","3.68M","-2.59%"
"03/04/2025","2.32","2.33","2.34","2.30","2.79M","-0.43%"
"03/03/2025","2.33","2.35","2.36","2.32","1.12M","-0.43%"
"02/28/2025","2.34","2.39","2.41","2.32","3.22M","-1.68%"
"02/27/2025","2.38","2.44","2.44","2.37","1.07M","-1.65%"
"02/26/2025","2.42","2.38","2.43","2.38","2.66M","1.68%"
"02/25/2025","2.38","2.35","2.39","2.32","2.77M","1.71%"
"02/24/2025","2.34","2.43","2.43","2.34","4.96M","-2.90%"
"02/21/2025","2.41","2.44","2.44","2.40","784.25K","-1.63%"
"02/20/2025","2.45","2.39","2.47","2.39","4.14M","2.51%"
"02/19/2025","2.39","2.40","2.43","2.39","2.20M","-0.42%"
"02/18/2025","2.40","2.43","2.44","2.39","1.98M","-0.83%"
"02/17/2025","2.42","2.43","2.44","2.40","1.23M","0.83%"
"02/14/2025","2.40","2.43","2.43","2.40","623.43K","-0.41%"
"02/13/2025","2.41","2.43","2.44","2.41","765.77K","-0.41%"
"02/12/2025","2.42","2.46","2.46","2.42","1.28M","-1.22%"
"02/11/2025","2.45","2.40","2.46","2.40","5.91M","2.08%"
"02/10/2025","2.40","2.40","2.43","2.33","11.58M","-1.23%"
"02/07/2025","2.43","2.43","2.45","2.43","1.75M","0.41%"
"02/06/2025","2.42","2.44","2.44","2.41","1.31M","-0.41%"
"02/05/2025","2.43","2.45","2.46","2.42","4.16M","-0.41%"
"02/04/2025","2.44","2.46","2.46","2.43","2.48M","-0.81%"
"02/03/2025","2.46","2.46","2.47","2.43","1.45M","-0.81%"
"01/31/2025","2.48","2.50","2.50","2.47","601.08K","-1.20%"
"01/30/2025","2.51","2.47","2.51","2.47","2.51M","2.03%"
"01/29/2025","2.46","2.45","2.48","2.45","788.70K","0.00%"
"01/28/2025","2.46","2.45","2.47","2.45","2.30M","0.41%"
"01/27/2025","2.45","2.54","2.54","2.45","3.79M","-3.16%"
"01/24/2025","2.53","2.56","2.56","2.52","2.35M","-0.78%"
"01/23/2025","2.55","2.55","2.56","2.54","2.93M","0.39%"
"01/22/2025","2.54","2.57","2.57","2.53","3.88M","-0.39%"
"01/21/2025","2.55","2.56","2.57","2.54","2.52M","-0.39%"
"01/20/2025","2.56","2.56","2.56","2.54","778.55K","0.39%"
"01/17/2025","2.55","2.53","2.56","2.52","3.55M","0.79%"
"01/16/2025","2.53","2.54","2.56","2.52","4.67M","0.00%"
"01/15/2025","2.53","2.53","2.57","2.53","8.48M","0.00%"
"01/14/2025","2.53","2.48","2.56","2.47","9.27M","2.43%"
"01/13/2025","2.47","2.47","2.48","2.46","1.04M","0.00%"
"01/10/2025","2.47","2.48","2.49","2.46","1.45M","0.41%"
"01/09/2025","2.46","2.47","2.50","2.46","2.40M","0.00%"
"01/08/2025","2.46","2.49","2.50","2.46","2.00M","-1.20%"
"01/07/2025","2.49","2.46","2.52","2.45","4.32M","1.22%"
"01/06/2025","2.46","2.45","2.46","2.44","483.54K","0.41%"
"01/03/2025","2.45","2.46","2.46","2.44","233.32K","0.00%"
"01/02/2025","2.45","2.46","2.48","2.44","859.00K","0.00%"
"12/31/2024","2.45","2.44","2.50","2.43","1.64M","0.82%"
"12/30/2024","2.43","2.43","2.46","2.43","605.78K","0.00%"
"12/27/2024","2.43","2.44","2.45","2.43","642.37K","-0.82%"
"12/26/2024","2.45","2.46","2.47","2.43","471.30K","0.00%"
"12/25/2024","2.45","2.46","2.46","2.44","200.06K","0.00%"
"12/24/2024","2.45","2.44","2.47","2.43","650.09K","0.00%"
"12/23/2024","2.45","2.48","2.48","2.43","805.46K","-1.21%"
"12/20/2024","2.48","2.41","2.48","2.41","1.85M","2.48%"
"12/19/2024","2.42","2.43","2.43","2.40","218.31K","-0.41%"
"12/18/2024","2.43","2.42","2.44","2.40","2.09M","0.41%"
"12/17/2024","2.42","2.45","2.45","2.42","1.19M","-1.22%"
"12/16/2024","2.45","2.42","2.45","2.42","1.28M","0.82%"
"12/13/2024","2.43","2.42","2.45","2.42","387.33K","0.41%"
"12/12/2024","2.42","2.43","2.44","2.42","1.01M","-0.41%"
"12/11/2024","2.43","2.44","2.45","2.43","317.00K","0.00%"
"12/10/2024","2.43","2.45","2.46","2.43","1.42M","-0.82%"
"12/09/2024","2.45","2.47","2.47","2.43","1.78M","0.00%"
"12/06/2024","2.45","2.48","2.49","2.44","2.02M","-0.81%"
"12/05/2024","2.47","2.47","2.48","2.46","1.58M","0.00%"
"12/04/2024","2.47","2.48","2.48","2.45","1.92M","0.00%"
"11/29/2024","2.47","2.46","2.48","2.46","819.78K","0.00%"
"11/28/2024","2.47","2.45","2.47","2.45","1.71M","0.82%"
"11/27/2024","2.45","2.45","2.49","2.44","4.11M","0.41%"
"11/26/2024","2.44","2.44","2.47","2.43","1.83M","0.41%"
"11/25/2024","2.43","2.44","2.45","2.42","764.71K","0.00%"
"11/22/2024","2.43","2.49","2.49","2.42","2.38M","-1.62%"
"11/21/2024","2.47","2.51","2.51","2.46","2.09M","-1.98%"
"11/20/2024","2.52","2.51","2.54","2.49","3.03M","0.40%"
"11/19/2024","2.51","2.54","2.54","2.51","978.39K","-1.18%"
"11/18/2024","2.54","2.54","2.55","2.52","868.43K","0.00%"
"11/15/2024","2.54","2.56","2.57","2.52","2.44M","-0.78%"
"11/14/2024","2.56","2.53","2.57","2.52","3.30M","1.59%"
"11/13/2024","2.52","2.53","2.55","2.51","2.30M","-0.79%"
"11/12/2024","2.54","2.54","2.55","2.51","3.36M","0.40%"
"11/11/2024","2.53","2.64","2.64","2.53","12.12M","-5.24%"
"11/08/2024","2.67","2.67","2.69","2.65","2.96M","0.00%"
"11/07/2024","2.67","2.69","2.70","2.65","4.45M","-0.74%"
"11/06/2024","2.69","2.71","2.72","2.66","2.81M","0.00%"
"11/05/2024","2.69","2.68","2.71","2.67","1.19M","0.37%"
"11/04/2024","2.68","2.72","2.72","2.68","2.10M","-1.47%"
"11/01/2024","2.72","2.73","2.73","2.70","839.71K","0.37%"
"10/31/2024","2.71","2.74","2.74","2.69","1.08M","-1.09%"
"10/30/2024","2.74","2.73","2.76","2.72","2.29M","0.37%"
"10/29/2024","2.73","2.75","2.75","2.72","2.15M","-0.36%"
"10/28/2024","2.74","2.74","2.77","2.73","2.88M","0.37%"
"10/25/2024","2.73","2.74","2.75","2.70","2.77M","0.00%"
"10/24/2024","2.73","2.74","2.74","2.68","9.38M","-0.36%"
"10/23/2024","2.74","2.81","2.82","2.74","9.83M","-2.14%"
"10/22/2024","2.80","2.79","2.82","2.75","8.17M","0.72%"
"10/21/2024","2.78","2.76","2.80","2.73","9.30M","0.36%"
"10/18/2024","2.77","2.85","2.86","2.77","5.01M","-2.46%"
"10/17/2024","2.84","2.83","2.85","2.79","8.60M","0.71%"
"10/16/2024","2.82","2.75","2.92","2.75","54.41M","3.68%"
"10/15/2024","2.72","2.78","2.79","2.70","11.67M","-1.81%"
"10/14/2024","2.77","2.77","2.94","2.75","63.75M","1.47%"
"10/11/2024","2.73","2.50","2.83","2.49","4.21B","10.08%"
"10/10/2024","2.48","2.48","2.51","2.45","2.42M","0.00%"
"10/09/2024","2.48","2.49","2.49","2.43","2.58M","-1.98%"
"10/08/2024","2.53","2.52","2.57","2.51","3.78M","0.80%"
"10/07/2024","2.51","2.53","2.54","2.50","1.37M","-0.79%"
"10/04/2024","2.53","2.52","2.54","2.50","1.55M","-0.39%"
"10/03/2024","2.54","2.58","2.59","2.51","2.44M","-1.17%"
"10/02/2024","2.57","2.60","2.60","2.55","1.45M","-1.15%"
"10/01/2024","2.60","2.60","2.63","2.57","3.60M","-0.38%"
"09/30/2024","2.61","2.60","2.61","2.57","1.43M","0.00%"
"09/27/2024","2.61","2.60","2.61","2.59","1.48M","0.38%"
"09/26/2024","2.60","2.60","2.62","2.56","2.47M","0.39%"
"09/25/2024","2.59","2.52","2.59","2.52","2.64M","3.19%"
"09/24/2024","2.51","2.56","2.56","2.51","4.91M","-2.71%"
"09/23/2024","2.58","2.60","2.60","2.56","672.08K","-0.39%"
"09/20/2024","2.59","2.56","2.59","2.56","1.95M","1.17%"
"09/19/2024","2.56","2.51","2.57","2.50","2.39M","2.40%"
"09/18/2024","2.50","2.53","2.53","2.49","657.90K","-0.40%"
"09/17/2024","2.51","2.47","2.53","2.47","2.48M","1.21%"
"09/16/2024","2.48","2.48","2.50","2.46","521.23K","0.00%"
"09/13/2024","2.48","2.49","2.49","2.44","1.13M","0.40%"
"09/12/2024","2.47","2.56","2.57","2.47","2.45M","-2.37%"
"09/11/2024","2.53","2.57","2.57","2.53","550.83K","-1.17%"
"09/10/2024","2.56","2.58","2.61","2.56","2.09M","-0.39%"
"09/09/2024","2.57","2.56","2.57","2.54","893.18K","0.39%"
"09/06/2024","2.56","2.59","2.59","2.56","656.43K","-0.78%"
"09/05/2024","2.58","2.58","2.63","2.57","2.78M","0.39%"
"09/04/2024","2.57","2.57","2.58","2.54","2.09M","-0.39%"
"09/03/2024","2.58","2.61","2.62","2.58","1.50M","-1.90%"
"09/02/2024","2.63","2.64","2.64","2.58","2.75M","0.77%"
"08/30/2024","2.61","2.62","2.66","2.59","7.95M","0.38%"
"08/29/2024","2.60","2.55","2.62","2.51","13.28M","2.36%"
"08/28/2024","2.54","2.50","2.55","2.50","5.21M","2.01%"
"08/27/2024","2.49","2.45","2.50","2.45","2.05M","1.63%"
"08/26/2024","2.45","2.45","2.48","2.44","2.66M","0.41%"
"08/23/2024","2.44","2.43","2.48","2.43","2.09M","0.83%"
"08/22/2024","2.42","2.38","2.43","2.37","4.91M","2.11%"
"08/21/2024","2.37","2.36","2.37","2.34","1.47M","0.42%"
"08/20/2024","2.36","2.35","2.36","2.34","697.10K","0.43%"
"08/19/2024","2.35","2.35","2.36","2.34","778.08K","0.00%"
"08/16/2024","2.35","2.37","2.37","2.35","522.55K","-0.42%"
"08/15/2024","2.36","2.36","2.37","2.33","1.00M","0.43%"
"08/14/2024","2.35","2.33","2.36","2.32","1.67M","1.73%"
"08/13/2024","2.31","2.35","2.35","2.31","1.48M","-0.86%"
"08/12/2024","2.33","2.37","2.37","2.33","483.80K","-1.27%"
"08/09/2024","2.36","2.38","2.38","2.35","3.12M","0.43%"
"08/08/2024","2.35","2.35","2.35","2.32","1.39M","-0.42%"
"08/07/2024","2.36","2.35","2.38","2.35","3.37M","1.29%"
"08/06/2024","2.33","2.28","2.38","2.28","3.56M","3.10%"
"08/05/2024","2.26","2.30","2.30","2.22","8.90M","-5.04%"
"08/02/2024","2.38","2.44","2.44","2.36","5.63M","-2.86%"
"08/01/2024","2.45","2.46","2.50","2.44","5.65M","-1.21%"
"07/31/2024","2.48","2.52","2.54","2.47","5.00M","-1.59%"
"07/30/2024","2.52","2.47","2.57","2.46","16.70M","2.02%"
"07/29/2024","2.47","2.51","2.51","2.47","3.85M","-1.20%"
"07/26/2024","2.50","2.46","2.52","2.46","8.62M","2.04%"
"07/25/2024","2.45","2.43","2.46","2.43","7.44M","0.00%"
"07/24/2024","2.45","2.42","2.45","2.42","4.67M","0.82%"
"07/23/2024","2.43","2.45","2.46","2.43","3.55M","-0.82%"
"07/22/2024","2.45","2.46","2.48","2.45","3.60M","-0.41%"
"07/19/2024","2.46","2.44","2.48","2.43","10.31M","1.23%"
"07/18/2024","2.43","2.40","2.46","2.39","12.87M","1.25%"
"07/17/2024","2.40","2.40","2.41","2.39","4.09M","0.00%"
"07/16/2024","2.40","2.41","2.41","2.40","3.26M","-0.41%"
"07/15/2024","2.41","2.39","2.41","2.37","5.47M","0.42%"
"07/12/2024","2.40","2.41","2.45","2.38","15.34M","1.69%"
"07/11/2024","2.36","2.35","2.36","2.35","2.52M","0.43%"
"07/10/2024","2.35","2.35","2.36","2.34","6.28M","0.00%"
"07/09/2024","2.35","2.32","2.36","2.32","10.16M","1.73%"
"07/08/2024","2.31","2.34","2.34","2.29","6.15M","-0.86%"
"07/05/2024","2.33","2.31","2.34","2.31","6.92M","1.30%"
"07/04/2024","2.30","2.39","2.40","2.29","24.29M","-3.77%"
"07/03/2024","2.39","2.41","2.41","2.38","8.26M","-0.83%"
"07/02/2024","2.41","2.43","2.45","2.41","5.42M","-0.41%"
"07/01/2024","2.42","2.42","2.45","2.41","4.70M","0.41%"
"06/28/2024","2.41","2.40","2.43","2.40","1.59M","0.42%"
"06/27/2024","2.40","2.42","2.43","2.38","3.93M","0.00%"
"06/26/2024","2.40","2.45","2.45","2.40","3.75M","-1.23%"
"06/25/2024","2.43","2.46","2.46","2.43","4.36M","-0.41%"
"06/24/2024","2.44","2.43","2.46","2.41","2.21M","0.83%"
"06/21/2024","2.42","2.45","2.48","2.42","6.83M","-0.41%"
"06/20/2024","2.43","2.44","2.45","2.43","386.94K","-0.41%"
"06/19/2024","2.44","2.46","2.48","2.44","1.98M","-0.81%"
"06/14/2024","2.46","2.45","2.49","2.43","3.04M","0.41%"
"06/13/2024","2.45","2.49","2.52","2.45","4.99M","-2.00%"
"06/12/2024","2.50","2.49","2.52","2.46","5.21M","1.21%"
"06/11/2024","2.47","2.45","2.51","2.44","5.39M","1.23%"
"06/10/2024","2.44","2.41","2.48","2.41","4.13M","1.24%"
"06/07/2024","2.41","2.41","2.44","2.39","2.53M","0.42%"
"06/06/2024","2.40","2.44","2.45","2.39","5.82M","-1.64%"
"06/05/2024","2.44","2.43","2.46","2.43","5.32M","0.83%"
"06/04/2024","2.42","2.45","2.47","2.42","4.09M","-1.22%"
"06/03/2024","2.45","2.44","2.47","2.42","2.03M","1.24%"
"05/31/2024","2.42","2.44","2.46","2.42","3.01M","-0.82%"
"05/30/2024","2.44","2.45","2.48","2.42","4.30M","0.00%"
"05/29/2024","2.44","2.40","2.50","2.40","5.59M","1.67%"
"05/28/2024","2.40","2.47","2.48","2.40","5.95M","-2.44%"
"05/27/2024","2.46","2.47","2.49","2.44","4.08M","0.00%"
"05/24/2024","2.46","2.50","2.53","2.45","6.09M","-1.60%"
"05/23/2024","2.50","2.58","2.60","2.47","6.52M","-2.72%"
"05/22/2024","2.57","2.62","2.62","2.56","2.59M","-1.53%"
"05/21/2024","2.61","2.61","2.63","2.60","1.71M","0.00%"
"05/20/2024","2.61","2.60","2.62","2.58","2.23M","0.38%"
"05/17/2024","2.60","2.59","2.64","2.58","1.37M","0.39%"
"05/16/2024","2.59","2.60","2.61","2.54","2.83M","-0.38%"
"05/15/2024","2.60","2.69","2.69","2.59","3.82M","-2.99%"
"05/14/2024","2.68","2.73","2.77","2.67","6.53M","-1.47%"
"05/13/2024","2.72","2.75","2.76","2.71","1.20M","-0.37%"
"05/10/2024","2.73","2.76","2.77","2.70","4.36M","-1.44%"
"05/09/2024","2.77","2.76","2.78","2.74","2.35M","-2.81%"
"05/08/2024","2.85","2.88","2.89","2.85","3.99M","-0.35%"
"05/07/2024","2.86","2.83","2.89","2.83","4.04M","1.06%"
"05/06/2024","2.83","2.85","2.86","2.80","3.41M","-0.35%"
"05/03/2024","2.84","2.83","2.86","2.81","2.71M","0.35%"
"05/02/2024","2.83","2.81","2.83","2.80","1.36M","1.07%"
"05/01/2024","2.80","2.81","2.81","2.79","1.25M","0.36%"
"04/30/2024","2.79","2.85","2.85","2.79","1.81M","-1.76%"
"04/29/2024","2.84","2.82","2.85","2.79","5.53M","1.07%"
"04/26/2024","2.81","2.80","2.81","2.78","1.39M","0.72%"
"04/25/2024","2.79","2.76","2.84","2.76","3.44M","1.09%"
"04/24/2024","2.76","2.82","2.83","2.76","1.79M","-1.43%"
"04/23/2024","2.80","2.82","2.84","2.80","706.55K","0.00%"
"04/22/2024","2.80","2.84","2.88","2.80","2.21M","-2.10%"
"04/19/2024","2.86","2.84","2.86","2.83","3.93M","0.00%"
"04/18/2024","2.86","2.85","2.87","2.84","6.48M","0.70%"
"04/17/2024","2.84","2.84","2.86","2.80","5.14M","0.00%"
"04/16/2024","2.84","2.84","2.89","2.81","6.21M","0.00%"
"04/15/2024","2.84","2.73","2.88","2.71","6.51M","2.53%"
"04/05/2024","2.77","2.79","2.80","2.77","1.05M","-0.72%"
"04/04/2024","2.79","2.75","2.83","2.75","4.86M","1.45%"
"04/03/2024","2.75","2.77","2.77","2.72","1.25M","-0.36%"
"04/02/2024","2.76","2.80","2.80","2.75","1.40M","-2.13%"
"04/01/2024","2.82","2.84","2.84","2.79","791.21K","-0.70%"
"03/29/2024","2.84","2.80","2.86","2.80","4.34M","1.43%"
"03/28/2024","2.80","2.79","2.85","2.78","9.77M","0.72%"
"03/27/2024","2.78","2.79","2.80","2.76","3.73M","-0.36%"
"03/26/2024","2.79","2.80","2.82","2.79","1.05M","-0.36%"
"03/25/2024","2.80","2.83","2.83","2.79","2.43M","-1.06%"
"03/22/2024","2.83","2.84","2.85","2.82","1.29M","-0.35%"
"03/21/2024","2.84","2.86","2.90","2.82","5.81M","-0.35%"
"03/20/2024","2.85","2.79","2.88","2.79","12.00M","2.89%"
"03/19/2024","2.77","2.72","2.80","2.72","7.34M","2.21%"
"03/18/2024","2.71","2.71","2.73","2.68","2.32M","0.00%"
"03/15/2024","2.71","2.79","2.79","2.71","11.45M","-2.87%"
"03/14/2024","2.79","2.73","2.81","2.72","10.43M","2.95%"
"03/13/2024","2.71","2.67","2.73","2.66","7.46M","1.88%"
"03/12/2024","2.66","2.64","2.68","2.62","7.15M","0.76%"
"03/11/2024","2.64","2.61","2.65","2.59","10.22M","1.54%"
"03/08/2024","2.60","2.61","2.61","2.58","1.04M","0.00%"
"03/07/2024","2.60","2.60","2.61","2.59","1.14M","-0.38%"
"03/06/2024","2.61","2.57","2.61","2.55","2.06M","1.56%"
"03/05/2024","2.57","2.60","2.62","2.56","2.02M","-1.15%"
"03/04/2024","2.60","2.59","2.61","2.57","1.76M","0.78%"
"03/01/2024","2.58","2.56","2.59","2.55","2.83M","0.78%"
"02/29/2024","2.56","2.59","2.62","2.53","7.39M","-1.54%"
"02/28/2024","2.60","2.63","2.65","2.59","5.33M","-1.14%"
"02/27/2024","2.63","2.63","2.65","2.58","4.39M","0.00%"
"02/26/2024","2.63","2.67","2.67","2.61","2.77M","-0.38%"
"02/23/2024","2.64","2.67","2.70","2.63","3.71M","-0.38%"
"02/22/2024","2.65","2.64","2.68","2.62","3.98M","0.38%"
"02/21/2024","2.64","2.70","2.71","2.63","15.69M","-2.58%"
"02/20/2024","2.71","2.74","2.75","2.69","3.63M","-0.73%"
"02/19/2024","2.73","2.75","2.79","2.73","7.88M","-0.36%"
"02/16/2024","2.74","2.69","2.76","2.68","5.01M","1.86%"
"02/15/2024","2.69","2.68","2.70","2.66","5.34M","0.75%"
"02/14/2024","2.67","2.70","2.71","2.65","14.68M","-1.11%"
"02/13/2024","2.70","2.66","2.70","2.62","7.06M","1.89%"
"02/12/2024","2.65","2.65","2.67","2.64","1.98M","0.38%"
"02/09/2024","2.64","2.66","2.69","2.64","3.61M","-1.12%"
"02/08/2024","2.67","2.70","2.70","2.65","9.08M","0.00%"
"02/07/2024","2.67","2.70","2.70","2.66","10.88M","0.00%"
"02/06/2024","2.67","2.76","2.76","2.66","6.73M","-2.55%"
"02/05/2024","2.74","2.74","2.78","2.73","3.02M","-1.08%"
"02/02/2024","2.77","2.76","2.80","2.76","2.73M","0.73%"
"02/01/2024","2.75","2.80","2.80","2.73","3.98M","-1.43%"
"01/31/2024","2.79","2.84","2.85","2.75","9.49M","-1.41%"
"01/30/2024","2.83","2.89","2.91","2.83","5.68M","-2.08%"
"01/29/2024","2.89","2.94","2.95","2.85","3.65M","-1.70%"
"01/26/2024","2.94","2.98","2.98","2.93","1.17M","-1.01%"
"01/25/2024","2.97","2.97","3.01","2.94","5.25M","0.00%"
"01/24/2024","2.97","2.99","3.02","2.96","3.05M","0.00%"
"01/23/2024","2.97","2.98","2.98","2.95","1.24M","0.00%"
"01/22/2024","2.97","3.00","3.01","2.97","1.06M","-0.34%"
"01/19/2024","2.98","2.99","3.01","2.97","794.35K","0.34%"
"01/18/2024","2.97","3.03","3.04","2.97","7.97M","-1.66%"
"01/17/2024","3.02","3.05","3.05","3.01","4.01M","-0.33%"
"01/16/2024","3.03","3.07","3.08","3.03","8.11M","-1.62%"
"01/15/2024","3.08","3.06","3.09","3.05","14.43M","0.98%"
"01/12/2024","3.05","3.04","3.10","3.02","9.76M","0.33%"
"01/11/2024","3.04","3.01","3.07","3.00","11.02M","1.00%"
"01/10/2024","3.01","3.02","3.02","2.99","3.28M","0.00%"
"01/09/2024","3.01","3.02","3.02","3.00","3.57M","-0.33%"
"01/08/2024","3.02","3.02","3.04","3.01","7.49M","0.00%"
"01/05/2024","3.02","3.04","3.05","3.02","3.81M","-0.98%"
"01/04/2024","3.05","3.09","3.09","3.02","6.09M","-1.61%"
"01/03/2024","3.10","3.05","3.14","3.03","9.75M","1.97%"
"01/02/2024","3.04","2.99","3.06","2.97","6.68M","2.36%"
"12/29/2023","2.97","2.97","3.00","2.94","4.30M","0.34%"
"12/28/2023","2.96","2.93","2.99","2.90","12.14M","1.02%"
"12/27/2023","2.93","2.99","2.99","2.92","5.60M","-1.35%"
"12/26/2023","2.97","2.99","2.99","2.97","1.45M","-0.67%"
"12/25/2023","2.99","2.99","2.99","2.96","3.76M","0.67%"
"12/22/2023","2.97","2.98","3.00","2.96","3.02M","0.34%"
"12/21/2023","2.96","3.02","3.02","2.96","2.90M","-1.66%"
"12/20/2023","3.01","3.02","3.06","3.01","3.66M","-0.66%"
"12/19/2023","3.03","3.09","3.09","3.03","3.56M","-2.57%"
"12/18/2023","3.11","3.12","3.18","3.09","24.55M","3.32%"
"12/15/2023","3.01","3.02","3.04","3.00","4.30M","0.33%"
"12/14/2023","3.00","2.95","3.04","2.95","4.51M","1.69%"
"12/13/2023","2.95","2.98","2.98","2.94","3.88M","-0.67%"
"12/12/2023","2.97","2.97","2.99","2.95","2.96M","0.00%"
"12/11/2023","2.97","3.00","3.01","2.91","12.86M","-1.00%"
"12/08/2023","3.00","3.02","3.05","3.00","2.85M","0.00%"
"12/07/2023","3.00","3.05","3.08","2.99","5.36M","-1.96%"
"12/06/2023","3.06","2.97","3.07","2.96","19.41M","2.68%"
"12/05/2023","2.98","3.12","3.12","2.98","10.61M","-4.49%"
"12/01/2023","3.12","3.18","3.18","3.12","1.97M","-1.58%"
"11/30/2023","3.17","3.17","3.17","3.13","8.12M","0.00%"
"11/29/2023","3.17","3.19","3.19","3.15","6.63M","-0.31%"
"11/28/2023","3.18","3.18","3.18","3.16","2.65M","0.00%"
"11/27/2023","3.18","3.19","3.19","3.16","5.73M","-0.62%"
"11/24/2023","3.20","3.18","3.20","3.14","3.33M","0.63%"
"11/23/2023","3.18","3.23","3.23","3.15","4.50M","-0.62%"
"11/22/2023","3.20","3.20","3.22","3.16","2.29M","0.00%"
"11/21/2023","3.20","3.21","3.22","3.18","10.04M","-0.31%"
"11/20/2023","3.21","3.23","3.27","3.21","2.60M","-0.31%"
"11/17/2023","3.22","3.25","3.25","3.21","3.58M","0.00%"
"11/16/2023","3.22","3.23","3.25","3.21","3.88M","0.00%"
"11/15/2023","3.22","3.26","3.27","3.22","6.99M","-4.17%"
"11/14/2023","3.36","3.45","3.45","3.35","6.41M","-2.04%"
"11/13/2023","3.43","3.41","3.47","3.40","12.46M","1.18%"
"11/10/2023","3.39","3.37","3.41","3.37","1.41M","0.30%"
"11/09/2023","3.38","3.39","3.43","3.37","3.31M","-0.29%"
"11/08/2023","3.39","3.38","3.41","3.36","8.56M","0.89%"
"11/07/2023","3.36","3.34","3.38","3.31","9.64M","0.90%"
"11/06/2023","3.33","3.27","3.35","3.27","8.42M","2.46%"
"11/03/2023","3.25","3.25","3.32","3.24","6.20M","0.00%"
"11/02/2023","3.25","3.24","3.27","3.22","6.31M","1.56%"
"11/01/2023","3.20","3.20","3.21","3.17","3.26M","-0.31%"
"10/31/2023","3.21","3.18","3.22","3.17","3.80M","1.90%"
"10/30/2023","3.15","3.12","3.17","3.12","1.44M","0.96%"
"10/27/2023","3.12","3.15","3.15","3.10","2.83M","-0.64%"
"10/26/2023","3.14","3.22","3.22","3.14","4.83M","-2.79%"
"10/25/2023","3.23","3.16","3.25","3.14","11.58M","2.87%"
"10/24/2023","3.14","3.18","3.18","3.11","2.55M","0.00%"
"10/23/2023","3.14","3.13","3.20","3.13","4.31M","0.64%"
"10/20/2023","3.12","3.20","3.23","3.10","6.95M","-3.41%"
"10/19/2023","3.23","3.36","3.39","3.22","7.63M","-4.15%"
"10/18/2023","3.37","3.43","3.43","3.36","3.90M","-2.03%"
"10/17/2023","3.44","3.45","3.47","3.44","1.22M","0.29%"
"10/16/2023","3.43","3.45","3.48","3.39","1.30M","-0.58%"
"10/13/2023","3.45","3.54","3.54","3.43","2.50M","-2.54%"
"10/12/2023","3.54","3.52","3.55","3.52","1.75M","0.57%"
"10/11/2023","3.52","3.48","3.52","3.48","1.14M","1.15%"
"10/10/2023","3.48","3.49","3.53","3.47","4.90M","0.29%"
"10/09/2023","3.47","3.50","3.52","3.45","5.67M","-1.98%"
"10/06/2023","3.54","3.53","3.54","3.52","913.21K","0.00%"
"10/05/2023","3.54","3.53","3.56","3.51","2.54M","-0.28%"
"10/04/2023","3.55","3.60","3.60","3.51","4.49M","-1.39%"
"10/03/2023","3.60","3.56","3.65","3.54","13.08M","1.41%"
"10/02/2023","3.55","3.50","3.55","3.50","2.05M","1.72%"
"09/28/2023","3.49","3.51","3.53","3.49","2.07M","-0.29%"
"09/27/2023","3.50","3.53","3.53","3.50","500.58K","0.00%"
"09/26/2023","3.50","3.50","3.53","3.48","2.13M","0.00%"
"09/25/2023","3.50","3.56","3.56","3.50","2.58M","-1.96%"
"09/22/2023","3.57","3.54","3.58","3.53","4.01M","0.85%"
"09/21/2023","3.54","3.50","3.56","3.50","7.32M","1.14%"
"09/20/2023","3.50","3.47","3.53","3.46","3.15M","0.86%"
"09/19/2023","3.47","3.52","3.52","3.47","1.19M","-1.70%"
"09/18/2023","3.53","3.54","3.54","3.51","908.33K","0.28%"
"09/15/2023","3.52","3.53","3.54","3.48","4.26M","-0.28%"
"09/14/2023","3.53","3.53","3.54","3.51","4.01M","0.00%"
"09/13/2023","3.53","3.54","3.56","3.51","4.55M","-0.28%"
"09/12/2023","3.54","3.53","3.54","3.48","1.76M","0.57%"
"09/11/2023","3.52","3.55","3.56","3.47","2.51M","-0.28%"
"09/08/2023","3.53","3.56","3.57","3.52","1.80M","-0.84%"
"09/07/2023","3.56","3.50","3.59","3.50","10.86M","2.30%"
"09/06/2023","3.48","3.42","3.50","3.41","7.91M","2.35%"
"09/05/2023","3.40","3.41","3.45","3.40","4.15M","-0.58%"
"09/04/2023","3.42","3.43","3.46","3.39","2.27M","-0.29%"
"09/01/2023","3.43","3.41","3.45","3.39","6.07M","1.48%"
"08/31/2023","3.38","3.43","3.43","3.36","4.46M","-1.17%"
"08/30/2023","3.42","3.48","3.48","3.42","4.18M","-1.16%"
"08/29/2023","3.46","3.51","3.54","3.45","4.04M","-1.14%"
"08/28/2023","3.50","3.53","3.56","3.50","3.24M","0.00%"
"08/25/2023","3.50","3.53","3.53","3.49","3.32M","-0.28%"
"08/24/2023","3.51","3.52","3.55","3.50","2.81M","0.29%"
"08/23/2023","3.50","3.50","3.53","3.49","4.20M","0.00%"
"08/22/2023","3.50","3.55","3.55","3.49","10.17M","-1.41%"
"08/21/2023","3.55","3.57","3.60","3.54","3.14M","-0.28%"
"08/18/2023","3.56","3.64","3.64","3.56","5.44M","-2.20%"
"08/17/2023","3.64","3.60","3.64","3.59","3.21M","1.11%"
"08/16/2023","3.60","3.61","3.64","3.56","7.17M","-1.10%"
"08/15/2023","3.64","3.66","3.68","3.60","10.93M","-0.55%"
"08/14/2023","3.66","3.68","3.70","3.64","11.98M","-0.54%"
"08/11/2023","3.68","3.68","3.73","3.64","10.06M","-0.27%"
"08/10/2023","3.69","3.65","3.70","3.65","11.42M","1.10%"
"08/09/2023","3.65","3.56","3.66","3.51","10.78M","2.82%"
"08/08/2023","3.55","3.56","3.57","3.53","6.33M","0.28%"
"08/07/2023","3.54","3.47","3.56","3.46","12.49M","1.72%"
"08/04/2023","3.48","3.46","3.50","3.43","3.85M","-0.29%"
"08/03/2023","3.49","3.52","3.56","3.45","9.89M","-0.85%"
"08/02/2023","3.52","3.51","3.57","3.47","21.56M","-1.68%"
"08/01/2023","3.58","3.57","3.60","3.52","12.56M","0.00%"
"07/31/2023","3.58","3.71","3.71","3.55","15.80M","-1.92%"
"07/28/2023","3.65","3.72","3.76","3.65","7.76M","-1.88%"
"07/27/2023","3.72","3.60","3.76","3.60","27.64M","3.33%"
"07/26/2023","3.60","3.45","3.71","3.44","57.68M","4.65%"
"07/25/2023","3.44","3.49","3.49","3.42","6.11M","-1.15%"
"07/24/2023","3.48","3.48","3.50","3.45","6.78M","0.29%"
"07/20/2023","3.47","3.39","3.48","3.36","16.09M","2.06%"
"07/19/2023","3.40","3.39","3.43","3.37","16.24M","0.59%"
"07/18/2023","3.38","3.30","3.40","3.30","9.12M","2.74%"
"07/17/2023","3.29","3.27","3.31","3.26","4.49M","1.23%"
"07/14/2023","3.25","3.25","3.28","3.24","9.07M","0.00%"
"07/13/2023","3.25","3.28","3.28","3.24","5.47M","-0.31%"
"07/12/2023","3.26","3.30","3.30","3.25","2.79M","-0.61%"
"07/11/2023","3.28","3.35","3.35","3.27","5.15M","-1.20%"
"07/10/2023","3.32","3.34","3.36","3.32","2.94M","-0.30%"
"07/07/2023","3.33","3.34","3.39","3.33","3.99M","-0.30%"
"07/06/2023","3.34","3.39","3.39","3.33","2.84M","-1.47%"
"07/05/2023","3.39","3.38","3.40","3.35","5.30M","0.89%"
"07/04/2023","3.36","3.43","3.45","3.35","5.22M","-1.75%"
"07/03/2023","3.42","3.33","3.42","3.33","5.14M","3.01%"
"06/26/2023","3.32","3.30","3.34","3.29","2.55M","0.61%"
"06/23/2023","3.30","3.29","3.31","3.28","2.26M","0.92%"
"06/22/2023","3.27","3.25","3.31","3.24","2.53M","0.93%"
"06/21/2023","3.24","3.22","3.27","3.22","3.53M","0.62%"
"06/20/2023","3.22","3.24","3.26","3.21","1.62M","-0.62%"
"06/19/2023","3.24","3.27","3.32","3.23","2.86M","-0.61%"
"06/16/2023","3.26","3.32","3.35","3.26","6.52M","-1.81%"
"06/15/2023","3.32","3.39","3.39","3.31","5.19M","-2.06%"
"06/14/2023","3.39","3.32","3.39","3.30","4.61M","1.50%"
"06/13/2023","3.34","3.27","3.34","3.27","8.15M","2.14%"
"06/12/2023","3.27","3.27","3.31","3.25","5.81M","0.00%"
"06/09/2023","3.27","3.24","3.27","3.23","2.75M","1.24%"
"06/08/2023","3.23","3.21","3.24","3.20","2.88M","0.62%"
"06/07/2023","3.21","3.20","3.23","3.18","3.30M","0.94%"
"06/06/2023","3.18","3.21","3.21","3.17","4.56M","-0.62%"
"06/05/2023","3.20","3.20","3.23","3.19","8.06M","0.31%"
"06/02/2023","3.19","3.28","3.28","3.18","10.93M","-2.15%"
"06/01/2023","3.26","3.29","3.30","3.23","6.31M","-0.91%"
"05/31/2023","3.29","3.25","3.29","3.23","6.65M","0.92%"
"05/30/2023","3.26","3.31","3.36","3.25","11.36M","-1.21%"
"05/29/2023","3.30","3.23","3.31","3.21","5.21M","2.17%"
"05/26/2023","3.23","3.25","3.25","3.20","1.55M","-0.62%"
"05/25/2023","3.25","3.27","3.27","3.23","7.54M","0.00%"
"05/24/2023","3.25","3.23","3.30","3.23","18.38M","0.93%"
"05/23/2023","3.22","3.18","3.23","3.16","9.35M","1.90%"
"05/22/2023","3.16","3.19","3.21","3.16","8.53M","-0.94%"
"05/19/2023","3.19","3.19","3.20","3.17","2.24M","0.31%"
"05/18/2023","3.18","3.25","3.25","3.18","11.32M","-0.62%"
"05/17/2023","3.20","3.26","3.26","3.19","6.55M","-1.84%"
"05/16/2023","3.26","3.23","3.28","3.15","9.32M","2.19%"
"05/15/2023","3.19","3.36","3.36","3.11","28.22M","-4.78%"
"05/12/2023","3.35","3.41","3.42","3.34","6.73M","-2.05%"
"05/11/2023","3.42","3.46","3.46","3.37","16.32M","-0.87%"
"05/10/2023","3.45","3.49","3.51","3.44","8.34M","-0.58%"
"05/09/2023","3.47","3.53","3.55","3.45","16.90M","-1.98%"
"05/05/2023","3.54","3.67","3.68","3.54","11.02M","-3.28%"
"05/04/2023","3.66","3.68","3.72","3.64","7.62M","-0.27%"
"05/03/2023","3.67","3.74","3.74","3.67","9.37M","-1.34%"
"05/02/2023","3.72","3.78","3.80","3.72","8.35M","-1.06%"
"05/01/2023","3.76","3.82","3.82","3.76","3.65M","-2.08%"
"04/28/2023","3.84","3.86","3.86","3.80","5.11M","-0.26%"
"04/27/2023","3.85","3.80","3.87","3.79","9.33M","1.32%"
"04/26/2023","3.80","3.77","3.82","3.71","14.15M","0.53%"
"04/25/2023","3.78","3.77","3.82","3.77","9.45M","0.27%"
"04/24/2023","3.77","3.81","3.83","3.77","10.51M","-1.57%"
"04/19/2023","3.83","3.93","3.93","3.82","21.85M","-9.24%"
"04/18/2023","4.22","4.14","4.22","4.13","21.38M","1.69%"
"04/17/2023","4.15","4.09","4.17","4.08","23.51M","1.47%"
"04/14/2023","4.09","4.09","4.10","4.07","9.79M","0.00%"
"04/13/2023","4.09","4.11","4.13","4.07","12.66M","0.00%"
"04/12/2023","4.09","4.11","4.12","4.07","11.55M","-0.24%"
"04/10/2023","4.10","4.07","4.12","4.07","12.34M","0.74%"
"04/07/2023","4.07","4.04","4.08","4.03","11.63M","0.74%"
"04/06/2023","4.04","4.04","4.05","4.00","5.37M","0.00%"
"04/05/2023","4.04","4.03","4.04","3.96","7.36M","0.75%"
"04/04/2023","4.01","4.04","4.06","4.01","9.56M","-0.50%"
"04/03/2023","4.03","4.02","4.06","4.02","2.73M","0.75%"
"03/31/2023","4.00","3.99","4.02","3.98","1.77M","0.25%"
"03/30/2023","3.99","3.98","4.05","3.98","8.31M","0.25%"
"03/29/2023","3.98","3.92","3.99","3.92","6.20M","1.53%"
"03/28/2023","3.92","3.90","3.93","3.89","1.79M","0.00%"
"03/27/2023","3.92","3.91","3.92","3.88","2.30M","0.77%"
"03/24/2023","3.89","3.92","3.92","3.89","3.72M","-0.51%"
"03/23/2023","3.91","3.91","3.92","3.90","1.76M","0.00%"
"03/22/2023","3.91","3.92","3.92","3.90","3.14M","-0.26%"
"03/21/2023","3.92","3.92","3.93","3.89","4.31M","0.26%"
"03/20/2023","3.91","3.90","3.95","3.89","4.15M","0.00%"
"03/17/2023","3.91","3.89","3.93","3.87","5.86M","0.77%"
"03/16/2023","3.88","3.89","3.89","3.84","3.15M","-0.26%"
"03/15/2023","3.89","3.91","3.93","3.89","1.84M","-0.26%"
"03/14/2023","3.90","3.90","3.92","3.87","10.82M","0.00%"
"03/13/2023","3.90","3.89","3.92","3.89","2.35M","-0.26%"
"03/10/2023","3.91","3.88","3.91","3.86","7.86M","0.51%"
"03/09/2023","3.89","3.89","3.92","3.87","3.67M","0.00%"
"03/08/2023","3.89","3.92","3.92","3.88","9.55M","-0.51%"
"03/07/2023","3.91","3.96","3.97","3.90","10.55M","-1.26%"
"03/06/2023","3.96","3.97","4.00","3.96","8.38M","0.00%"
"03/03/2023","3.96","3.98","4.00","3.96","3.48M","-0.25%"
"03/02/2023","3.97","3.94","4.00","3.92","10.54M","0.76%"
"03/01/2023","3.94","3.95","3.95","3.91","4.01M","-0.25%"
"02/28/2023","3.95","3.93","3.96","3.90","15.81M","0.77%"
"02/27/2023","3.92","3.90","3.92","3.87","6.00M","0.77%"
"02/24/2023","3.89","3.92","3.92","3.82","10.11M","0.00%"
"02/23/2023","3.89","3.90","3.93","3.77","18.04M","0.78%"
"02/22/2023","3.86","3.96","3.96","3.86","40.75M","-3.02%"
"02/21/2023","3.98","4.02","4.02","3.91","8.60M","-0.50%"
"02/20/2023","4.00","4.01","4.03","3.99","5.92M","0.50%"
"02/17/2023","3.98","4.03","4.03","3.96","8.46M","-1.24%"
"02/16/2023","4.03","4.01","4.04","3.98","12.47M","0.75%"
"02/15/2023","4.00","4.14","4.15","3.95","24.83M","-3.38%"
"02/14/2023","4.14","4.23","4.26","4.13","25.47M","0.49%"
"02/13/2023","4.12","4.24","4.25","4.09","14.29M","-2.14%"
"02/10/2023","4.21","4.19","4.24","4.19","7.15M","0.24%"
"02/09/2023","4.20","4.23","4.30","4.19","15.19M","-0.24%"
"02/08/2023","4.21","4.20","4.23","4.18","5.63M","0.24%"
"02/07/2023","4.20","4.15","4.21","4.15","9.46M","0.72%"
"02/06/2023","4.17","4.13","4.20","4.12","8.22M","0.72%"
"02/03/2023","4.14","4.15","4.17","4.11","8.91M","0.00%"
"02/02/2023","4.14","4.04","4.16","4.03","11.30M","2.22%"
"02/01/2023","4.05","4.00","4.11","4.00","10.81M","1.25%"
"01/31/2023","4.00","3.90","4.04","3.87","6.76M","3.63%"
"01/30/2023","3.86","3.95","3.95","3.66","13.22M","-1.28%"
"01/27/2023","3.91","4.05","4.05","3.90","8.23M","-2.74%"
"01/26/2023","4.02","4.07","4.10","4.01","7.56M","-0.99%"
"01/25/2023","4.06","4.07","4.11","4.04","6.09M","0.00%"
"01/24/2023","4.06","4.09","4.10","4.04","4.91M","-0.73%"
"01/23/2023","4.09","4.07","4.11","4.07","1.60M","0.25%"
"01/20/2023","4.08","4.08","4.14","4.05","5.45M","0.00%"
"01/19/2023","4.08","4.11","4.12","4.07","5.71M","-0.49%"
"01/18/2023","4.10","4.14","4.17","4.10","9.46M","-0.73%"
"01/17/2023","4.13","4.05","4.16","4.05","24.34M","2.23%"
"01/16/2023","4.04","4.05","4.10","4.01","15.03M","0.00%"
"01/13/2023","4.04","3.98","4.08","3.97","15.10M","2.28%"
"01/12/2023","3.95","4.00","4.03","3.95","9.60M","-0.50%"
"01/11/2023","3.97","4.03","4.06","3.97","8.78M","-1.49%"
"01/10/2023","4.03","4.08","4.09","3.97","14.32M","-0.98%"
"01/09/2023","4.07","4.07","4.16","4.07","14.91M","0.25%"
"01/06/2023","4.06","4.11","4.12","4.05","5.31M","-0.98%"
"01/05/2023","4.10","4.22","4.22","4.03","20.44M","-2.38%"
"01/04/2023","4.20","4.25","4.28","4.20","11.05M","-1.18%"
"01/03/2023","4.25","4.19","4.26","4.16","10.70M","1.92%"
"01/02/2023","4.17","4.24","4.29","4.16","5.44M","-1.42%"
"12/30/2022","4.23","4.25","4.27","4.21","1.06M","0.24%"
"12/29/2022","4.22","4.29","4.32","4.22","2.49M","-1.63%"
"12/28/2022","4.29","4.35","4.38","4.29","1.31M","-0.92%"
"12/27/2022","4.33","4.30","4.40","4.30","1.79M","0.00%"
"12/26/2022","4.33","4.33","4.37","4.28","5.35M","0.46%"
"12/23/2022","4.31","4.31","4.35","4.21","2.36M","-0.46%"
"12/22/2022","4.33","4.36","4.40","4.29","3.36M","-1.59%"
"12/21/2022","4.40","4.41","4.44","4.32","2.97M","-0.68%"
"12/20/2022","4.43","4.40","4.47","4.38","4.54M","0.68%"
"12/19/2022","4.40","4.40","4.47","4.35","7.29M","0.00%"
"12/16/2022","4.40","4.24","4.40","4.16","25.79M","3.77%"
"12/15/2022","4.24","4.07","4.32","4.07","24.58M","4.95%"
"12/14/2022","4.04","4.02","4.12","3.98","13.36M","1.25%"
"12/13/2022","3.99","4.20","4.22","3.93","20.56M","-4.55%"
"12/12/2022","4.18","4.30","4.32","4.17","7.09M","-3.24%"
"12/09/2022","4.32","4.32","4.38","4.25","9.33M","0.47%"
"12/08/2022","4.30","4.38","4.39","4.25","16.79M","-2.05%"
"12/07/2022","4.39","4.54","4.54","4.39","8.96M","-2.66%"
"12/06/2022","4.51","4.56","4.58","4.51","4.12M","-1.31%"
"12/05/2022","4.57","4.60","4.64","4.53","9.03M","-0.87%"
"11/30/2022","4.61","4.56","4.61","4.48","5.85M","1.32%"
"11/29/2022","4.55","4.58","4.62","4.53","5.76M","-0.66%"
"11/28/2022","4.58","4.70","4.70","4.58","43.17M","-2.35%"
"11/25/2022","4.69","4.67","4.70","4.67","1.46M","0.43%"
"11/24/2022","4.67","4.66","4.76","4.66","6.99M","0.21%"
"11/23/2022","4.66","4.61","4.75","4.59","14.60M","1.30%"
"11/22/2022","4.60","4.70","4.70","4.56","4.63M","-1.29%"
"11/21/2022","4.66","4.72","4.82","4.64","9.33M","-1.27%"
"11/18/2022","4.72","4.53","4.75","4.53","9.73M","3.74%"
"11/17/2022","4.55","4.50","4.60","4.48","8.44M","1.11%"
"11/16/2022","4.50","4.59","4.60","4.49","8.90M","-1.32%"
"11/15/2022","4.56","4.69","4.69","4.53","16.51M","-2.36%"
"11/14/2022","4.67","4.78","4.79","4.65","7.31M","-2.51%"
"11/11/2022","4.79","4.82","4.85","4.75","11.08M","0.00%"
"11/10/2022","4.79","4.80","4.89","4.77","5.90M","-0.21%"
"11/09/2022","4.80","4.76","4.84","4.74","4.23M","1.27%"
"11/08/2022","4.74","4.80","4.84","4.72","5.09M","-1.04%"
"11/07/2022","4.79","4.91","4.95","4.79","12.21M","-2.64%"
"11/04/2022","4.92","5.04","5.04","4.90","11.07M","-2.38%"
"11/03/2022","5.04","5.10","5.21","5.02","20.32M","2.02%"
"11/02/2022","4.94","5.05","5.07","4.92","5.56M","-2.18%"
"11/01/2022","5.05","5.15","5.15","5.03","7.54M","-0.79%"
"10/31/2022","5.09","5.15","5.18","5.09","5.43M","-0.78%"
"10/28/2022","5.13","5.14","5.19","5.10","3.96M","0.59%"
"10/27/2022","5.10","5.03","5.12","4.94","12.46M","1.80%"
"10/26/2022","5.01","5.06","5.06","5.01","3.77M","-0.60%"
"10/25/2022","5.04","5.09","5.09","5.00","6.51M","-0.20%"
"10/24/2022","5.05","5.17","5.19","5.04","5.16M","-1.94%"
"10/21/2022","5.15","5.22","5.22","5.13","4.35M","-0.58%"
"10/20/2022","5.18","5.30","5.30","5.16","8.22M","-2.26%"
"10/19/2022","5.30","5.37","5.37","5.27","5.15M","-1.12%"
"10/18/2022","5.36","5.36","5.39","5.35","7.21M","0.37%"
"10/17/2022","5.34","5.31","5.44","5.30","8.12M","0.38%"
"10/14/2022","5.32","5.33","5.44","5.31","1.03M","0.00%"
"10/13/2022","5.32","5.25","5.37","5.25","2.44M","1.72%"
"10/12/2022","5.23","5.28","5.31","5.23","3.13M","-0.38%"
"10/11/2022","5.25","5.40","5.42","5.25","6.83M","-2.96%"
"10/10/2022","5.41","5.47","5.47","5.36","2.68M","-1.10%"
"10/07/2022","5.47","5.44","5.53","5.38","3.76M","-4.87%"
"10/06/2022","5.75","5.77","5.80","5.69","11.02M","-0.69%"
"10/05/2022","5.79","5.80","5.86","5.76","5.55M","-0.17%"
"10/04/2022","5.80","5.83","5.84","5.78","6.28M","0.17%"
"10/03/2022","5.79","5.73","5.85","5.70","4.53M","1.05%"
"09/30/2022","5.73","5.74","5.79","5.68","7.76M","1.06%"
"09/29/2022","5.67","5.75","5.78","5.66","3.96M","-0.87%"
"09/28/2022","5.72","5.67","5.76","5.63","5.89M","1.06%"
"09/27/2022","5.66","5.76","5.79","5.66","7.91M","-1.05%"
"09/26/2022","5.72","5.89","5.95","5.72","11.40M","-4.35%"
"09/23/2022","5.98","5.71","6.11","5.68","19.49M","4.73%"
"09/22/2022","5.71","5.71","5.74","5.67","4.22M","0.00%"
"09/21/2022","5.71","5.74","5.75","5.69","3.30M","-0.35%"
"09/20/2022","5.73","5.68","5.77","5.66","6.24M","1.24%"
"09/19/2022","5.66","5.65","5.67","5.62","70.42M","-0.70%"
"09/16/2022","5.70","5.64","5.70","5.63","4.49M","0.88%"
"09/15/2022","5.65","5.57","5.69","5.57","8.04M","1.80%"
"09/14/2022","5.55","5.55","5.60","5.55","1.46M","-0.89%"
"09/13/2022","5.60","5.59","5.63","5.57","4.80M","0.36%"
"09/12/2022","5.58","5.54","5.60","5.54","2.55M","0.90%"
"09/09/2022","5.53","5.60","5.61","5.53","1.01M","-1.07%"
"09/08/2022","5.59","5.59","5.60","5.58","1.88M","0.18%"
"09/07/2022","5.58","5.59","5.65","5.56","4.10M","-0.36%"
"09/06/2022","5.60","5.48","5.62","5.48","5.54M","1.82%"
"09/05/2022","5.50","5.40","5.51","5.37","2.78M","1.85%"
"09/02/2022","5.40","5.47","5.49","5.35","3.21M","-1.10%"
"09/01/2022","5.46","5.62","5.65","5.39","9.85M","-2.85%"
"08/31/2022","5.62","5.60","5.67","5.60","3.58M","0.36%"
"08/30/2022","5.60","5.65","5.69","5.60","5.91M","-1.06%"
"08/29/2022","5.66","5.61","5.74","5.59","14.01M","0.71%"
"08/26/2022","5.62","5.62","5.64","5.60","2.28M","0.36%"
"08/25/2022","5.60","5.63","5.63","5.58","3.38M","-0.36%"
"08/24/2022","5.62","5.60","5.67","5.60","8.48M","0.18%"
"08/23/2022","5.61","5.59","5.63","5.57","1.37M","-0.18%"
"08/22/2022","5.62","5.62","5.65","5.56","2.69M","-0.35%"
"08/19/2022","5.64","5.66","5.70","5.62","1.93M","-0.18%"
"08/18/2022","5.65","5.73","5.77","5.61","2.42M","-1.40%"
"08/17/2022","5.73","5.67","5.76","5.67","5.21M","0.88%"
"08/16/2022","5.68","5.44","5.75","5.43","10.57M","4.41%"
"08/15/2022","5.44","5.42","5.47","5.41","1.58M","0.00%"
"08/12/2022","5.44","5.45","5.47","5.40","704.80K","-0.55%"
"08/11/2022","5.47","5.38","5.52","5.37","5.45M","1.67%"
"08/10/2022","5.38","5.36","5.38","5.34","1.66M","0.75%"
"08/09/2022","5.34","5.25","5.36","5.25","3.66M","1.71%"
"08/08/2022","5.25","5.24","5.27","5.22","3.24M","0.38%"
"08/05/2022","5.23","5.29","5.38","5.23","5.31M","-0.38%"
"08/04/2022","5.25","5.46","5.46","5.21","7.37M","-3.31%"
"08/03/2022","5.43","5.41","5.53","5.40","14.12M","1.88%"
"08/02/2022","5.33","5.06","5.37","4.98","17.40M","7.68%"
"08/01/2022","4.95","4.88","5.03","4.83","10.22M","3.34%"
"07/29/2022","4.79","4.68","4.82","4.68","3.88M","2.35%"
"07/28/2022","4.68","4.53","4.72","4.53","7.31M","4.23%"
"07/27/2022","4.49","4.51","4.58","4.48","1.92M","-0.66%"
"07/26/2022","4.52","4.57","4.58","4.43","4.11M","-1.31%"
"07/25/2022","4.58","4.70","4.75","4.58","3.65M","-3.38%"
"07/22/2022","4.74","4.77","4.86","4.74","2.93M","-0.63%"
"07/21/2022","4.77","4.64","4.85","4.64","12.43M","2.58%"
"07/20/2022","4.65","4.46","4.65","4.46","6.00M","5.20%"
"07/19/2022","4.42","4.37","4.52","4.37","11.38M","1.14%"
"07/18/2022","4.37","4.32","4.41","4.27","2.48M","2.34%"
"07/15/2022","4.27","4.30","4.36","4.21","3.25M","0.47%"
"07/14/2022","4.25","4.34","4.37","4.15","9.94M","-2.07%"
"07/13/2022","4.34","4.49","4.49","4.25","3.82M","-2.47%"
"07/12/2022","4.45","4.55","4.60","4.45","3.54M","-1.98%"
"07/07/2022","4.54","4.59","4.64","4.54","1.58M","-0.87%"
"07/06/2022","4.58","4.72","4.72","4.54","5.56M","-3.58%"
"07/05/2022","4.75","4.80","4.80","4.73","1.14M","-1.04%"
"07/04/2022","4.80","4.82","4.82","4.74","3.39M","0.00%"
"07/01/2022","4.80","4.81","4.82","4.76","1.66M","-0.21%"
"06/30/2022","4.81","4.89","4.89","4.81","6.23M","-0.82%"
"06/29/2022","4.85","4.81","4.88","4.81","8.49M","0.83%"
"06/28/2022","4.81","4.88","4.90","4.75","7.66M","-1.43%"
"06/27/2022","4.88","4.92","4.97","4.87","4.66M","0.62%"
"06/24/2022","4.85","4.85","4.98","4.84","3.89M","-0.41%"
"06/23/2022","4.87","5.07","5.07","4.83","10.46M","-3.94%"
"06/22/2022","5.07","5.30","5.30","5.07","8.96M","-4.34%"
"06/21/2022","5.30","5.32","5.35","5.30","3.33M","0.38%"
"06/20/2022","5.28","5.42","5.42","5.25","4.87M","-4.17%"
"06/17/2022","5.51","5.32","5.51","5.26","66.39M","4.95%"
"06/16/2022","5.25","5.50","5.52","5.25","7.82M","-4.55%"
"06/15/2022","5.50","5.40","5.51","5.38","10.07M","2.23%"
"06/14/2022","5.38","5.40","5.56","5.23","12.94M","-0.37%"
"06/13/2022","5.40","5.41","5.49","5.34","9.37M","-2.70%"
"06/10/2022","5.55","5.52","5.62","5.51","5.19M","0.18%"
"06/09/2022","5.54","5.49","5.58","5.43","8.60M","1.28%"
"06/08/2022","5.47","5.62","5.75","5.47","19.84M","-2.32%"
"06/07/2022","5.60","5.38","5.64","5.32","23.71M","3.90%"
"06/06/2022","5.39","5.38","5.43","5.35","6.21M","0.56%"
"06/03/2022","5.36","5.20","5.37","5.20","8.72M","3.47%"
"06/02/2022","5.18","5.23","5.27","5.06","12.88M","-1.52%"
"06/01/2022","5.26","5.32","5.32","5.20","9.83M","-1.13%"
"05/31/2022","5.32","5.22","5.33","5.16","7.21M","2.50%"
"05/30/2022","5.19","5.16","5.25","5.16","7.68M","1.76%"
"05/27/2022","5.10","5.07","5.21","5.00","7.20M","2.00%"
"05/26/2022","5.00","4.85","5.04","4.74","13.86M","4.17%"
"05/25/2022","4.80","4.85","4.96","4.72","10.81M","-1.03%"
"05/24/2022","4.85","5.30","5.32","4.81","18.07M","-7.97%"
"05/23/2022","5.27","5.34","5.39","5.23","9.40M","-0.57%"
"05/20/2022","5.30","5.37","5.42","5.30","3.03M","-1.30%"
"05/19/2022","5.37","5.31","5.39","5.02","7.63M","0.56%"
"05/18/2022","5.34","5.40","5.46","5.31","10.20M","-0.74%"
"05/17/2022","5.38","5.39","5.45","5.35","21.11M","2.48%"
"05/13/2022","5.25","5.21","5.46","5.18","32.97M","2.74%"
"05/12/2022","5.11","5.35","5.50","5.00","25.20M","-2.85%"
"05/11/2022","5.26","5.35","5.48","5.22","12.31M","-1.68%"
"05/10/2022","5.35","5.55","5.55","5.35","13.55M","-3.60%"
"05/09/2022","5.55","5.63","5.63","5.52","10.92M","-1.07%"
"05/06/2022","5.61","5.56","5.62","5.49","5.36M","0.00%"
"05/05/2022","5.61","5.55","5.64","5.53","12.91M","0.72%"
"04/29/2022","5.57","5.50","5.64","5.50","4.67M","0.72%"
"04/28/2022","5.53","5.55","5.60","5.53","4.31M","0.00%"
"04/26/2022","5.53","5.52","5.54","5.46","8.52M","-2.12%"
"04/22/2022","5.65","5.71","5.76","5.65","6.00M","-1.22%"
"04/21/2022","5.72","5.73","5.83","5.69","7.75M","0.35%"
"04/20/2022","5.70","5.60","5.73","5.59","4.78M","1.60%"
"04/19/2022","5.61","5.63","5.70","5.61","4.26M","-0.36%"
"04/18/2022","5.63","5.77","5.77","5.56","3.75M","-1.92%"
"04/15/2022","5.74","5.56","5.80","5.56","6.19M","4.17%"
"04/14/2022","5.51","5.64","5.64","5.51","9.04M","-2.30%"
"04/13/2022","5.64","5.74","5.77","5.55","13.14M","-0.88%"
"04/12/2022","5.69","5.74","5.82","5.65","7.90M","-1.04%"
"04/11/2022","5.75","5.93","5.95","5.71","15.43M","-2.04%"
"04/08/2022","5.87","5.69","5.90","5.67","23.40M","3.35%"
"04/07/2022","5.68","5.66","5.73","5.65","8.87M","1.25%"
"04/06/2022","5.61","5.48","5.63","5.48","14.89M","2.37%"
"04/05/2022","5.48","5.30","5.52","5.29","15.59M","3.59%"
"04/04/2022","5.29","5.06","5.29","5.04","11.43M","4.55%"
"04/01/2022","5.06","5.00","5.11","5.00","3.83M","1.00%"
"03/31/2022","5.01","4.97","5.17","4.71","22.69M","-1.96%"
"03/30/2022","5.11","5.59","5.60","5.11","14.99M","-9.88%"
"03/29/2022","5.67","5.85","5.85","5.58","12.62M","-2.74%"
"03/28/2022","5.83","5.77","5.91","5.77","13.26M","1.57%"
"03/25/2022","5.74","5.62","5.80","5.61","14.55M","2.32%"
"03/24/2022","5.61","5.52","5.63","5.50","8.27M","1.63%"
"03/23/2022","5.52","5.50","5.79","5.50","21.87M","0.91%"
"03/22/2022","5.47","5.40","5.49","5.38","9.89M","2.05%"
"03/21/2022","5.36","5.31","5.51","5.31","15.57M","0.00%"
"03/18/2022","5.36","5.18","5.36","5.12","14.24M","4.08%"
"03/17/2022","5.15","5.10","5.29","5.09","11.77M","1.58%"
"03/16/2022","5.07","5.10","5.19","5.05","7.72M","0.20%"
"03/15/2022","5.06","5.27","5.40","5.06","16.79M","-3.44%"
"03/14/2022","5.24","4.99","5.69","4.98","33.96M","5.86%"
"03/11/2022","4.95","4.94","4.98","4.90","15.55M","0.20%"
"03/10/2022","4.94","4.85","4.97","4.80","13.70M","0.20%"
"03/09/2022","4.93","5.04","5.04","4.91","27.73M","-1.99%"
"03/08/2022","5.03","4.99","5.11","4.93","46.81M","1.21%"
"03/07/2022","4.97","4.54","4.98","4.52","91.35M","9.71%"
"03/04/2022","4.53","4.26","4.59","4.21","45.32M","6.59%"
"03/03/2022","4.25","4.05","4.28","4.03","49.07M","4.94%"
"03/02/2022","4.05","3.94","4.05","3.94","27.93M","2.79%"
"03/01/2022","3.94","3.87","3.97","3.86","10.31M","1.81%"
"02/28/2022","3.87","3.88","3.89","3.85","7.52M","-0.51%"
"02/25/2022","3.89","3.83","3.89","3.82","13.22M","2.10%"
"02/24/2022","3.81","3.80","3.81","3.72","10.09M","-2.06%"
"02/23/2022","3.89","3.92","3.92","3.87","8.18M","-2.99%"
"02/22/2022","4.01","3.98","4.03","3.97","19.32M","0.75%"
"02/21/2022","3.98","4.03","4.05","3.98","17.89M","-0.50%"
"02/18/2022","4.00","4.03","4.05","3.98","18.33M","-1.23%"
"02/17/2022","4.05","3.95","4.11","3.95","25.71M","2.53%"
"02/16/2022","3.95","3.89","4.00","3.87","29.38M","1.28%"
"02/15/2022","3.90","3.81","3.94","3.79","25.86M","3.72%"
"02/14/2022","3.76","3.75","3.79","3.75","3.24M","0.00%"
"02/11/2022","3.76","3.81","3.84","3.75","4.69M","-2.08%"
"02/10/2022","3.84","3.89","3.90","3.84","9.84M","-1.29%"
"02/09/2022","3.89","3.85","3.91","3.84","17.08M","1.04%"
"02/08/2022","3.85","3.94","3.94","3.85","4.45M","-2.04%"
"02/07/2022","3.93","3.89","3.97","3.87","8.35M","1.03%"
"02/04/2022","3.89","3.85","3.89","3.85","5.89M","1.04%"
"02/03/2022","3.85","3.78","3.88","3.78","8.09M","1.85%"
"02/02/2022","3.78","3.74","3.78","3.71","4.41M","0.80%"
"02/01/2022","3.75","3.82","3.82","3.75","5.17M","-2.09%"
"01/31/2022","3.83","3.85","3.87","3.83","9.78M","-0.52%"
"01/28/2022","3.85","3.85","3.87","3.84","3.32M","0.26%"
"01/27/2022","3.84","3.81","3.86","3.80","6.60M","-0.26%"
"01/26/2022","3.85","3.84","3.89","3.84","9.95M","0.00%"
"01/25/2022","3.85","3.82","3.85","3.81","3.05M","0.00%"
"01/24/2022","3.85","3.82","3.87","3.81","4.07M","0.00%"
"01/21/2022","3.85","3.81","3.85","3.81","4.45M","0.52%"
"01/20/2022","3.83","3.80","3.83","3.80","2.80M","0.52%"
"01/19/2022","3.81","3.83","3.85","3.80","3.97M","-0.78%"
"01/18/2022","3.84","3.77","3.85","3.72","4.92M","1.59%"
"01/17/2022","3.78","3.76","3.79","3.74","4.91M","0.27%"
"01/14/2022","3.77","3.73","3.82","3.73","7.83M","0.00%"
"01/13/2022","3.77","3.68","3.77","3.68","7.90M","1.89%"
"01/12/2022","3.70","3.67","3.70","3.67","45.39M","0.00%"
"01/11/2022","3.70","3.67","3.70","3.63","2.44M","1.09%"
"01/10/2022","3.66","3.74","3.75","3.66","6.44M","-2.14%"
"01/07/2022","3.74","3.68","3.78","3.68","6.35M","1.08%"
"01/06/2022","3.70","3.56","3.87","3.56","7.77M","3.06%"
"01/05/2022","3.59","3.55","3.63","3.53","5.34M","1.13%"
"01/04/2022","3.55","3.51","3.59","3.51","6.74M","0.57%"
"01/03/2022","3.53","3.54","3.54","3.52","3.13M","0.28%"
"12/30/2021","3.52","3.52","3.53","3.50","5.39M","0.00%"
"12/29/2021","3.52","3.55","3.55","3.51","2.32M","-0.56%"
"12/28/2021","3.54","3.51","3.55","3.50","7.34M","1.14%"
"12/27/2021","3.50","3.47","3.51","3.47","3.25M","1.16%"
"12/26/2021","3.46","3.47","3.48","3.44","3.37M","-0.57%"
"12/23/2021","3.48","3.49","3.50","3.46","3.22M","-0.57%"
"12/22/2021","3.50","3.46","3.51","3.46","3.05M","0.57%"
"12/21/2021","3.48","3.48","3.50","3.45","5.11M","0.87%"
"12/20/2021","3.45","3.42","3.45","3.41","3.92M","1.17%"
"12/19/2021","3.41","3.45","3.45","3.40","2.23M","-0.58%"
"12/16/2021","3.43","3.42","3.45","3.40","2.25M","0.29%"
"12/15/2021","3.42","3.44","3.44","3.41","4.81M","-0.29%"
"12/14/2021","3.43","3.45","3.45","3.41","3.52M","-0.29%"
"12/13/2021","3.44","3.45","3.47","3.41","3.46M","-0.58%"
"12/12/2021","3.46","3.46","3.50","3.46","1.50M","0.00%"
"12/09/2021","3.46","3.46","3.49","3.45","4.00M","0.58%"
"12/08/2021","3.44","3.44","3.51","3.43","9.08M","0.00%"
"12/07/2021","3.44","3.50","3.55","3.41","10.64M","-1.71%"
"12/06/2021","3.50","3.46","3.52","3.45","12.41M","1.45%"
"12/05/2021","3.45","3.52","3.53","3.40","4.46M","-2.82%"
"11/30/2021","3.55","3.59","3.59","3.49","3.30M","-1.39%"
"11/29/2021","3.60","3.56","3.65","3.56","3.76M","1.41%"
"11/28/2021","3.55","3.40","3.58","3.40","6.19M","-2.74%"
"11/25/2021","3.65","3.69","3.73","3.65","10.28M","-1.08%"
"11/24/2021","3.69","3.64","3.72","3.62","4.49M","1.37%"
"11/23/2021","3.64","3.65","3.65","3.57","7.05M","-0.55%"
"11/22/2021","3.66","3.70","3.71","3.63","3.27M","-1.08%"
"11/21/2021","3.70","3.75","3.75","3.70","3.86M","-1.33%"
"11/18/2021","3.75","3.73","3.77","3.72","16.86M","0.54%"
"11/17/2021","3.73","3.67","3.77","3.63","9.06M","1.91%"
"11/16/2021","3.66","3.75","3.78","3.66","8.83M","-2.40%"
"11/15/2021","3.75","3.88","3.93","3.70","15.23M","-2.60%"
"11/14/2021","3.85","3.51","4.02","3.46","45.66M","10.00%"
"11/11/2021","3.50","3.43","3.51","3.42","22.41M","2.04%"
"11/10/2021","3.43","3.43","3.54","3.42","24.29M","0.88%"
"11/09/2021","3.40","3.12","3.42","3.12","50.82M","9.32%"
"11/08/2021","3.11","3.03","3.12","3.03","26.47M","2.98%"
"11/07/2021","3.02","3.00","3.03","3.00","4.93M","0.67%"
"11/04/2021","3.00","3.04","3.05","2.99","21.59M","-0.99%"
"11/03/2021","3.03","3.06","3.07","3.03","13.05M","-0.66%"
"11/02/2021","3.05","3.08","3.08","3.04","8.91M","-0.65%"
"11/01/2021","3.07","3.04","3.13","3.01","22.72M","0.66%"
"10/31/2021","3.05","2.98","3.05","2.97","17.63M","3.04%"
"10/28/2021","2.96","3.00","3.01","2.96","32.74M","-1.33%"