Date,Close,Open,High,Low,Volume
2022-11-16,3344.31005859375,3373.159912109375,3373.610107421875,3322.72998046875,147270000
2022-11-17,3333.5400390625,3345.030029296875,3351.8701171875,3323.43994140625,217970000
2022-11-21,3339.25,3352.159912109375,3356.050048828125,3327.719970703125,168890000
2022-11-22,3330.090087890625,3342.429931640625,3345.35009765625,3320.080078125,286290000
2022-11-23,3326.2099609375,3331.14990234375,3333.27001953125,3318.699951171875,145440000
2022-11-24,3325.330078125,3326.2099609375,3327.18994140625,3315.72998046875,159590000
2022-11-28,3287.340087890625,3305.27001953125,3317.02001953125,3277.739990234375,180810000
2022-11-29,3304.389892578125,3287.340087890625,3304.389892578125,3278.6201171875,124400000
2022-11-30,3323.9599609375,3305.449951171875,3327.4599609375,3292.889892578125,360580000
2022-12-05,3351.679931640625,3324.889892578125,3357.9599609375,3324.889892578125,330990000
2022-12-06,3339.889892578125,3352.739990234375,3367.43994140625,3339.570068359375,287690000
2022-12-07,3338.8798828125,3338.840087890625,3350.72998046875,3325.1298828125,171240000
2022-12-08,3314.43994140625,3338.8798828125,3345.919921875,3309.110107421875,152650000
2022-12-12,3317.27001953125,3327.110107421875,3327.110107421875,3296.760009765625,209910000
2022-12-13,3300.389892578125,3313.0400390625,3321.85009765625,3289.179931640625,180410000
2022-12-14,3310.85009765625,3300.389892578125,3310.85009765625,3285.9599609375,118470000
2022-12-15,3315.22998046875,3309.7900390625,3322.81005859375,3290.719970703125,110040000
2022-12-19,3340.1298828125,3327.010009765625,3340.219970703125,3311.6201171875,115000000
2022-12-20,3348.429931640625,3337.18994140625,3350.489990234375,3331.02001953125,104380000
2022-12-21,3339.7900390625,3349.409912109375,3349.409912109375,3332.3701171875,101080000
2022-12-22,3323.10009765625,3338.81005859375,3342.02001953125,3314.989990234375,153530000
2022-12-26,3326.52001953125,3317.090087890625,3339.080078125,3311.949951171875,65610000
2022-12-27,3347.840087890625,3328.469970703125,3347.840087890625,3321.68994140625,82780000
2022-12-28,3344.0,3349.7900390625,3358.93994140625,3327.47998046875,79710000
2022-12-29,3328.7900390625,3344.0,3346.1298828125,3326.590087890625,106750000
2023-01-02,3330.89990234375,3336.070068359375,3343.139892578125,3318.43994140625,63910000
2023-01-03,3328.679931640625,3330.89990234375,3333.47998046875,3319.699951171875,94960000
2023-01-04,3329.409912109375,3326.72998046875,3342.72998046875,3319.389892578125,100520000
2023-01-05,3316.60009765625,3329.409912109375,3338.81005859375,3298.4599609375,118790000
2023-01-09,3321.989990234375,3300.489990234375,3323.35009765625,3298.5,178150000
2023-01-10,3313.64990234375,3320.0400390625,3326.3798828125,3308.239990234375,145600000
2023-01-11,3297.679931640625,3313.64990234375,3321.780029296875,3297.530029296875,97140000
2023-01-12,3313.409912109375,3299.6298828125,3313.409912109375,3296.47998046875,71540000
2023-01-16,3333.93994140625,3323.9599609375,3340.89990234375,3319.659912109375,80030000
2023-01-17,3357.530029296875,3333.93994140625,3357.530029296875,3326.219970703125,146230000
2023-01-18,3349.39990234375,3356.1201171875,3359.6201171875,3342.699951171875,132260000
2023-01-19,3353.110107421875,3352.320068359375,3353.409912109375,3335.68994140625,139020000
2023-01-23,3349.949951171875,3353.469970703125,3363.260009765625,3346.969970703125,105350000
2023-01-24,3364.0,3350.929931640625,3366.840087890625,3349.719970703125,63890000
2023-01-25,3356.6201171875,3364.0,3369.010009765625,3356.47998046875,74880000
2023-01-26,3357.389892578125,3357.050048828125,3372.639892578125,3344.3701171875,70680000
2023-01-30,3303.4599609375,3329.610107421875,3329.610107421875,3278.93994140625,152830000
2023-01-31,3303.27001953125,3303.889892578125,3318.1298828125,3298.75,88300000
2023-02-01,3347.919921875,3303.27001953125,3359.22998046875,3300.14990234375,79060000
2023-02-02,3365.25,3344.030029296875,3371.5400390625,3344.030029296875,107250000
2023-02-06,3400.3701171875,3381.929931640625,3411.159912109375,3381.929931640625,155310000
2023-02-07,3404.81005859375,3400.3701171875,3408.050048828125,3393.9599609375,111800000
2023-02-08,3417.010009765625,3404.81005859375,3417.93994140625,3400.02001953125,121700000
2023-02-09,3445.699951171875,3417.010009765625,3457.969970703125,3416.18994140625,163330000
2023-02-13,3469.77001953125,3453.85009765625,3470.06005859375,3451.47998046875,101100000
2023-02-14,3459.10009765625,3471.7099609375,3476.989990234375,3448.070068359375,129820000
2023-02-15,3463.739990234375,3460.070068359375,3463.889892578125,3437.330078125,178900000
2023-02-16,3469.590087890625,3464.590087890625,3474.070068359375,3460.75,217310000
2023-02-20,3462.1298828125,3457.719970703125,3469.89990234375,3445.0400390625,142910000
2023-02-21,3458.0,3464.080078125,3471.0,3442.7900390625,155470000
2023-02-22,3426.590087890625,3458.0,3465.39990234375,3424.27001953125,142770000
2023-02-23,3411.8701171875,3429.510009765625,3450.530029296875,3393.429931640625,165520000
2023-02-27,3417.9599609375,3419.0,3441.93994140625,3417.72998046875,118780000
2023-02-28,3437.760009765625,3418.929931640625,3437.760009765625,3409.389892578125,418550000
2023-03-01,3447.050048828125,3438.610107421875,3453.22998046875,3437.340087890625,142120000
2023-03-02,3435.889892578125,3448.030029296875,3458.139892578125,3432.81005859375,98910000
2023-03-06,3456.179931640625,3418.85009765625,3459.89990234375,3418.85009765625,122930000
2023-03-07,3429.300048828125,3458.1298828125,3466.5400390625,3422.139892578125,99870000
2023-03-08,3427.050048828125,3429.300048828125,3430.35009765625,3403.8701171875,78680000
2023-03-09,3409.52001953125,3427.050048828125,3436.530029296875,3406.800048828125,108850000
2023-03-13,3354.330078125,3385.510009765625,3407.0,3332.820068359375,103300000
2023-03-14,3304.429931640625,3354.330078125,3357.530029296875,3298.27001953125,111680000
2023-03-15,3310.330078125,3305.39990234375,3354.6298828125,3302.1298828125,120300000
2023-03-16,3306.81005859375,3310.330078125,3314.89990234375,3273.1298828125,112850000
2023-03-20,3344.1201171875,3349.239990234375,3349.239990234375,3323.97998046875,106260000
2023-03-21,3381.0400390625,3344.1201171875,3384.889892578125,3341.280029296875,140350000
2023-03-22,3392.719970703125,3381.97998046875,3397.280029296875,3364.169921875,150050000
2023-03-23,3363.85009765625,3382.3701171875,3384.6201171875,3352.93994140625,90060000
2023-03-27,3326.39990234375,3350.419921875,3366.300048828125,3319.35009765625,70820000
2023-03-28,3384.409912109375,3324.97998046875,3384.639892578125,3320.72998046875,142490000
2023-03-29,3400.669921875,3386.2900390625,3428.02001953125,3385.35009765625,147500000
2023-03-30,3425.56005859375,3401.610107421875,3426.419921875,3387.580078125,99720000
2023-04-03,3436.570068359375,3407.659912109375,3442.60009765625,3407.659912109375,115400000
2023-04-04,3454.60009765625,3437.510009765625,3454.60009765625,3429.969970703125,107110000
2023-04-05,3429.6298828125,3452.719970703125,3455.659912109375,3419.10009765625,98200000
2023-04-06,3414.60009765625,3429.6298828125,3436.75,3412.1298828125,74540000
2023-04-10,3411.800048828125,3411.449951171875,3426.590087890625,3406.72998046875,91840000
2023-04-11,3444.219970703125,3412.739990234375,3444.3701171875,3409.639892578125,223090000
2023-04-12,3496.52001953125,3444.219970703125,3496.52001953125,3443.81005859375,227220000
2023-04-13,3487.43994140625,3497.4599609375,3499.969970703125,3482.0400390625,211560000
2023-04-17,3513.889892578125,3490.989990234375,3514.06005859375,3490.35009765625,182420000
2023-04-18,3511.669921875,3514.830078125,3533.39990234375,3494.43994140625,280210000
2023-04-19,3471.0,3513.550048828125,3513.550048828125,3470.739990234375,155390000
2023-04-24,3498.280029296875,3473.820068359375,3498.419921875,3473.3701171875,103850000
2023-04-25,3506.3798828125,3498.280029296875,3507.429931640625,3489.760009765625,144770000
2023-04-26,3489.780029296875,3503.56005859375,3503.969970703125,3474.639892578125,138690000
2023-04-27,3515.909912109375,3491.659912109375,3517.56005859375,3478.4599609375,155660000
2023-05-01,3538.050048828125,3545.72998046875,3555.97998046875,3532.8798828125,168650000
2023-05-02,3575.56005859375,3539.929931640625,3575.929931640625,3538.25,432740000
2023-05-03,3577.77001953125,3576.510009765625,3586.010009765625,3566.580078125,453950000
2023-05-04,3590.6201171875,3581.5400390625,3606.56005859375,3565.3798828125,371270000
2023-05-08,3582.840087890625,3584.010009765625,3598.22998046875,3572.639892578125,398670000
2023-05-09,3571.090087890625,3586.530029296875,3597.860107421875,3568.22998046875,255480000
2023-05-10,3572.989990234375,3572.010009765625,3583.320068359375,3552.760009765625,212380000
2023-05-11,3568.830078125,3574.830078125,3581.02001953125,3544.8798828125,270060000
2023-05-15,3525.429931640625,3559.090087890625,3567.6201171875,3518.919921875,164800000
2023-05-16,3509.10009765625,3525.429931640625,3538.419921875,3501.889892578125,228800000
2023-05-17,3565.820068359375,3511.8701171875,3565.820068359375,3503.570068359375,394730000
2023-05-18,3555.5,3563.97998046875,3565.909912109375,3546.22998046875,217460000
2023-05-22,3549.300048828125,3544.530029296875,3558.419921875,3540.989990234375,187660000
2023-05-23,3533.22998046875,3549.719970703125,3559.35009765625,3526.35009765625,138780000
2023-05-24,3530.14990234375,3534.14990234375,3541.830078125,3515.830078125,230100000
2023-05-25,3525.81005859375,3530.14990234375,3545.5,3524.530029296875,194290000
2023-05-29,3543.6201171875,3544.179931640625,3562.06005859375,3533.60009765625,159870000
2023-05-30,3567.300048828125,3545.4599609375,3575.050048828125,3542.68994140625,144990000
2023-05-31,3576.6298828125,3568.219970703125,3586.219970703125,3568.219970703125,255860000
2023-06-01,3582.1201171875,3577.8798828125,3589.14990234375,3572.860107421875,137280000
2023-06-05,3652.639892578125,3606.02001953125,3654.929931640625,3597.8798828125,294830000
2023-06-06,3677.97998046875,3652.639892578125,3687.6298828125,3652.639892578125,332460000
2023-06-07,3687.6298828125,3678.89990234375,3687.75,3669.090087890625,212170000
2023-06-08,3687.6298828125,3686.7099609375,3692.340087890625,3668.820068359375,250670000
2023-06-12,3701.909912109375,3698.68994140625,3712.070068359375,3689.889892578125,548720000
2023-06-13,3712.679931640625,3700.989990234375,3725.60009765625,3691.489990234375,321320000
2023-06-14,3717.070068359375,3715.43994140625,3722.590087890625,3703.25,230390000
2023-06-15,3734.260009765625,3718.919921875,3734.669921875,3714.389892578125,229100000
2023-06-19,3787.070068359375,3790.050048828125,3795.679931640625,3752.699951171875,214260000
2023-06-20,3774.239990234375,3787.070068359375,3791.030029296875,3767.989990234375,129890000
2023-06-21,3782.22998046875,3776.070068359375,3782.409912109375,3757.1201171875,164910000
2023-06-22,3776.389892578125,3778.570068359375,3783.820068359375,3767.719970703125,226880000
2023-06-26,3791.989990234375,3793.429931640625,3805.510009765625,3786.949951171875,424840000
2023-07-03,3878.52001953125,3794.72998046875,3878.9599609375,3794.72998046875,667140000
2023-07-04,3930.929931640625,3880.35009765625,3960.949951171875,3879.9599609375,664810000
2023-07-05,3924.409912109375,3932.760009765625,3950.969970703125,3910.14990234375,370740000
2023-07-06,3962.419921875,3924.409912109375,3967.780029296875,3921.830078125,211430000
2023-07-10,3977.27001953125,3963.330078125,3988.77001953125,3952.909912109375,317720000
2023-07-11,3985.409912109375,3979.10009765625,3987.530029296875,3961.840087890625,824620000
2023-07-12,3987.070068359375,3985.409912109375,4003.25,3971.3701171875,992080000
2023-07-13,4004.68994140625,3988.89990234375,4020.169921875,3987.030029296875,373040000
2023-07-17,4018.949951171875,4010.739990234375,4018.949951171875,3994.239990234375,287420000
2023-07-18,4021.9599609375,4018.949951171875,4047.159912109375,4000.820068359375,308780000
2023-07-20,3986.360107421875,3987.760009765625,3989.2900390625,3976.409912109375,137600000
2023-07-24,3993.830078125,3986.360107421875,4009.169921875,3975.610107421875,169780000
2023-07-25,4014.860107421875,3993.830078125,4018.31005859375,3991.489990234375,210370000
2023-07-26,4039.47998046875,4019.419921875,4044.27001953125,4012.070068359375,286920000
2023-07-27,4029.239990234375,4037.929931640625,4053.889892578125,4023.919921875,236820000
2023-07-31,4059.27001953125,4035.969970703125,4064.030029296875,4015.159912109375,172930000
2023-08-01,4077.280029296875,4060.18994140625,4084.02001953125,4051.85009765625,191140000
2023-08-02,4083.7099609375,4080.929931640625,4095.610107421875,4057.719970703125,264600000
2023-08-03,4051.179931640625,4083.7099609375,4087.5400390625,4043.639892578125,221050000
2023-08-07,4079.419921875,4084.10009765625,4089.2099609375,4060.090087890625,212820000
2023-08-08,4077.72998046875,4081.25,4087.929931640625,4062.330078125,292890000
2023-08-09,4070.5400390625,4078.64990234375,4081.1201171875,4053.659912109375,197760000
2023-08-10,4048.85009765625,4069.6298828125,4071.489990234375,4036.81005859375,183700000
2023-08-14,4058.7900390625,4067.050048828125,4071.050048828125,4050.64990234375,117810000
2023-08-15,4051.18994140625,4059.699951171875,4070.919921875,4041.6298828125,265890000
2023-08-16,4045.639892578125,4051.18994140625,4051.860107421875,4018.18994140625,275540000
2023-08-17,4049.090087890625,4045.639892578125,4053.1201171875,4031.4599609375,179950000
2023-08-21,4053.639892578125,4052.419921875,4059.699951171875,4042.239990234375,215130000
2023-08-22,4068.52001953125,4053.639892578125,4073.85009765625,4048.429931640625,320930000
2023-08-23,4099.490234375,4067.610107421875,4114.7099609375,4065.35009765625,182870000
2023-08-24,4106.68994140625,4098.580078125,4115.52001953125,4094.18994140625,136590000
2023-08-28,4099.52001953125,4099.490234375,4118.33984375,4094.800048828125,178210000
2023-08-29,4084.81005859375,4099.52001953125,4106.14013671875,4071.31005859375,122680000
2023-08-30,4067.179931640625,4084.81005859375,4092.800048828125,4066.929931640625,145380000
2023-08-31,4082.8701171875,4071.75,4088.669921875,4061.760009765625,129530000
2023-09-04,4068.64990234375,4092.780029296875,4098.919921875,4052.0400390625,104380000
2023-09-05,4053.419921875,4071.389892578125,4078.699951171875,4043.72998046875,112780000
2023-09-06,4037.8701171875,4053.419921875,4053.419921875,4028.590087890625,118370000
2023-09-07,4058.949951171875,4037.8701171875,4061.31005859375,4031.449951171875,112480000
2023-09-11,4070.169921875,4067.9599609375,4074.580078125,4047.4599609375,90800000
2023-09-12,4060.949951171875,4071.080078125,4082.010009765625,4038.93994140625,119970000
2023-09-13,4050.639892578125,4063.68994140625,4065.02001953125,4045.889892578125,81900000
2023-09-14,4034.0,4053.3798828125,4055.2900390625,4028.300048828125,86040000
2023-09-18,4048.419921875,4042.8798828125,4050.510009765625,4033.669921875,88000000
2023-09-19,4074.719970703125,4046.590087890625,4074.830078125,4044.489990234375,87990000
2023-09-20,4138.39990234375,4074.719970703125,4138.5498046875,4070.64990234375,217640000
2023-09-21,4179.68017578125,4138.39990234375,4179.9501953125,4133.18017578125,230690000
2023-09-25,4182.06005859375,4168.5498046875,4193.39013671875,4167.77001953125,111540000
2023-09-26,4154.10986328125,4183.89013671875,4183.89013671875,4144.4501953125,135570000
2023-09-28,4163.580078125,4143.02978515625,4177.85986328125,4140.22021484375,134930000
2023-10-02,4183.14013671875,4163.580078125,4190.16015625,4161.8798828125,238380000
2023-10-03,4201.83984375,4183.14013671875,4207.2099609375,4179.2001953125,207410000
2023-10-04,4192.2900390625,4200.93017578125,4210.14990234375,4168.91015625,261830000
2023-10-05,4142.919921875,4192.2900390625,4205.1201171875,4141.91015625,401510000
2023-10-09,4056.0400390625,4161.8701171875,4161.8701171875,4039.6201171875,205860000
2023-10-10,4051.1201171875,4055.1298828125,4079.27001953125,4046.77001953125,204400000
2023-10-11,4082.239990234375,4050.2099609375,4094.409912109375,4041.81005859375,111610000
2023-10-12,4057.199951171875,4084.070068359375,4084.070068359375,4050.22998046875,138250000
2023-10-16,3943.35009765625,3965.969970703125,3984.179931640625,3932.02001953125,150780000
2023-10-17,3937.4599609375,3947.010009765625,3963.360107421875,3935.179931640625,176130000
2023-10-18,3883.06005859375,3940.199951171875,3951.9599609375,3876.89990234375,141670000
2023-10-19,3808.25,3882.14990234375,3903.949951171875,3808.139892578125,142660000
2023-10-23,3729.909912109375,3753.39990234375,3787.1201171875,3729.6201171875,121730000
2023-10-24,3741.510009765625,3732.64990234375,3784.800048828125,3732.64990234375,118190000
2023-10-25,3841.1201171875,3744.25,3841.530029296875,3744.25,153970000
2023-10-26,3782.0400390625,3846.610107421875,3862.449951171875,3776.330078125,100690000
2023-10-30,3838.760009765625,3789.300048828125,3843.0400390625,3778.419921875,210340000
2023-10-31,3877.080078125,3840.590087890625,3880.72998046875,3840.590087890625,140870000
2023-11-01,3892.550048828125,3879.830078125,3895.169921875,3856.2900390625,113830000
2023-11-02,3913.419921875,3894.3798828125,3925.8798828125,3893.110107421875,130770000
2023-11-06,3956.9599609375,3929.2900390625,3962.39990234375,3924.6201171875,109120000
2023-11-07,3989.7099609375,3958.7900390625,3989.919921875,3950.9599609375,109960000
2023-11-08,3965.2099609375,3990.6298828125,3997.679931640625,3958.080078125,118450000
2023-11-09,3929.409912109375,3965.2099609375,3968.860107421875,3926.030029296875,108690000
2023-11-13,3982.929931640625,3970.18994140625,3991.300048828125,3963.64990234375,160190000
2023-11-14,3973.2099609375,3985.669921875,3999.840087890625,3970.0400390625,99070000
2023-11-15,3960.77001953125,3973.2099609375,3984.659912109375,3942.739990234375,162900000
2023-11-16,3984.52001953125,3960.77001953125,3987.43994140625,3956.43994140625,113040000
2023-11-20,4002.43994140625,3994.5400390625,4006.889892578125,3982.570068359375,73750000
2023-11-21,3985.0400390625,4007.02001953125,4011.090087890625,3981.2099609375,106690000
2023-11-22,3996.989990234375,3985.0400390625,3996.989990234375,3978.97998046875,60200000
2023-11-23,3984.989990234375,3996.989990234375,3997.5,3976.159912109375,65110000
2023-11-27,3994.590087890625,3992.0,3998.18994140625,3982.820068359375,108690000
2023-11-28,4008.610107421875,3998.25,4009.469970703125,3995.719970703125,114910000
2023-11-29,3999.580078125,4008.610107421875,4020.6298828125,3993.679931640625,102760000
2023-11-30,3992.360107421875,3999.580078125,4008.179931640625,3990.75,135440000
2023-12-05,3978.199951171875,3992.320068359375,3992.320068359375,3955.300048828125,83410000
2023-12-06,3969.169921875,3978.199951171875,3984.64990234375,3964.639892578125,85660000
2023-12-07,3956.260009765625,3970.090087890625,3974.449951171875,3942.260009765625,99770000
2023-12-11,3934.52001953125,3949.68994140625,3949.68994140625,3928.139892578125,120640000
2023-12-12,3937.280029296875,3934.52001953125,3942.360107421875,3918.389892578125,68450000
2023-12-13,3939.31005859375,3936.760009765625,3961.590087890625,3931.949951171875,117190000
2023-12-14,3982.070068359375,3942.050048828125,3989.68994140625,3940.340087890625,184200000
2023-12-18,3990.60009765625,4001.10009765625,4007.5,3985.429931640625,90720000
2023-12-19,3997.580078125,3990.60009765625,3999.570068359375,3973.580078125,51870000
2023-12-20,4014.280029296875,3997.580078125,4018.47998046875,3991.81005859375,58770000
2023-12-21,4005.320068359375,4013.760009765625,4019.090087890625,3994.139892578125,37710000
2023-12-25,4018.139892578125,4023.85009765625,4025.409912109375,4005.510009765625,36610000
2023-12-26,4028.8798828125,4017.219970703125,4028.8798828125,4013.56005859375,67030000
2023-12-27,4038.320068359375,4030.719970703125,4039.179931640625,4020.2099609375,86040000
2023-12-28,4049.530029296875,4037.39990234375,4059.72998046875,4034.219970703125,67280000
2024-01-02,4091.050048828125,4060.719970703125,4091.080078125,4041.25,133800000
2024-01-03,4077.580078125,4091.050048828125,4109.27978515625,4076.300048828125,154730000
2024-01-04,4087.35009765625,4079.419921875,4094.989990234375,4076.25,95880000
2024-01-08,4089.39990234375,4088.8798828125,4098.4599609375,4081.300048828125,88500000
2024-01-09,4117.72021484375,4092.97998046875,4123.93017578125,4092.75,150950000
2024-01-10,4130.02001953125,4117.72021484375,4130.740234375,4108.9599609375,134950000
2024-01-11,4117.97998046875,4128.240234375,4134.759765625,4108.08984375,112760000
2024-01-15,4101.2900390625,4104.10986328125,4114.06982421875,4091.06005859375,77350000
2024-01-16,4082.340087890625,4102.18017578125,4105.580078125,4072.830078125,119860000
2024-01-17,4090.639892578125,4082.340087890625,4091.530029296875,4056.929931640625,107470000
2024-01-18,4052.780029296875,4090.639892578125,4097.240234375,4047.56005859375,95960000
2024-01-22,4081.239990234375,4083.5,4096.2001953125,4073.610107421875,83340000
2024-01-23,4107.52001953125,4081.239990234375,4107.52001953125,4081.239990234375,119590000
2024-01-24,4181.47021484375,4107.52001953125,4196.02978515625,4107.52001953125,223750000
2024-01-25,4173.5498046875,4180.56982421875,4207.83984375,4168.77001953125,102000000
2024-01-29,4170.58984375,4163.330078125,4173.7998046875,4155.22998046875,75390000
2024-01-30,4168.43017578125,4172.3798828125,4224.02001953125,4165.0,98100000
2024-01-31,4169.080078125,4168.43017578125,4208.02978515625,4154.740234375,116500000
2024-02-01,4220.35009765625,4168.18994140625,4227.60009765625,4167.68017578125,108800000
2024-02-05,4230.7001953125,4230.52978515625,4250.990234375,4213.83984375,132130000
2024-02-06,4153.740234375,4231.60009765625,4240.3798828125,4144.93994140625,119190000
2024-02-08,4159.10009765625,4161.93994140625,4190.7001953125,4155.2099609375,90490000
2024-02-12,4210.9599609375,4185.64990234375,4211.33984375,4173.27001953125,118360000
2024-02-13,4219.31005859375,4211.85986328125,4230.22998046875,4206.0,129280000
2024-02-14,4223.47998046875,4216.6298828125,4235.080078125,4214.4501953125,128550000
2024-02-15,4238.9501953125,4225.27001953125,4241.56982421875,4218.93017578125,221400000
2024-02-19,4272.9599609375,4259.669921875,4283.06982421875,4248.0,143510000
2024-02-20,4277.35986328125,4273.85009765625,4289.43017578125,4254.33984375,136180000
2024-02-21,4254.990234375,4277.35986328125,4284.10009765625,4229.31982421875,140570000
2024-02-22,4229.2099609375,4254.990234375,4263.0400390625,4216.83984375,178310000
2024-02-26,4223.25,4225.89990234375,4235.43017578125,4204.35009765625,125970000
2024-02-27,4272.5498046875,4225.0400390625,4275.52001953125,4225.0400390625,227150000
2024-02-28,4290.3798828125,4273.43994140625,4292.39013671875,4268.740234375,338730000
2024-02-29,4308.77001953125,4291.27001953125,4311.5,4267.490234375,213790000
2024-03-04,4326.6201171875,4357.5,4405.740234375,4311.9501953125,223320000
2024-03-05,4245.7998046875,4326.6201171875,4329.47021484375,4238.47021484375,171500000
2024-03-06,4248.2998046875,4245.7998046875,4252.330078125,4216.52978515625,131340000
2024-03-07,4236.97998046875,4249.18994140625,4249.97998046875,4212.77001953125,126450000
2024-03-11,4248.10009765625,4253.97021484375,4269.85009765625,4234.22021484375,76420000
2024-03-12,4252.77001953125,4249.89013671875,4259.9501953125,4229.14013671875,81480000
2024-03-13,4259.240234375,4252.77001953125,4266.56982421875,4241.7001953125,81390000
2024-03-14,4290.33984375,4261.919921875,4292.85009765625,4261.919921875,111260000
2024-03-18,4275.3798828125,4262.47998046875,4279.02001953125,4235.22998046875,206790000
2024-03-19,4272.759765625,4274.5,4284.47998046875,4252.490234375,107050000
2024-03-20,4291.3701171875,4271.8798828125,4294.06005859375,4271.3798828125,163130000
2024-03-21,4277.60986328125,4292.25,4300.77978515625,4272.77001953125,175120000
2024-03-25,4281.5498046875,4279.47021484375,4297.7001953125,4269.2900390625,179960000
2024-03-26,4246.22998046875,4282.43017578125,4300.5,4246.22998046875,158160000
2024-03-27,4231.7900390625,4246.22998046875,4266.27978515625,4222.77001953125,182020000
2024-03-28,4232.93994140625,4233.5498046875,4254.2001953125,4223.72021484375,159850000
2024-04-01,4263.2900390625,4245.39013671875,4265.27978515625,4226.22021484375,303070000
2024-04-02,4269.39990234375,4262.41015625,4275.6201171875,4253.169921875,244850000
2024-04-03,4240.0498046875,4270.27978515625,4270.27978515625,4230.52978515625,164870000
2024-04-04,4246.669921875,4240.0498046875,4280.18994140625,4240.0498046875,87440000
2024-04-15,4243.77978515625,4241.509765625,4246.89990234375,4195.35009765625,175120000
2024-04-16,4184.31005859375,4244.66015625,4258.52001953125,4182.43994140625,162310000
2024-04-17,4172.93017578125,4185.18017578125,4199.0,4172.47998046875,107710000
2024-04-18,4208.169921875,4174.68994140625,4220.330078125,4174.22998046875,126950000
2024-04-22,4167.66015625,4176.25,4204.8798828125,4167.1298828125,150510000
2024-04-23,4166.31982421875,4169.35009765625,4186.919921875,4160.89990234375,116870000
2024-04-24,4167.330078125,4166.31982421875,4203.3701171875,4159.77001953125,146030000
2024-04-25,4169.8701171875,4167.330078125,4187.85986328125,4161.419921875,167850000
2024-04-29,4160.66015625,4147.39013671875,4161.43994140625,4135.509765625,96270000
2024-04-30,4155.77001953125,4162.35986328125,4178.2001953125,4147.259765625,152830000
2024-05-01,4133.31005859375,4154.919921875,4164.2099609375,4129.509765625,121750000
2024-05-02,4140.81982421875,4134.16015625,4147.759765625,4116.080078125,131700000
2024-05-06,4155.85009765625,4144.419921875,4162.64013671875,4143.93017578125,69530000
2024-05-07,4156.2900390625,4157.5400390625,4167.419921875,4145.7001953125,111960000
2024-05-08,4193.35009765625,4157.14013671875,4194.2099609375,4157.14013671875,132890000
2024-05-09,4179.740234375,4193.35009765625,4203.22998046875,4169.4599609375,197940000
2024-05-13,4173.27978515625,4174.740234375,4188.990234375,4165.5400390625,110870000
2024-05-14,4136.85009765625,4169.0498046875,4171.4599609375,4127.3701171875,116650000
2024-05-15,4093.25,4141.08984375,4142.56982421875,4079.89990234375,171610000
2024-05-16,4085.780029296875,4093.25,4108.22998046875,4076.070068359375,156720000
2024-05-20,4067.199951171875,4069.080078125,4082.139892578125,4055.050048828125,132450000
2024-05-21,4075.179931640625,4068.89990234375,4094.77001953125,4068.25,98350000
2024-05-22,4057.8701171875,4076.8798828125,4092.389892578125,4053.300048828125,87510000
2024-05-23,4023.639892578125,4059.570068359375,4084.6201171875,4020.199951171875,85060000
2024-05-27,4027.4599609375,4013.489990234375,4047.590087890625,4008.409912109375,58460000
2024-05-28,3986.889892578125,4028.31005859375,4049.050048828125,3984.090087890625,94010000
2024-05-29,3959.800048828125,3988.580078125,3995.760009765625,3946.39990234375,139600000
2024-05-30,3971.010009765625,3959.800048828125,3981.739990234375,3951.510009765625,88330000
2024-06-03,3993.030029296875,3983.02001953125,4011.8798828125,3981.93994140625,73040000
2024-06-04,3985.969970703125,3993.030029296875,4002.68994140625,3977.22998046875,101910000
2024-06-05,3980.320068359375,3986.820068359375,4005.659912109375,3968.9599609375,76440000
2024-06-06,3978.75,3981.169921875,3990.760009765625,3971.320068359375,112710000
2024-06-10,3973.52001953125,3983.080078125,4008.60009765625,3967.159912109375,80890000
2024-06-11,4008.929931640625,3975.169921875,4015.840087890625,3973.75,98690000
2024-06-12,3979.179931640625,4008.929931640625,4014.419921875,3977.090087890625,98440000
2024-06-13,3980.110107421875,3980.840087890625,3988.5,3965.27001953125,56330000
2024-06-19,3988.219970703125,3983.780029296875,3998.719970703125,3973.14990234375,54110000
2024-06-20,3986.6298828125,3989.8798828125,4003.27001953125,3974.60009765625,91100000
2024-06-24,4000.25,4013.840087890625,4015.739990234375,3986.590087890625,347230000
2024-06-25,3998.820068359375,4001.070068359375,4008.409912109375,3987.77001953125,268960000
2024-06-26,4006.070068359375,3998.820068359375,4012.090087890625,3995.35009765625,279770000
2024-06-27,4008.9599609375,4006.889892578125,4010.949951171875,3988.780029296875,197240000
2024-07-01,4057.0400390625,4032.47998046875,4057.0400390625,4026.7099609375,143070000
2024-07-02,4063.25,4057.8701171875,4085.050048828125,4057.409912109375,176300000
2024-07-03,4079.2099609375,4064.89990234375,4089.2900390625,4064.43994140625,198110000
2024-07-04,4065.820068359375,4080.8701171875,4086.489990234375,4057.97998046875,131000000
2024-07-08,4081.9599609375,4070.239990234375,4089.179931640625,4070.239990234375,152230000
2024-07-09,4078.2900390625,4082.7900390625,4091.409912109375,4071.360107421875,99940000
2024-07-10,4080.219970703125,4079.93994140625,4098.47021484375,4073.419921875,97440000
2024-07-11,4090.97998046875,4081.0400390625,4093.969970703125,4080.3701171875,96670000
2024-07-15,4114.5498046875,4105.580078125,4116.490234375,4092.739990234375,175360000
2024-07-16,4109.66015625,4116.2001953125,4125.7900390625,4106.259765625,161230000
2024-07-17,4131.9599609375,4112.14013671875,4133.2099609375,4110.89990234375,191520000
2024-07-18,4169.169921875,4132.77978515625,4169.97021484375,4130.25,297810000
2024-07-22,4179.0,4180.97021484375,4182.7900390625,4164.72021484375,202280000
2024-07-23,4216.14990234375,4179.0,4216.4599609375,4173.2099609375,345290000
2024-07-24,4228.64990234375,4216.14990234375,4233.33984375,4208.83984375,175000000
2024-07-25,4237.64990234375,4227.81982421875,4239.93994140625,4199.97998046875,199650000
2024-07-29,4308.490234375,4280.33984375,4314.14013671875,4275.47998046875,327040000
2024-07-30,4284.009765625,4310.97021484375,4313.93017578125,4273.18017578125,274000000
2024-07-31,4268.0498046875,4284.009765625,4295.10986328125,4260.2001953125,214550000
2024-08-01,4279.89013671875,4268.0498046875,4294.5498046875,4259.64990234375,245130000
2024-08-05,4045.89990234375,4230.669921875,4230.669921875,4035.27001953125,348180000
2024-08-06,4137.31982421875,4047.550048828125,4150.8798828125,4046.18994140625,308180000
2024-08-07,4197.669921875,4137.31982421875,4225.31005859375,4137.22021484375,203940000
2024-08-08,4195.93994140625,4196.009765625,4206.0498046875,4172.9599609375,147760000
2024-08-12,4201.27001953125,4195.14990234375,4214.0400390625,4195.1201171875,77040000
2024-08-13,4184.5,4202.10009765625,4205.9501953125,4177.080078125,114340000
2024-08-14,4213.419921875,4187.81005859375,4213.72021484375,4186.08984375,79930000
2024-08-15,4218.68017578125,4213.419921875,4228.06982421875,4207.009765625,138640000
2024-08-19,4237.52001953125,4243.9599609375,4246.66015625,4214.2900390625,72210000
2024-08-20,4254.8701171875,4238.35009765625,4255.419921875,4230.52978515625,121400000
2024-08-21,4294.89990234375,4255.7001953125,4299.02001953125,4249.919921875,154590000
2024-08-22,4309.080078125,4295.72998046875,4313.81982421875,4283.77001953125,328730000
2024-08-26,4324.75,4292.669921875,4324.77978515625,4291.81982421875,155270000
2024-08-27,4343.22021484375,4324.75,4351.14013671875,4317.75,208290000
2024-08-28,4324.2001953125,4344.0400390625,4361.47021484375,4319.83984375,198800000
2024-08-29,4334.259765625,4324.2001953125,4334.509765625,4302.7099609375,125990000
2024-09-02,4356.77001953125,4325.4501953125,4359.580078125,4321.25,145960000
2024-09-03,4369.830078125,4356.77001953125,4374.27978515625,4356.31005859375,237530000
2024-09-04,4364.759765625,4369.830078125,4370.8798828125,4337.27978515625,161330000
2024-09-05,4371.0400390625,4364.759765625,4383.14013671875,4347.02001953125,153910000
2024-09-09,4359.1201171875,4372.0498046875,4374.2001953125,4353.68017578125,114070000
2024-09-10,4387.47998046875,4360.77978515625,4395.080078125,4360.22998046875,111040000
2024-09-11,4346.419921875,4386.66015625,4388.47998046875,4339.2998046875,154490000
2024-09-12,4364.8701171875,4346.419921875,4379.0498046875,4345.6298828125,75580000
2024-09-16,4395.240234375,4380.490234375,4407.4599609375,4378.58984375,166620000
2024-09-17,4395.2001953125,4396.06005859375,4407.580078125,4390.240234375,127130000
2024-09-18,4390.2001953125,4395.2001953125,4396.419921875,4372.39013671875,169420000
2024-09-19,4421.52001953125,4390.2001953125,4429.60986328125,4390.2001953125,158620000
2024-09-23,4434.06005859375,4437.2099609375,4467.740234375,4422.27978515625,124010000
2024-09-24,4461.4599609375,4433.22021484375,4465.240234375,4419.35009765625,87610000
2024-09-25,4488.68994140625,4461.4599609375,4489.47021484375,4460.75,193010000
2024-09-26,4526.60986328125,4488.68994140625,4527.43994140625,4485.31005859375,230080000
2024-09-30,4503.47998046875,4520.419921875,4523.77001953125,4482.7900390625,177760000
2024-10-01,4477.27001953125,4503.47998046875,4503.47998046875,4456.43017578125,121020000
2024-10-02,4440.27001953125,4473.06005859375,4473.06005859375,4414.3798828125,171990000
2024-10-03,4398.240234375,4438.580078125,4451.14990234375,4391.25,133010000
2024-10-07,4395.0498046875,4405.85009765625,4405.85009765625,4365.89013671875,150750000
2024-10-08,4429.0,4396.740234375,4430.91015625,4396.740234375,112790000
2024-10-09,4422.330078125,4429.83984375,4437.52001953125,4418.02001953125,106300000
2024-10-10,4437.56005859375,4421.490234375,4443.97021484375,4415.75,103760000
2024-10-14,4455.02001953125,4438.990234375,4469.2900390625,4438.009765625,103530000
2024-10-15,4469.56982421875,4455.02001953125,4474.509765625,4448.85009765625,101970000
2024-10-16,4485.2998046875,4469.56982421875,4493.7001953125,4468.64013671875,90820000
2024-10-17,4458.669921875,4485.2998046875,4486.75,4457.16015625,155860000
2024-10-21,4477.9599609375,4467.56005859375,4481.240234375,4454.6298828125,105090000
2024-10-22,4467.35009765625,4477.9599609375,4479.97021484375,4449.39990234375,122700000
2024-10-23,4464.18994140625,4466.5,4482.14013671875,4456.85009765625,192700000
2024-10-24,4464.0,4465.0400390625,4482.08984375,4461.6201171875,88350000
2024-10-28,4536.919921875,4479.18994140625,4545.58984375,4475.43017578125,138030000
2024-10-29,4583.35986328125,4537.759765625,4583.35986328125,4537.72998046875,233290000
2024-10-30,4604.52001953125,4582.52001953125,4614.89013671875,4557.8701171875,187610000
2024-10-31,4591.0498046875,4604.52001953125,4636.66015625,4584.27001953125,157210000
2024-11-04,4585.2099609375,4621.3701171875,4634.18994140625,4579.75,92980000
2024-11-05,4594.52978515625,4586.89013671875,4596.41015625,4570.580078125,168200000
2024-11-06,4616.27978515625,4594.52978515625,4624.47021484375,4594.52978515625,168020000
2024-11-07,4644.169921875,4617.1298828125,4656.35009765625,4617.1298828125,206200000
2024-11-11,4652.43017578125,4638.990234375,4676.990234375,4638.97021484375,230370000
2024-11-12,4701.39990234375,4652.43017578125,4701.52978515625,4649.1201171875,298810000
2024-11-13,4732.81005859375,4700.56005859375,4733.6201171875,4677.330078125,370320000
2024-11-14,4729.22998046875,4731.97021484375,4757.2099609375,4721.52978515625,361430000
2024-11-18,4712.66015625,4739.759765625,4739.759765625,4703.759765625,185320000
2024-11-19,4731.72021484375,4712.66015625,4737.0,4712.2001953125,183310000
2024-11-20,4760.669921875,4731.72021484375,4781.52001953125,4731.02978515625,228220000
2024-11-21,4729.580078125,4759.830078125,4759.830078125,4694.43994140625,227610000
2024-11-25,4768.31982421875,4723.64013671875,4788.490234375,4723.14013671875,217880000
2024-11-26,4828.830078125,4765.7900390625,4828.830078125,4762.6298828125,264540000
2024-11-27,4805.06982421875,4828.830078125,4850.490234375,4803.2001953125,251140000
2024-11-28,4823.3798828125,4805.06982421875,4837.10986328125,4796.66015625,201220000
2024-12-04,4853.64013671875,4848.18994140625,4879.7001953125,4835.3701171875,317770000
2024-12-05,4820.3701171875,4853.64013671875,4874.2001953125,4810.35009765625,314260000
2024-12-09,4848.10986328125,4856.14013671875,4879.52978515625,4831.77001953125,299110000
2024-12-10,4794.10986328125,4849.7998046875,4865.43017578125,4772.8701171875,270060000
2024-12-11,4795.31982421875,4794.10986328125,4808.68017578125,4768.8798828125,145630000
2024-12-12,4811.60986328125,4796.169921875,4815.259765625,4776.14013671875,104560000
2024-12-16,5047.5400390625,4829.6298828125,5050.25,4826.14013671875,387910000
2024-12-17,5079.85009765625,5046.7001953125,5160.1298828125,5016.72998046875,372560000
2024-12-18,5037.06982421875,5076.47998046875,5085.77001953125,5008.56982421875,168800000
2024-12-19,5046.5498046875,5037.06982421875,5052.4599609375,4990.35986328125,168930000
2024-12-23,5056.330078125,5057.2998046875,5086.740234375,5046.740234375,148490000
2024-12-24,5080.35986328125,5057.10009765625,5086.27978515625,5039.9599609375,157410000
2024-12-25,5083.68017578125,5080.35986328125,5101.33984375,5077.75,170570000
2024-12-26,5111.97998046875,5082.91015625,5122.72021484375,5073.5498046875,174990000
2024-12-30,5153.240234375,5129.64013671875,5162.990234375,5129.64013671875,165090000
2024-12-31,5158.669921875,5153.240234375,5169.43017578125,5128.91015625,138980000
2025-01-02,5153.330078125,5160.2099609375,5174.22021484375,5138.47021484375,240250000
2025-01-06,5190.7001953125,5126.740234375,5191.56005859375,5123.81005859375,261810000
2025-01-07,5213.93017578125,5190.7001953125,5233.740234375,5190.7001953125,366710000
2025-01-08,5209.330078125,5213.93017578125,5229.509765625,5201.10009765625,297000000
2025-01-09,5229.33984375,5207.7900390625,5248.06005859375,5205.02978515625,285410000
2025-01-13,5232.5,5229.08984375,5259.39013671875,5222.5400390625,241860000
2025-01-14,5245.5498046875,5234.81005859375,5248.89013671875,5219.52978515625,260650000
2025-01-15,5250.85986328125,5245.5498046875,5259.419921875,5234.7099609375,239270000
2025-01-16,5235.830078125,5250.08984375,5260.02978515625,5226.35986328125,217840000
2025-01-20,5196.18017578125,5212.5,5229.06982421875,5191.25,168510000
2025-01-21,5220.259765625,5196.9501953125,5232.47021484375,5189.39990234375,147930000
2025-01-22,5230.830078125,5220.259765625,5246.259765625,5213.85009765625,218570000
2025-01-23,5248.56005859375,5229.2900390625,5256.41015625,5215.0,211300000
2025-01-27,5191.64990234375,5226.31005859375,5246.56005859375,5185.6298828125,211230000
2025-01-28,5176.72998046875,5191.64990234375,5218.77001953125,5174.4501953125,254690000
2025-01-29,5129.35009765625,5177.5,5184.64990234375,5116.60009765625,160560000
2025-01-30,5154.97021484375,5130.1201171875,5171.10009765625,5121.02978515625,135270000
2025-02-03,5182.759765625,5180.3701171875,5192.06982421875,5129.10009765625,182330000
2025-02-04,5219.080078125,5182.759765625,5230.1298828125,5181.1201171875,197330000
2025-02-05,5218.93017578125,5219.080078125,5228.509765625,5200.080078125,160450000
2025-02-06,5244.830078125,5218.16015625,5260.330078125,5213.06982421875,157560000
2025-02-10,5261.31005859375,5237.6201171875,5280.5400390625,5226.8798828125,175410000
2025-02-11,5335.759765625,5262.080078125,5336.0498046875,5259.3701171875,245430000
2025-02-12,5304.169921875,5334.22021484375,5334.22021484375,5284.08984375,271680000
2025-02-13,5319.2001953125,5303.39990234375,5333.93994140625,5286.83984375,296450000
2025-02-17,5382.85009765625,5361.9599609375,5386.97998046875,5347.58984375,270500000
2025-02-18,5374.5,5382.85009765625,5398.080078125,5343.25,213760000
2025-02-19,5388.64013671875,5376.0498046875,5393.2998046875,5360.93017578125,218720000
2025-02-20,5380.2099609375,5386.330078125,5396.60986328125,5365.14990234375,182750000
2025-02-24,5334.8701171875,5360.02001953125,5387.31982421875,5333.009765625,281460000
2025-02-25,5342.43017578125,5336.41015625,5347.8701171875,5311.14013671875,170880000
2025-02-26,5351.97998046875,5341.66015625,5358.93994140625,5333.72998046875,150410000
2025-02-27,5361.10009765625,5354.2900390625,5370.77001953125,5343.5498046875,210320000
2025-03-03,5327.60009765625,5317.6298828125,5339.7900390625,5293.77001953125,154970000
2025-03-04,5354.64990234375,5327.60009765625,5360.68017578125,5309.31982421875,298660000
2025-03-05,5313.16015625,5355.419921875,5358.72021484375,5309.72998046875,277760000
2025-03-06,5273.75,5313.16015625,5328.2998046875,5251.759765625,150600000
2025-03-10,5136.080078125,5222.6201171875,5240.009765625,5123.509765625,251140000
2025-03-11,5121.83984375,5136.080078125,5151.830078125,4972.68017578125,345190000
2025-03-12,5157.1201171875,5124.14990234375,5159.25,5118.97021484375,182830000
2025-03-13,5184.81982421875,5160.2001953125,5191.259765625,5153.169921875,123060000
2025-03-17,5171.39990234375,5145.22998046875,5179.919921875,5136.259765625,116080000
2025-03-18,5149.1298828125,5172.93994140625,5214.68017578125,5130.77001953125,131920000
2025-03-19,5117.10986328125,5149.1298828125,5158.31005859375,5106.7001953125,138570000
2025-03-20,5131.35986328125,5120.97021484375,5144.81982421875,5104.06005859375,119130000
2025-03-24,5116.4501953125,5102.89013671875,5125.7001953125,5073.580078125,169930000
2025-03-25,5117.10986328125,5117.22021484375,5133.66015625,5105.2099609375,104950000
2025-03-26,5116.56005859375,5099.31982421875,5122.759765625,5089.77978515625,108910000
2025-03-27,5120.43017578125,5117.33984375,5121.240234375,5096.47998046875,110530000
2025-04-02,5112.240234375,5098.56005859375,5131.89013671875,5081.8701171875,159150000
2025-04-03,5027.22998046875,5110.68994140625,5112.72021484375,5010.75,171780000
2025-04-07,4799.009765625,4946.06005859375,4946.06005859375,4631.8798828125,399290000
2025-04-08,4890.330078125,4801.330078125,4908.27001953125,4800.8798828125,272570000
2025-04-09,4892.8798828125,4890.330078125,4920.580078125,4795.2900390625,182080000
2025-04-10,4974.06982421875,4896.75,5031.02978515625,4896.33984375,307540000
2025-04-14,5056.27978515625,4969.1201171875,5056.27978515625,4969.1201171875,167730000
2025-04-15,5078.259765625,5055.509765625,5079.31005859375,5037.259765625,214160000
2025-04-16,5053.41015625,5079.81005859375,5080.22021484375,5032.2099609375,238800000
2025-04-17,5061.52001953125,5053.41015625,5070.97998046875,5026.16015625,277970000
2025-04-21,5104.35009765625,5098.47998046875,5124.9599609375,5097.89990234375,116560000
2025-04-22,5134.39990234375,5105.89990234375,5134.39990234375,5086.9599609375,129010000
2025-04-23,5205.33984375,5132.85009765625,5205.580078125,5132.06982421875,273750000
2025-04-24,5195.81982421875,5206.10986328125,5237.25,5189.7900390625,231830000
2025-04-28,5216.47021484375,5165.7001953125,5216.47021484375,5165.7001953125,229540000
2025-04-29,5241.2998046875,5218.02001953125,5248.16015625,5217.7001953125,134660000
2025-04-30,5307.14990234375,5242.080078125,5310.080078125,5216.18994140625,221580000
2025-05-01,5272.7998046875,5307.93017578125,5307.97021484375,5250.419921875,122820000
2025-05-05,5344.68017578125,5291.3701171875,5345.06005859375,5277.06982421875,140310000
2025-05-06,5352.97021484375,5343.1298828125,5375.56982421875,5316.56005859375,141540000
2025-05-07,5337.52001953125,5352.97021484375,5361.2099609375,5313.669921875,126030000
2025-05-08,5314.06005859375,5337.52001953125,5348.06005859375,5305.5400390625,105090000
2025-05-12,5333.93017578125,5311.77978515625,5355.259765625,5311.31982421875,179360000
2025-05-13,5362.68017578125,5334.7099609375,5362.68017578125,5333.81982421875,190900000
2025-05-14,5359.72021484375,5365.0,5388.93994140625,5344.06982421875,214430000
2025-05-15,5398.77001953125,5360.490234375,5416.10986328125,5358.5,177400000
2025-05-19,5491.25,5453.8701171875,5509.330078125,5443.41015625,196110000
2025-05-20,5467.31005859375,5492.02978515625,5510.2099609375,5458.77978515625,206940000
2025-05-21,5438.419921875,5468.85986328125,5473.39013671875,5433.77001953125,128940000
2025-05-22,5452.759765625,5439.18994140625,5456.330078125,5424.83984375,127920000
2025-05-26,5484.4599609375,5464.93017578125,5488.6201171875,5454.93994140625,109900000
2025-05-27,5504.60009765625,5487.56005859375,5522.669921875,5487.56005859375,161110000
2025-05-28,5526.5400390625,5503.830078125,5526.5400390625,5489.39990234375,182680000
2025-05-29,5492.66015625,5526.5400390625,5535.1201171875,5474.60986328125,232540000
2025-06-02,5484.72021484375,5480.509765625,5520.31005859375,5458.16015625,231830000
2025-06-03,5521.85009765625,5484.72021484375,5532.66015625,5484.509765625,314220000
2025-06-04,5535.93017578125,5523.39990234375,5542.27978515625,5512.240234375,341950000
2025-06-09,5592.75,5536.7001953125,5607.740234375,5536.580078125,788880000
2025-06-10,5599.4501953125,5595.83984375,5618.22021484375,5576.0,552060000
2025-06-11,5595.5,5600.22021484375,5630.60986328125,5574.89013671875,373860000
2025-06-12,5467.10009765625,5594.72998046875,5594.72998046875,5443.5400390625,367740000
2025-06-16,5407.0,5364.68994140625,5428.0,5332.080078125,270780000
2025-06-17,5372.35986328125,5407.77978515625,5446.97021484375,5370.330078125,404160000
2025-06-18,5306.31005859375,5372.35986328125,5375.58984375,5299.89990234375,194260000
2025-06-19,5269.97021484375,5305.52978515625,5311.47021484375,5232.8701171875,201880000
2025-06-23,5411.2998046875,5352.35009765625,5431.9501953125,5332.91015625,360580000
2025-06-24,5593.009765625,5424.080078125,5598.27978515625,5424.080078125,429350000
2025-06-25,5613.39013671875,5594.52001953125,5631.77001953125,5592.77978515625,228110000
2025-06-26,5683.91015625,5614.14990234375,5685.330078125,5613.759765625,436830000
2025-06-30,5705.759765625,5683.91015625,5738.7001953125,5682.14013671875,386020000
2025-07-01,5692.5,5707.27001953125,5739.7998046875,5685.02001953125,307840000
2025-07-02,5669.14990234375,5694.0,5708.93994140625,5657.7998046875,222780000
2025-07-03,5748.2001953125,5669.14990234375,5748.2001953125,5668.740234375,218890000
2025-07-07,5802.6201171875,5754.02001953125,5809.25,5754.02001953125,236880000
2025-07-08,5794.39013671875,5801.8701171875,5805.2099609375,5751.81005859375,287910000
2025-07-09,5833.77978515625,5795.14013671875,5838.83984375,5784.3701171875,654770000
2025-07-10,5829.8798828125,5834.5400390625,5864.1201171875,5818.2099609375,611030000
2025-07-14,5856.580078125,5854.990234375,5880.27001953125,5828.4501953125,381570000
2025-07-15,5914.0498046875,5856.580078125,5917.06982421875,5856.169921875,455360000
2025-07-16,5974.43017578125,5914.7998046875,5988.0498046875,5905.259765625,268740000
2025-07-17,6103.08984375,5976.68994140625,6103.2099609375,5969.77978515625,231220000
2025-07-21,6045.0400390625,6114.81005859375,6120.9599609375,6034.669921875,234430000
2025-07-22,6024.7900390625,6045.0400390625,6057.68017578125,6004.009765625,188660000
2025-07-23,6086.18994140625,6024.7900390625,6088.22021484375,6024.009765625,166020000
2025-07-24,6111.4599609375,6086.18994140625,6111.47998046875,6069.7099609375,284880000
2025-07-28,6167.68017578125,6151.2099609375,6235.81005859375,6150.9501953125,332230000
2025-07-29,6177.81005859375,6169.18994140625,6199.8701171875,6135.81982421875,179560000
2025-07-30,6208.41015625,6177.81005859375,6208.41015625,6159.10009765625,164430000
2025-07-31,6159.14990234375,6209.16015625,6209.16015625,6153.47998046875,169010000
2025-08-04,6125.60009765625,6111.97021484375,6139.91015625,6069.7998046875,130980000
2025-08-05,6166.3798828125,6125.60009765625,6184.0498046875,6122.77001953125,146240000
2025-08-06,6156.009765625,6167.1298828125,6177.5498046875,6138.31982421875,143040000
2025-08-07,6133.1298828125,6156.759765625,6168.16015625,6123.68994140625,211990000
2025-08-11,6153.2900390625,6149.259765625,6169.5,6130.6298828125,251890000
2025-08-12,6118.5,6154.7900390625,6165.2001953125,6100.330078125,277500000
2025-08-13,6091.4501953125,6118.5,6134.68017578125,6073.97021484375,189480000
2025-08-14,6095.330078125,6089.9501953125,6121.47021484375,6077.31005859375,137440000
2025-08-18,6128.97021484375,6128.22021484375,6158.1298828125,6121.39013671875,133610000
2025-08-19,6150.93994140625,6128.22021484375,6159.5,6114.6201171875,114520000
2025-08-20,6122.10986328125,6150.93994140625,6157.4599609375,6119.10009765625,236460000
2025-08-21,6127.7099609375,6122.10986328125,6140.66015625,6111.72021484375,190150000
2025-08-25,6135.3701171875,6126.64013671875,6163.58984375,6115.43994140625,316000000
2025-08-26,6103.1201171875,6136.1201171875,6148.47998046875,6089.7900390625,367580000
2025-08-27,6127.4501953125,6104.6298828125,6134.10009765625,6102.31982421875,293350000
2025-08-28,6084.16015625,6128.2001953125,6131.60986328125,6084.1201171875,204150000
2025-09-01,5969.31005859375,6063.60986328125,6069.52001953125,5963.68017578125,164620000
2025-09-02,6010.89013671875,5969.31005859375,6010.89013671875,5909.419921875,192510000
2025-09-03,5974.080078125,6010.89013671875,6036.990234375,5972.77001953125,154020000
2025-09-04,5989.2099609375,5974.080078125,5998.81982421875,5962.7099609375,125770000
2025-09-08,5935.43017578125,5989.2099609375,6005.7001953125,5917.0,252260000
2025-09-09,5957.91015625,5935.43017578125,5961.08984375,5929.77001953125,226040000
2025-09-10,5922.56982421875,5956.41015625,5956.41015625,5907.56982421875,111370000
2025-09-11,5956.759765625,5922.56982421875,5959.68017578125,5905.10986328125,166960000
2025-09-15,6041.1201171875,6030.5498046875,6054.52001953125,6020.97998046875,187170000
2025-09-16,5999.68017578125,6041.1201171875,6050.91015625,5989.31982421875,188520000
2025-09-17,5991.10986328125,5999.68017578125,6007.83984375,5966.22021484375,117420000
2025-09-18,5978.68994140625,5991.10986328125,6030.31005859375,5977.18994140625,170640000
2025-09-22,6027.14990234375,6023.2099609375,6036.830078125,6009.83984375,86420000
2025-09-23,5958.85009765625,6027.919921875,6027.93994140625,5955.56982421875,146010000
2025-09-24,5872.1201171875,5959.6201171875,5959.6201171875,5855.2001953125,201900000
2025-09-25,5816.56005859375,5871.33984375,5897.83984375,5802.43994140625,170900000
2025-09-29,5868.64013671875,5856.85009765625,5895.580078125,5850.990234375,232940000
2025-09-30,5839.64013671875,5867.8701171875,5892.08984375,5812.27001953125,142680000
2025-10-01,5888.47998046875,5839.64013671875,5888.60986328125,5837.89990234375,101030000
2025-10-02,5916.47998046875,5888.47998046875,5930.580078125,5886.7001953125,119510000
2025-10-06,5908.0498046875,5917.60009765625,5951.9501953125,5899.97998046875,147700000
2025-10-07,5940.1201171875,5908.0498046875,5949.5400390625,5908.0498046875,167490000
2025-10-08,5960.43994140625,5940.1201171875,5964.2001953125,5918.02001953125,264510000
2025-10-09,5958.18994140625,5960.43994140625,5973.8701171875,5939.490234375,204630000
2025-10-13,5953.02978515625,5981.39013671875,5981.39013671875,5935.759765625,142800000
2025-10-14,6033.22021484375,5953.02978515625,6034.5498046875,5950.259765625,166120000
2025-10-15,6039.08984375,6032.43994140625,6054.31005859375,6024.830078125,150510000
2025-10-16,6029.27001953125,6039.08984375,6063.330078125,6012.93017578125,235100000
2025-10-20,5954.7900390625,5992.18017578125,6008.06005859375,5954.58984375,112130000
2025-10-21,5975.7998046875,5954.02001953125,5990.02978515625,5953.52978515625,86420000
2025-10-22,5974.08984375,5976.56982421875,5994.919921875,5967.77978515625,121790000
2025-10-23,6016.009765625,5975.64013671875,6018.2900390625,5968.8798828125,109270000
2025-10-27,6041.08984375,6067.77978515625,6074.7001953125,6032.3701171875,118870000
2025-10-28,6069.56005859375,6042.6298828125,6086.81982421875,6022.990234375,257160000
2025-10-29,6089.22998046875,6071.10009765625,6091.02001953125,6042.39990234375,144260000
2025-10-30,6105.02001953125,6089.22998046875,6113.080078125,6075.5498046875,144580000
2025-11-03,6018.7900390625,6061.740234375,6067.2998046875,5989.33984375,125970000
2025-11-04,6012.72998046875,6018.7900390625,6026.009765625,5986.240234375,114260000
2025-11-05,5992.22998046875,6012.72998046875,6023.64990234375,5963.16015625,152860000
2025-11-06,6021.759765625,5992.22998046875,6038.41015625,5992.009765625,228700000
2025-11-10,6007.830078125,6027.1201171875,6053.31005859375,6006.16015625,213110000
2025-11-11,6072.06005859375,6007.830078125,6072.18994140625,6007.830078125,179190000
2025-11-12,6041.93994140625,6072.830078125,6076.6298828125,6031.58984375,302220000
2025-11-13,5991.16015625,6041.93994140625,6049.58984375,5990.759765625,225570000
2025-11-17,5957.490234375,5946.490234375,5960.60009765625,5914.43994140625,281460000
2025-11-18,5898.93017578125,5956.72021484375,5957.10009765625,5891.669921875,302800000
2025-11-19,5862.08984375,5898.93017578125,5908.14990234375,5855.22998046875,242540000
2025-11-20,5910.9599609375,5862.85009765625,5914.669921875,5862.85009765625,260570000
2025-11-24,5830.85009765625,5835.56005859375,5852.43017578125,5798.93994140625,143430000
2025-11-25,5822.990234375,5830.85009765625,5860.47998046875,5817.9599609375,125010000
2025-11-26,5808.72021484375,5822.990234375,5825.8798828125,5786.35986328125,209560000
2025-11-27,5815.240234375,5808.72021484375,5846.52978515625,5808.72021484375,244360000
2025-12-03,5906.64013671875,5836.89013671875,5906.9599609375,5833.759765625,181690000
2025-12-04,5928.02001953125,5907.39990234375,5944.0400390625,5897.4599609375,159220000
2025-12-08,5998.25,5983.5400390625,6003.580078125,5962.68994140625,215900000
2025-12-09,6045.0,5998.25,6045.0,5983.8701171875,179060000
2025-12-10,6076.47998046875,6045.759765625,6076.72021484375,6026.080078125,199370000
2025-12-11,6100.06005859375,6078.759765625,6102.0400390625,6066.2900390625,200310000
2025-12-15,6089.3798828125,6097.47021484375,6099.830078125,6039.18017578125,151270000
2025-12-16,6110.06982421875,6090.14990234375,6119.580078125,6074.68994140625,134040000
2025-12-17,6109.4501953125,6110.06982421875,6125.6298828125,6093.009765625,128630000
2025-12-18,6080.64013671875,6109.4501953125,6112.81005859375,6079.64013671875,127430000
2025-12-22,6157.89990234375,6113.58984375,6157.89990234375,6098.27978515625,237300000
2025-12-23,6161.83984375,6157.89990234375,6163.52001953125,6122.009765625,228630000
2025-12-24,6164.02978515625,6161.83984375,6171.93017578125,6151.3798828125,138240000
2025-12-29,6137.330078125,6134.22998046875,6142.0400390625,6114.68994140625,102320000
2025-12-30,6014.9501953125,6138.06005859375,6138.06005859375,6003.509765625,163820000
2025-12-31,6047.08984375,6010.56982421875,6076.830078125,6010.56982421875,100110000
2026-01-05,6130.39990234375,6114.02978515625,6130.39990234375,6050.97998046875,145650000
2026-01-06,6182.5498046875,6130.39990234375,6182.669921875,6125.77978515625,205910000
2026-01-07,6248.56005859375,6182.5498046875,6249.18017578125,6164.66015625,205440000
2026-01-08,6252.990234375,6248.56005859375,6256.16015625,6227.39013671875,173040000
2026-01-12,6268.31005859375,6225.93994140625,6268.31005859375,6199.52978515625,147090000
2026-01-13,6319.2998046875,6269.77978515625,6326.22021484375,6266.68994140625,216230000
2026-01-14,6262.39990234375,6322.22998046875,6363.2099609375,6254.830078125,272180000
2026-01-15,6261.93994140625,6262.39990234375,6278.2900390625,6232.39990234375,147130000
2026-01-19,6343.52978515625,6316.14013671875,6368.77001953125,6315.06982421875,150310000
2026-01-20,6375.27978515625,6344.259765625,6380.259765625,6338.419921875,178690000
2026-01-21,6397.33984375,6374.5498046875,6398.1201171875,6360.9501953125,184940000
2026-01-22,6495.169921875,6395.8798828125,6500.06005859375,6395.8798828125,316030000
2026-01-26,6446.14990234375,6482.919921875,6483.240234375,6336.16015625,209950000
2026-01-27,6465.669921875,6446.14990234375,6488.990234375,6426.52978515625,138580000
2026-01-28,6514.0400390625,6466.39990234375,6523.02978515625,6464.740234375,182640000
2026-01-29,6481.580078125,6514.0400390625,6522.8701171875,6466.2099609375,167170000
2026-02-02,6573.35986328125,6435.35986328125,6573.35986328125,6417.0400390625,162200000
2026-02-03,6613.52001953125,6573.35986328125,6644.39990234375,6573.080078125,270890000
2026-02-04,6662.1201171875,6612.7900390625,6667.06005859375,6609.10986328125,264340000
2026-02-05,6675.06005859375,6662.1201171875,6695.16015625,6649.27001953125,409770000
2026-02-09,6774.3798828125,6690.27001953125,6774.3798828125,6689.72021484375,249920000
2026-02-10,6771.60009765625,6773.64013671875,6785.47998046875,6731.0,222810000
2026-02-11,6686.27001953125,6773.7900390625,6773.7900390625,6667.56982421875,227780000
2026-02-12,6714.60009765625,6693.580078125,6717.02001953125,6668.490234375,177240000
2026-02-16,6702.02978515625,6730.10986328125,6740.6298828125,6691.18994140625,321210000
2026-02-17,6684.35009765625,6702.759765625,6705.4501953125,6645.33984375,173790000
2026-02-18,6765.06982421875,6685.080078125,6766.08984375,6668.27978515625,205080000
2026-02-19,6607.68994140625,6764.33984375,6764.33984375,6586.5,255160000
2026-02-23,6710.8798828125,6590.52978515625,6714.81982421875,6571.7099609375,164420000
2026-02-24,6669.2099609375,6710.14990234375,6742.1201171875,6652.669921875,215350000
2026-02-25,6675.83984375,6669.2099609375,6706.85986328125,6659.97021484375,194690000
2026-02-26,6624.93017578125,6674.3798828125,6674.3798828125,6607.56982421875,152900000
2026-03-04,6197.18994140625,6483.77001953125,6483.77001953125,6187.02978515625,155050000
2026-03-05,6114.7099609375,6178.919921875,6178.919921875,5938.830078125,358860000
2026-03-09,5753.5498046875,5900.41015625,5900.41015625,5679.5400390625,203170000
2026-03-10,5866.52978515625,5737.47021484375,5958.490234375,5653.1201171875,582970000
2026-03-11,5726.31982421875,5868.0,5945.080078125,5705.0498046875,280000000
2026-03-12,5518.080078125,5727.77978515625,5727.77978515625,5502.31982421875,218960000
2026-03-16,5288.7001953125,5419.7001953125,5422.08984375,5233.10009765625,199890000
2026-03-17,5505.68017578125,5288.7001953125,5529.27978515625,5233.89013671875,256190000
2026-03-18,5550.240234375,5489.60009765625,5695.2998046875,5489.5498046875,474550000
2026-03-23,5383.02001953125,5551.669921875,5553.259765625,5362.52001953125,238280000
2026-03-24,5470.89990234375,5386.58984375,5610.0,5386.58984375,313110000
2026-03-25,5697.7099609375,5475.18017578125,5718.0498046875,5475.18017578125,297930000
2026-03-26,5517.85009765625,5697.0,5697.27001953125,5507.64013671875,227240000
2026-03-30,5442.6201171875,5510.990234375,5558.5,5441.240234375,159770000
2026-03-31,5434.41015625,5442.6201171875,5495.3701171875,5388.93017578125,155200000
2026-04-01,5544.60986328125,5437.27001953125,5586.419921875,5437.27001953125,223170000
2026-04-02,5510.7099609375,5540.330078125,5540.509765625,5463.56982421875,164730000
2026-04-06,5448.06982421875,5480.18017578125,5491.89013671875,5431.60986328125,123370000
2026-04-07,5404.10009765625,5448.06982421875,5480.77001953125,5404.10009765625,124330000
2026-04-08,5777.47021484375,5437.6201171875,5862.1298828125,5437.6201171875,580660000
2026-04-09,5693.7099609375,5776.0498046875,5776.0498046875,5664.81982421875,241960000
2026-04-13,5668.259765625,5707.6201171875,5707.6201171875,5606.759765625,122700000
2026-04-14,5719.5,5671.830078125,5757.81982421875,5671.14990234375,214110000
2026-04-15,5866.31005859375,5723.06982421875,5866.89013671875,5723.06982421875,339840000
2026-04-16,5929.509765625,5868.4501953125,5962.16015625,5868.39990234375,372110000
2026-04-20,5862.10986328125,5985.990234375,5985.990234375,5859.9599609375,245660000
2026-04-21,5878.27978515625,5862.10986328125,5923.25,5851.4501953125,275280000
2026-04-22,5816.02978515625,5874.72021484375,5905.56005859375,5816.0,194490000
2026-04-23,5814.0400390625,5816.02978515625,5867.8701171875,5801.14013671875,177850000
2026-04-27,5870.6201171875,5854.18994140625,5932.5400390625,5851.3798828125,172490000
2026-04-28,5857.830078125,5872.0400390625,5924.0,5856.06005859375,207080000
2026-04-29,5861.2998046875,5860.68994140625,5903.41015625,5857.259765625,196280000
2026-04-30,5766.0498046875,5861.2998046875,5892.10986328125,5765.10009765625,241330000
2026-05-04,5779.89990234375,5769.7001953125,5855.759765625,5766.39990234375,207120000
2026-05-05,5729.06982421875,5776.330078125,5776.330078125,5656.83984375,166620000
2026-05-06,5898.419921875,5731.919921875,5900.81005859375,5729.919921875,339040000
2026-05-07,5931.8701171875,5903.41015625,5951.4501953125,5902.97998046875,245250000
2026-05-11,5820.18017578125,5902.2099609375,5924.0498046875,5818.740234375,166310000
2026-05-12,5782.89013671875,5819.4599609375,5831.64013671875,5768.60986328125,203310000
2026-05-13,5759.169921875,5787.89013671875,5823.4501953125,5716.7900390625,235780000
2026-05-14,5735.3798828125,5759.169921875,5777.7001953125,5725.91015625,173500000
2026-05-18,5609.580078125,5705.2099609375,5705.2099609375,5582.10009765625,172610000
2026-05-19,5661.89990234375,5612.43017578125,5696.2998046875,5612.18017578125,234990000
2026-05-20,5626.91015625,5664.0400390625,5702.7900390625,5624.02001953125,287880000
2026-05-21,5660.68994140625,5631.18994140625,5686.0,5631.18994140625,207580000
2026-05-25,5757.47998046875,5699.9501953125,5844.3701171875,5699.58984375,545510000
2026-06-01,5774.89990234375,5751.77978515625,5833.919921875,5750.89990234375,418070000
2026-06-02,5732.2998046875,5775.6201171875,5792.85009765625,5718.9599609375,258890000
2026-06-03,5686.41015625,5733.009765625,5746.6298828125,5654.7900390625,206160000
2026-06-04,5718.4599609375,5689.97998046875,5737.240234375,5678.1298828125,260680000
2026-06-08,5734.81005859375,5764.919921875,5764.919921875,5673.919921875,173300000
2026-06-09,5785.240234375,5738.3798828125,5807.009765625,5738.3798828125,223380000
2026-06-10,5757.93017578125,5785.240234375,5790.740234375,5747.759765625,256690000
2026-06-11,5733.8798828125,5756.5,5756.5,5701.919921875,205820000
2026-06-16,6054.97998046875,5958.31982421875,6133.66015625,5958.2998046875,366690000
2026-06-17,6115.97021484375,6054.97998046875,6116.2001953125,6050.490234375,293380000
2026-06-18,6269.509765625,6115.97021484375,6269.52001953125,6112.06982421875,384780000
2026-06-22,6183.47021484375,6163.5,6206.64990234375,6154.22998046875,170000000
2026-06-23,6104.97998046875,6183.47021484375,6186.31982421875,6084.27978515625,169320000
2026-06-24,6112.0400390625,6104.97998046875,6139.47998046875,6092.39990234375,221500000
2026-06-25,6024.58984375,6112.7099609375,6154.169921875,6009.52001953125,176080000
2026-06-29,5993.35009765625,6021.7099609375,6022.009765625,5987.02001953125,93830000
2026-06-30,5955.580078125,5993.35009765625,6026.93017578125,5935.7001953125,161570000
2026-07-01,6010.06982421875,5956.919921875,6028.4599609375,5952.35986328125,198440000
2026-07-02,5990.58984375,6006.0400390625,6023.1298828125,5990.41015625,120700000
2026-07-06,6090.64990234375,6059.14013671875,6090.64990234375,6051.580078125,172270000
2026-07-07,6093.97998046875,6089.31005859375,6102.3798828125,6060.72998046875,157170000
2026-07-08,6001.93017578125,6091.9599609375,6091.9599609375,5938.7900390625,240260000
2026-07-09,5990.8798828125,6001.259765625,6018.06005859375,5945.9501953125,148550000
2026-07-13,5967.43017578125,6041.2001953125,6041.2001953125,5950.52978515625,143190000
2026-07-14,5890.990234375,5965.41015625,5965.41015625,5868.990234375,126450000
2026-07-15,5911.35986328125,5890.31982421875,5962.580078125,5889.60986328125,176480000
2026-07-16,5895.93017578125,5911.35986328125,5926.18017578125,5880.740234375,111280000
