Date,Price
2011-01-02,22.92
2011-01-03,22.79
2011-01-04,22.89
2011-01-05,23.08
2011-01-06,23.3
2011-01-10,23.36
2011-01-11,23.36
2011-01-12,23.4
2011-01-13,23.96
2011-01-16,23.56
2011-01-17,23.16
2011-01-18,22.88
2011-01-19,22.72
2011-01-20,23.06
2011-01-24,23.04
2011-01-26,22.77
2011-01-27,22.64
2011-03-24,20.45
2011-03-27,20.93
2011-03-28,22.0
2011-03-29,22.07
2011-03-30,22.15
2011-03-31,21.99
2011-04-03,23.11
2011-04-04,23.03
2011-04-05,22.33
2011-04-06,22.77
2011-04-07,23.45
2011-04-10,23.46
2011-04-11,23.36
2011-04-12,23.04
2011-04-13,23.08
2011-04-14,22.47
2011-04-17,22.74
2011-04-18,22.46
2011-04-19,22.47
2011-04-20,23.38
2011-04-21,23.38
2011-04-26,23.36
2011-04-27,23.29
2011-04-28,23.36
2011-05-02,23.44
2011-05-03,22.27
2011-05-04,22.34
2011-05-05,22.21
2011-05-08,22.31
2011-05-09,22.37
2011-05-10,22.41
2011-05-11,22.68
2011-05-12,23.0
2011-05-15,23.29
2011-05-16,23.4
2011-05-17,23.4
2011-05-18,23.4
2011-05-19,23.53
2011-05-22,23.38
2011-05-23,23.39
2011-05-24,23.53
2011-05-25,23.56
2011-05-26,23.7
2011-05-29,23.69
2011-05-30,23.69
2011-05-31,23.49
2011-06-01,23.75
2011-06-02,23.66
2011-06-05,23.79
2011-06-06,23.63
2011-06-07,23.67
2011-06-08,24.0
2011-06-09,24.0
2011-06-12,24.24
2011-06-13,24.3
2011-06-14,24.57
2011-06-16,24.25
2011-06-19,24.0
2011-06-20,24.0
2011-06-21,23.93
2011-06-23,23.92
2011-06-26,23.92
2011-06-27,23.54
2011-06-28,23.39
2011-06-30,23.52
2011-07-04,23.15
2011-07-05,23.03
2011-07-06,23.0
2011-07-07,22.77
2011-07-10,22.21
2011-07-11,22.21
2011-07-12,22.15
2011-07-13,22.15
2011-07-14,22.15
2011-07-17,22.15
2011-07-19,22.28
2011-07-20,22.28
2011-07-21,22.31
2011-07-25,22.31
2011-07-26,22.31
2011-07-27,22.3
2011-07-31,22.31
2011-08-01,22.37
2011-08-02,22.47
2011-08-03,22.47
2011-08-04,22.49
2011-08-07,22.46
2011-08-08,22.26
2011-08-09,20.39
2011-08-10,21.17
2011-08-11,20.91
2011-08-14,21.01
2011-08-15,21.51
2011-08-16,21.25
2011-08-17,21.53
2011-08-18,21.55
2011-08-21,20.64
2011-08-23,20.92
2011-08-25,20.93
2011-08-29,20.92
2011-09-04,21.54
2011-09-05,21.54
2011-09-11,21.24
2011-09-12,21.54
2011-09-13,21.09
2011-09-14,20.84
2011-09-15,21.11
2011-09-18,20.98
2011-09-19,20.92
2011-09-20,20.84
2011-09-22,20.66
2011-09-25,20.5
2011-09-26,20.23
2011-09-27,20.31
2011-09-28,19.69
2011-09-29,19.69
2011-10-02,19.73
2011-10-03,19.99
2011-10-04,19.4
2011-10-05,19.38
2011-10-09,20.49
2011-10-11,20.5
2011-10-12,20.92
2011-10-13,20.92
2011-10-16,19.7
2011-10-17,20.0
2011-10-18,19.82
2011-10-19,19.75
2011-10-20,20.31
2011-10-24,20.39
2011-10-25,20.01
2011-10-27,20.22
2011-10-30,20.32
2011-10-31,20.91
2011-11-01,20.91
2011-11-02,20.92
2011-11-03,20.94
2011-11-09,21.23
2011-11-10,21.33
2011-11-13,20.84
2011-11-14,20.42
2011-11-15,20.37
2011-11-16,20.44
2011-11-17,20.31
2011-11-20,19.8
2011-11-22,19.69
2011-11-24,19.69
2011-11-29,19.5
2011-11-30,20.31
2011-12-01,20.42
2011-12-04,20.31
2011-12-05,20.31
2011-12-06,21.03
2011-12-07,20.35
2011-12-08,20.46
2011-12-11,21.07
2011-12-12,20.46
2011-12-13,20.32
2011-12-15,20.31
2011-12-20,20.28
2011-12-21,20.31
2011-12-26,20.31
2011-12-27,19.78
2011-12-28,19.83
2011-12-29,20.92
2012-01-03,20.3
2012-01-04,20.31
2012-01-05,21.21
2012-01-09,19.97
2012-01-10,20.65
2012-01-12,20.92
2012-01-15,20.92
2012-01-17,20.92
2012-01-18,20.31
2012-01-23,20.32
2012-01-24,20.31
2012-01-26,20.69
2012-01-29,20.61
2012-01-30,20.61
2012-01-31,20.91
2012-02-01,20.93
2012-02-02,20.59
2012-02-06,20.61
2012-02-08,20.61
2012-02-09,20.61
2012-02-13,21.46
2012-02-14,20.77
2012-02-15,21.18
2012-02-16,21.22
2012-02-19,20.61
2012-02-20,20.61
2012-02-21,20.61
2012-02-22,20.63
2012-02-23,20.63
2012-02-27,21.22
2012-02-28,21.23
2012-02-29,21.01
2012-03-01,20.61
2012-03-04,20.68
2012-03-05,20.69
2012-03-06,20.64
2012-03-07,20.74
2012-03-08,21.22
2012-03-11,21.46
2012-03-12,20.41
2012-03-13,20.92
2012-03-14,20.92
2012-03-20,20.63
2012-03-21,20.92
2012-03-25,21.22
2012-03-26,20.92
2012-03-27,20.92
2012-03-28,20.92
2012-03-29,21.22
2012-04-01,21.19
2012-04-02,21.23
2012-04-03,21.33
2012-04-04,20.92
2012-04-05,20.92
2012-04-09,20.53
2012-04-10,20.61
2012-04-11,20.64
2012-04-12,20.62
2012-04-17,20.92
2012-04-18,20.61
2012-04-19,20.92
2012-04-22,20.92
2012-04-24,20.86
2012-04-26,20.86
2012-04-29,20.62
2012-04-30,20.62
2012-05-02,20.86
2012-05-03,20.86
2012-05-06,20.86
2012-05-07,20.87
2012-05-08,20.93
2012-05-10,20.92
2012-05-13,20.92
2012-05-14,20.92
2012-05-17,21.24
2012-05-20,20.92
2012-05-21,20.93
2012-05-22,20.81
2012-05-23,20.69
2012-05-24,21.19
2012-05-27,20.97
2012-05-28,19.08
2012-05-29,18.59
2012-05-30,19.08
2012-05-31,19.08
2012-06-03,18.46
2012-06-04,18.46
2012-06-06,19.08
2012-06-07,19.51
2012-06-12,18.77
2012-06-14,18.92
2012-06-18,18.82
2012-06-19,19.35
2012-06-20,19.08
2012-06-21,19.08
2012-06-24,19.08
2012-06-25,19.67
2012-06-26,19.69
2012-06-27,19.38
2012-06-28,19.58
2012-07-02,19.69
2012-07-03,19.69
2012-07-05,19.69
2012-07-08,19.49
2012-07-09,19.14
2012-07-11,19.28
2012-07-12,19.36
2012-07-15,19.69
2012-07-16,19.68
2012-07-18,19.68
2012-07-19,19.72
2012-07-26,19.69
2012-07-31,20.28
2012-08-02,20.31
2012-08-05,20.31
2012-08-06,20.59
2012-08-08,20.92
2012-08-09,20.31
2012-08-13,20.31
2012-08-16,20.92
2012-08-21,20.92
2012-08-22,20.92
2012-08-23,20.88
2012-08-26,21.38
2012-08-27,20.61
2012-08-28,21.24
2012-08-29,21.41
2012-08-30,21.44
2012-09-03,21.13
2012-09-04,21.53
2012-09-06,21.53
2012-09-10,21.54
2012-09-11,21.54
2012-09-12,21.78
2012-09-13,21.86
2012-09-17,21.54
2012-09-18,21.54
2012-09-19,22.46
2012-09-24,22.43
2012-09-25,22.77
2012-09-26,22.61
2012-09-27,22.68
2012-10-01,22.62
2012-10-02,22.5
2012-10-09,22.15
2012-10-10,22.46
2012-10-15,22.52
2012-10-16,23.39
2012-10-17,23.38
2012-10-18,23.33
2012-10-21,23.38
2012-10-22,23.38
2012-10-23,23.99
2012-10-24,24.58
2012-10-29,24.58
2012-10-30,24.39
2012-10-31,24.39
2012-11-01,24.0
2012-11-04,24.0
2012-11-05,24.0
2012-11-06,24.11
2012-11-07,24.61
2012-11-08,24.56
2012-11-14,24.56
2012-11-18,24.61
2012-11-19,24.61
2012-11-20,24.66
2012-11-21,24.61
2012-11-25,22.38
2012-11-26,21.11
2012-11-27,23.12
2012-11-28,23.12
2012-11-29,24.31
2012-12-02,24.31
2012-12-03,23.38
2012-12-04,24.61
2012-12-05,24.58
2012-12-06,22.85
2012-12-09,24.15
2012-12-10,24.49
2012-12-11,24.59
2012-12-13,24.8
2012-12-17,24.61
2012-12-18,24.61
2012-12-20,24.61
2012-12-23,24.61
2012-12-24,24.61
2012-12-25,24.91
2012-12-27,24.61
2012-12-30,24.61
2012-12-31,24.61
2013-01-02,24.76
2013-01-03,24.61
2013-01-06,24.61
2013-01-08,24.61
2013-01-09,24.63
2013-01-10,24.61
2013-01-13,24.61
2013-01-14,24.61
2013-01-17,24.61
2013-01-21,24.61
2013-01-22,24.74
2013-01-23,24.74
2013-01-30,24.71
2013-01-31,24.62
2013-02-03,24.61
2013-02-04,24.67
2013-02-05,24.68
2013-02-07,25.21
2013-02-10,25.21
2013-02-11,25.19
2013-02-12,25.59
2013-02-13,25.73
2013-02-14,25.84
2013-02-17,25.84
2013-02-18,25.85
2013-02-19,25.84
2013-02-20,25.84
2013-02-21,25.84
2013-02-24,25.85
2013-02-25,25.84
2013-02-27,25.84
2013-02-28,25.84
2013-03-03,25.86
2013-03-04,25.85
2013-03-05,25.84
2013-03-06,25.84
2013-03-07,25.84
2013-03-10,25.85
2013-03-11,26.15
2013-03-14,26.15
2013-03-17,26.15
2013-03-18,26.15
2013-03-19,26.16
2013-03-21,26.45
2013-03-24,26.74
2013-03-25,26.77
2013-03-27,26.71
2013-03-31,26.71
2013-04-03,26.46
2013-04-04,26.46
2013-04-07,26.48
2013-04-10,25.91
2013-04-11,26.86
2013-04-14,26.86
2013-04-15,26.71
2013-04-16,25.97
2013-04-17,25.97
2013-04-18,27.04
2013-04-21,26.47
2013-04-22,26.51
2013-04-23,26.8
2013-04-24,27.07
2013-04-28,25.84
2013-04-29,25.54
2013-04-30,25.77
2013-05-02,24.92
2013-05-12,24.92
2013-05-14,25.84
2013-05-15,25.84
2013-05-19,25.84
2013-05-20,26.45
2013-05-21,26.46
2013-05-22,26.45
2013-05-23,26.23
2013-05-26,25.86
2013-05-28,25.86
2013-05-29,26.5
2013-05-30,26.59
2013-06-02,27.07
2013-06-03,27.07
2013-06-04,27.07
2013-06-05,26.71
2013-06-06,27.07
2013-06-09,27.07
2013-06-16,27.07
2013-06-18,27.07
2013-06-19,26.56
2013-06-20,26.77
2013-06-23,26.15
2013-06-24,26.16
2013-06-25,25.84
2013-06-26,25.84
2013-06-27,26.0
2013-07-02,26.91
2013-07-07,24.61
2013-07-08,24.56
2013-07-09,24.64
2013-07-10,25.84
2013-07-11,26.16
2013-07-18,26.16
2013-07-22,26.16
2013-07-24,26.16
2013-07-25,25.95
2013-07-28,25.97
2013-07-30,26.22
2013-07-31,26.23
2013-08-06,26.26
2013-08-13,26.26
2013-08-20,25.84
2013-08-21,26.46
2013-08-22,25.84
2013-08-25,25.29
2013-08-26,25.66
2013-08-28,25.84
2013-08-29,25.76
2013-09-02,25.54
2013-09-03,25.43
2013-09-04,25.54
2013-09-05,25.52
2013-09-10,25.54
2013-09-11,25.54
2013-09-12,25.37
2013-09-15,25.23
2013-09-16,25.23
2013-09-17,25.22
2013-09-18,25.22
2013-09-23,24.96
2013-09-24,24.89
2013-09-25,24.77
2013-09-26,24.82
2013-09-29,24.67
2013-09-30,24.64
2013-10-01,25.23
2013-10-03,24.92
2013-10-07,25.23
2013-10-08,25.22
2013-10-09,25.54
2013-10-10,26.46
2013-10-13,26.46
2013-10-20,26.47
2013-10-21,26.75
2013-10-28,26.46
2013-10-29,26.15
2013-10-30,25.84
2013-10-31,26.42
2013-11-03,25.61
2013-11-04,26.45
2013-11-06,26.98
2013-11-07,26.77
2013-11-10,26.46
2013-11-14,26.77
2013-11-17,25.54
2013-11-18,26.46
2013-11-19,26.46
2013-11-20,26.53
2013-11-21,26.53
2013-11-26,26.53
2013-11-27,26.47
2013-11-28,26.49
2013-12-01,26.77
2013-12-02,26.77
2013-12-04,26.77
2013-12-05,26.45
2013-12-09,26.45
2013-12-10,26.42
2013-12-11,27.06
2013-12-15,25.99
2013-12-16,26.03
2013-12-17,26.02
2013-12-19,26.13
2013-12-22,25.91
2013-12-23,26.03
2013-12-24,26.46
2013-12-25,26.47
2013-12-26,26.63
2013-12-31,26.53
2014-01-06,26.46
2014-01-09,26.47
2014-01-12,26.47
2014-01-14,26.84
2014-01-15,27.07
2014-01-16,27.07
2014-01-19,27.06
2014-01-20,27.38
2014-01-21,27.18
2014-01-22,27.17
2014-01-23,27.07
2014-01-26,27.07
2014-01-27,27.07
2014-01-28,27.07
2014-01-29,26.99
2014-01-30,27.68
2014-02-02,27.69
2014-02-04,27.69
2014-02-05,27.69
2014-02-06,27.69
2014-02-10,27.69
2014-02-12,28.34
2014-02-17,28.46
2014-02-18,29.54
2014-02-19,29.54
2014-02-20,29.51
2014-02-23,29.51
2014-02-24,29.54
2014-02-26,28.45
2014-02-27,29.54
2014-03-02,29.49
2014-03-03,29.49
2014-03-05,28.87
2014-03-06,28.92
2014-03-09,28.92
2014-03-10,28.92
2014-03-11,29.23
2014-03-12,29.23
2014-03-13,29.54
2014-03-17,28.96
2014-03-18,29.49
2014-03-19,29.54
2014-03-20,29.54
2014-03-23,29.84
2014-03-27,30.16
2014-03-30,30.16
2014-03-31,30.16
2014-04-01,30.16
2014-04-02,30.48
2014-04-06,28.49
2014-04-07,30.64
2014-04-08,30.77
2014-04-09,31.07
2014-04-10,31.99
2014-04-13,32.0
2014-04-14,31.99
2014-04-15,32.0
2014-04-16,32.0
2014-04-17,30.77
2014-04-22,32.0
2014-04-23,32.0
2014-04-27,32.56
2014-04-29,31.47
2014-04-30,31.4
2014-05-04,31.38
2014-05-05,31.38
2014-05-06,31.38
2014-05-08,30.92
2014-05-12,29.54
2014-05-13,29.26
2014-05-14,29.26
2014-05-15,29.26
2014-05-19,29.54
2014-05-20,29.54
2014-05-21,31.22
2014-05-25,29.23
2014-05-26,28.26
2014-05-28,28.26
2014-05-29,29.67
2014-06-03,28.64
2014-06-04,29.54
2014-06-05,30.58
2014-06-09,30.34
2014-06-10,30.46
2014-06-11,30.46
2014-06-12,30.56
2014-06-15,30.56
2014-06-16,30.46
2014-06-18,29.86
2014-06-19,29.84
2014-06-24,29.84
2014-06-25,29.93
2014-06-29,30.58
2014-06-30,31.27
2014-07-02,31.27
2014-07-03,30.77
2014-07-07,30.77
2014-07-08,31.37
2014-07-09,31.38
2014-07-10,32.39
2014-07-13,32.31
2014-07-14,32.61
2014-07-16,32.31
2014-07-17,33.22
2014-07-21,32.92
2014-07-24,33.79
2014-07-31,33.23
2014-08-03,33.23
2014-08-04,33.23
2014-08-05,33.84
2014-08-06,32.31
2014-08-07,35.06
2014-08-10,33.84
2014-08-11,34.02
2014-08-12,33.55
2014-08-13,33.89
2014-08-14,35.07
2014-08-17,33.33
2014-08-18,34.46
2014-08-19,33.86
2014-08-20,35.13
2014-08-21,36.93
2014-08-24,35.54
2014-08-25,35.69
2014-08-26,37.69
2014-08-27,37.31
2014-09-01,37.31
2014-09-02,37.33
2014-09-03,37.46
2014-09-04,37.84
2014-09-07,38.69
2014-09-08,39.28
2014-09-09,39.36
2014-09-10,39.38
2014-09-11,39.38
2014-09-14,39.69
2014-09-15,39.69
2014-09-16,39.71
2014-09-17,39.69
2014-09-18,39.69
2014-09-22,38.17
2014-09-23,37.93
2014-09-24,37.83
2014-09-25,37.09
2014-10-02,38.4
2014-10-08,38.78
2014-10-09,38.8
2014-10-13,39.97
2014-10-14,39.97
2014-10-16,39.97
2014-10-19,40.0
2014-10-21,40.0
2014-10-22,40.27
2014-10-23,41.2
2014-10-28,41.2
2014-10-29,41.9
2014-10-30,42.43
2014-11-03,43.07
2014-11-04,44.12
2014-11-06,43.15
2014-11-10,43.07
2014-11-11,43.25
2014-11-12,43.69
2014-11-13,43.69
2014-11-16,43.69
2014-11-17,43.69
2014-11-18,43.69
2014-11-19,43.72
2014-11-20,44.29
2014-11-23,44.26
2014-11-24,44.35
2014-11-25,44.41
2014-11-27,44.58
2014-12-01,44.56
2014-12-02,44.92
2014-12-03,46.51
2014-12-04,46.51
2014-12-07,47.11
2014-12-08,47.11
2014-12-09,47.11
2014-12-10,47.38
2014-12-11,47.41
2014-12-15,46.5
2014-12-16,46.77
2014-12-17,47.38
2014-12-18,47.38
2014-12-21,47.38
2014-12-23,47.69
2014-12-24,48.0
2014-12-25,47.89
2014-12-29,48.0
2014-12-30,48.15
2014-12-31,48.3
2015-01-04,48.61
2015-01-05,48.61
2015-01-06,49.2
2015-01-08,49.21
2015-01-12,49.23
2015-01-13,49.21
2015-01-14,49.21
2015-01-15,48.0
2015-01-18,48.5
2015-01-19,48.0
2015-01-20,48.15
2015-01-26,48.0
2015-01-27,48.0
2015-01-28,48.0
2015-02-02,48.25
2015-02-03,48.61
2015-02-04,48.61
2015-02-05,48.61
2015-02-12,48.61
2015-02-15,49.65
2015-02-17,49.65
2015-02-22,49.65
2015-02-23,49.65
2015-02-24,49.75
2015-02-25,49.53
2015-03-02,51.07
2015-03-03,51.08
2015-03-04,51.07
2015-03-05,51.69
2015-03-08,51.34
2015-03-09,52.3
2015-03-10,52.28
2015-03-11,52.3
2015-03-12,52.3
2015-03-18,52.3
2015-03-19,51.57
2015-03-23,51.57
2015-03-24,50.15
2015-03-25,50.46
2015-03-26,50.29
2015-03-30,50.28
2015-03-31,50.26
2015-04-05,50.46
2015-04-06,50.37
2015-04-07,50.32
2015-04-08,50.3
2015-04-09,49.85
2015-04-14,49.85
2015-04-15,49.84
2015-04-16,49.85
2015-04-19,49.85
2015-04-21,50.15
2015-04-22,50.16
2015-04-23,51.07
2015-04-26,51.07
2015-04-28,49.28
2015-04-29,48.61
2015-04-30,49.53
2015-05-03,49.18
2015-05-04,49.84
2015-05-05,49.39
2015-05-06,49.23
2015-05-07,49.23
2015-05-12,51.75
2015-05-14,50.77
2015-05-18,50.77
2015-05-19,50.69
2015-05-20,50.46
2015-05-25,49.23
2015-05-26,49.23
2015-05-27,49.23
2015-05-28,49.23
2015-05-31,49.23
2015-06-01,49.84
2015-06-02,50.64
2015-06-03,50.46
2015-06-07,50.46
2015-06-08,50.46
2015-06-10,50.46
2015-06-11,50.69
2015-06-17,50.46
2015-06-22,50.46
2015-06-23,50.46
2015-06-24,50.86
2015-06-25,50.64
2015-06-29,52.28
2015-07-07,51.1
2015-07-09,51.38
2015-07-13,49.93
2015-07-14,50.77
2015-07-16,51.65
2015-07-21,51.65
2015-07-27,51.69
2015-07-28,52.38
2015-07-29,52.91
2015-07-30,52.89
2015-08-04,53.53
2015-08-05,53.54
2015-08-10,53.69
2015-08-11,53.84
2015-08-12,54.17
2015-08-13,54.26
2015-08-16,52.88
2015-08-17,53.53
2015-08-30,49.72
2015-08-31,49.72
2015-09-01,50.46
2015-09-02,50.47
2015-09-03,50.46
2015-09-06,50.46
2015-09-07,49.77
2015-09-08,49.77
2015-09-09,50.45
2015-09-10,50.45
2015-09-14,49.84
2015-09-15,49.53
2015-09-16,49.84
2015-09-20,48.61
2015-09-21,48.61
2015-09-22,48.61
2015-09-28,48.61
2015-09-29,48.61
2015-09-30,48.62
2015-10-01,48.62
2015-10-04,48.61
2015-10-08,48.61
2015-10-11,48.61
2015-10-13,48.61
2015-10-15,48.61
2015-10-18,48.61
2015-10-19,48.61
2015-10-20,48.61
2015-10-21,48.61
2015-10-22,48.61
2015-10-27,48.09
2015-10-28,47.07
2015-11-03,48.29
2015-11-05,48.28
2015-11-09,48.28
2015-11-11,48.28
2015-11-12,48.14
2015-11-15,43.5
2015-11-16,46.08
2015-11-17,45.53
2015-11-18,45.13
2015-11-19,45.92
2015-11-23,44.3
2015-11-24,44.3
2015-11-30,41.84
2015-12-01,41.84
2015-12-02,43.07
2015-12-03,42.0
2015-12-07,41.84
2015-12-09,41.23
2015-12-10,40.0
2015-12-13,40.0
2015-12-14,39.64
2015-12-17,41.22
2015-12-21,39.84
2015-12-22,41.23
2015-12-24,42.46
2015-12-27,43.07
2015-12-28,43.06
2015-12-29,43.06
2015-12-30,43.07
2015-12-31,43.97
2016-01-03,43.38
2016-01-04,43.38
2016-01-05,43.07
2016-01-06,43.07
2016-01-10,44.0
2016-01-11,44.0
2016-01-13,44.0
2016-01-17,42.46
2016-01-18,42.46
2016-01-19,42.46
2016-01-20,40.76
2016-01-26,39.38
2016-01-28,40.61
2016-02-01,40.0
2016-02-02,39.95
2016-02-03,40.0
2016-02-04,40.0
2016-02-09,39.99
2016-02-22,41.15
2016-02-23,40.0
2016-02-29,38.52
2016-03-01,38.46
2016-03-02,38.46
2016-03-03,38.46
2016-03-08,38.15
2016-03-09,36.92
2016-03-13,36.09
2016-03-14,37.49
2016-03-15,36.91
2016-03-16,36.81
2016-03-17,36.26
2016-03-20,36.26
2016-03-21,36.26
2016-03-23,36.91
2016-03-24,36.88
2016-03-28,36.92
2016-03-31,36.92
2016-04-04,36.92
2016-04-05,36.92
2016-04-06,36.92
2016-04-07,36.92
2016-04-10,37.51
2016-04-11,37.84
2016-04-12,37.85
2016-04-13,38.13
2016-04-14,39.33
2016-04-17,39.68
2016-04-18,40.0
2016-04-19,40.61
2016-04-20,40.98
2016-04-21,41.36
2016-04-24,40.03
2016-04-26,40.03
2016-04-27,38.04
2016-04-28,41.01
2016-05-03,40.62
2016-05-04,40.3
2016-05-05,40.42
2016-05-09,40.31
2016-05-11,40.06
2016-05-12,41.25
2016-05-17,42.48
2016-05-18,41.22
2016-05-19,41.23
2016-05-22,44.91
2016-05-24,44.91
2016-05-25,43.77
2016-05-26,44.97
2016-05-29,46.5
2016-05-30,47.94
2016-05-31,46.78
2016-06-01,46.77
2016-06-06,46.15
2016-06-07,46.77
2016-06-12,46.77
2016-06-13,46.77
2016-06-20,44.92
2016-06-21,44.92
2016-06-22,44.92
2016-06-23,44.92
2016-06-28,44.92
2016-06-29,47.85
2016-07-14,47.85
2016-07-18,46.15
2016-07-19,45.68
2016-07-20,44.88
2016-07-21,44.3
2016-07-24,43.08
2016-07-25,43.09
2016-07-27,42.18
2016-07-28,42.15
2016-07-31,43.97
2016-08-01,42.15
2016-08-03,42.14
2016-08-04,41.92
2016-08-07,41.25
2016-08-08,41.23
2016-08-09,41.57
2016-08-10,41.74
2016-08-11,41.84
2016-08-15,41.84
2016-08-16,42.46
2016-08-17,41.84
2016-08-18,42.46
2016-08-22,42.46
2016-08-23,43.07
2016-08-25,43.07
2016-08-28,43.07
2016-08-29,43.01
2016-08-30,43.09
2016-08-31,43.07
2016-09-01,43.69
2016-09-05,44.74
2016-09-07,44.81
2016-09-08,44.86
2016-09-14,44.92
2016-09-20,44.59
2016-09-21,44.3
2016-09-25,43.07
2016-09-27,41.85
2016-09-28,42.14
2016-09-29,42.69
2016-10-04,43.07
2016-10-05,43.07
2016-10-09,43.07
2016-10-10,43.07
2016-10-11,43.09
2016-10-12,43.69
2016-10-13,43.23
2016-10-16,43.07
2016-10-17,43.07
2016-10-20,42.84
2016-10-23,42.84
2016-10-24,41.84
2016-10-25,41.84
2016-10-26,41.86
2016-10-27,41.86
2016-10-30,41.86
2016-10-31,44.07
2016-11-01,43.07
2016-11-02,43.07
2016-11-03,45.53
2016-11-06,46.08
2016-11-07,46.29
2016-11-08,49.01
2016-11-09,51.29
2016-11-10,52.1
2016-11-13,52.92
2016-11-14,53.21
2016-11-15,53.49
2016-11-16,53.52
2016-11-17,53.98
2016-11-20,52.33
2016-11-21,52.41
2016-11-22,54.15
2016-11-23,54.46
2016-11-24,55.39
2016-11-27,55.4
2016-11-28,55.39
2016-11-29,55.53
2016-12-01,55.39
2016-12-04,55.38
2016-12-07,53.54
2016-12-08,52.3
2016-12-12,51.79
2016-12-13,52.31
2016-12-14,52.3
2016-12-15,52.3
2016-12-19,51.69
2016-12-21,51.52
2016-12-22,50.93
2016-12-25,45.85
2016-12-26,49.39
2016-12-27,49.84
2016-12-28,50.39
2016-12-29,53.84
2017-01-02,53.82
2017-01-05,53.76
2017-01-08,55.38
2017-01-09,55.37
2017-01-10,55.07
2017-01-11,55.38
2017-01-15,51.71
2017-01-17,51.69
2017-01-18,51.69
2017-01-19,51.69
2017-01-23,51.9
2017-01-24,51.9
2017-01-30,55.33
2017-01-31,55.12
2017-02-01,60.38
2017-02-02,60.32
2017-02-06,60.32
2017-02-07,61.43
2017-02-08,61.53
2017-02-09,61.55
2017-02-13,61.53
2017-02-14,61.82
2017-02-15,61.56
2017-02-16,62.67
2017-02-19,62.67
2017-02-20,61.53
2017-02-21,62.76
2017-02-22,62.76
2017-02-23,62.74
2017-02-28,62.74
2017-03-01,63.37
2017-03-02,64.57
2017-03-05,64.57
2017-03-06,64.57
2017-03-07,64.87
2017-03-09,64.87
2017-03-12,64.87
2017-03-13,64.91
2017-03-15,64.91
2017-03-16,64.62
2017-03-19,66.36
2017-03-20,64.61
2017-03-21,64.61
2017-03-23,65.23
2017-03-26,65.23
2017-03-27,65.18
2017-03-28,65.06
2017-03-29,65.06
2017-03-30,65.23
2017-04-03,65.77
2017-04-04,65.77
2017-04-05,65.77
2017-04-06,65.24
2017-04-09,65.24
2017-04-11,65.35
2017-04-12,67.07
2017-04-13,68.27
2017-04-18,68.3
2017-04-19,68.31
2017-04-20,68.3
2017-04-23,68.3
2017-04-24,68.31
2017-04-26,68.31
2017-04-27,68.31
2017-05-04,68.3
2017-05-07,68.3
2017-05-08,68.3
2017-05-09,68.3
2017-05-10,63.93
2017-05-11,63.93
2017-05-14,63.38
2017-05-15,63.4
2017-05-16,63.38
2017-05-17,63.99
2017-05-18,64.59
2017-05-24,63.35
2017-05-25,63.79
2017-05-29,63.99
2017-05-30,63.99
2017-06-01,63.99
2017-06-04,63.91
2017-06-06,63.91
2017-06-07,64.54
2017-06-08,64.61
2017-06-11,64.61
2017-06-12,64.46
2017-06-13,64.62
2017-06-14,65.25
2017-06-15,66.14
2017-06-20,66.14
2017-06-21,68.14
2017-06-22,68.14
2017-06-28,68.01
2017-07-02,68.01
2017-07-03,68.01
2017-07-04,68.92
2017-07-10,68.92
2017-07-11,68.95
2017-07-12,68.92
2017-07-13,69.1
2017-07-16,69.1
2017-07-18,71.0
2017-07-19,70.95
2017-07-20,72.23
2017-07-25,74.02
2017-07-26,76.76
2017-07-27,79.3
2017-07-30,81.56
2017-07-31,80.61
2017-08-01,83.83
2017-08-02,83.07
2017-08-03,83.59
2017-08-06,83.69
2017-08-07,85.53
2017-08-09,85.38
2017-08-10,83.64
2017-08-13,83.69
2017-08-14,83.07
2017-08-16,83.69
2017-08-20,83.69
2017-08-21,83.69
2017-08-22,83.62
2017-08-23,83.68
2017-08-29,82.0
2017-09-05,81.7
2017-09-06,81.7
2017-09-07,78.76
2017-09-10,75.06
2017-09-11,75.06
2017-09-12,73.42
2017-09-13,73.22
2017-09-14,73.22
2017-09-18,71.0
2017-09-19,71.73
2017-09-20,78.76
2017-09-25,73.34
2017-09-26,73.84
2017-09-27,74.29
2017-09-28,76.5
2017-10-01,76.3
2017-10-02,76.81
2017-10-04,76.3
2017-10-09,73.84
2017-10-10,74.59
2017-10-11,75.66
2017-10-12,77.15
2017-10-15,74.1
2017-10-16,74.15
2017-10-18,71.99
2017-10-19,74.47
2017-10-22,73.22
2017-10-24,73.8
2017-10-25,73.8
2017-10-26,76.33
2017-10-29,76.92
2017-10-31,78.62
2017-11-01,78.62
2017-11-02,78.62
2017-11-05,78.62
2017-11-06,78.62
2017-11-07,77.3
2017-11-08,78.15
2017-11-09,79.4
2017-11-12,76.92
2017-11-13,76.92
2017-11-14,76.92
2017-11-15,76.92
2017-11-16,76.92
2017-11-19,76.92
2017-11-20,76.61
2017-11-21,76.61
2017-11-23,75.69
2017-11-26,72.74
2017-11-27,73.9
2017-11-28,75.99
2017-11-29,74.46
2017-12-04,74.46
2017-12-05,74.48
2017-12-06,76.92
2017-12-07,76.92
2017-12-12,76.92
2017-12-14,76.92
2017-12-17,76.92
2017-12-18,79.38
2017-12-19,79.99
2017-12-20,81.12
2017-12-21,81.22
2017-12-26,83.07
2017-12-27,83.07
2017-12-28,86.14
2017-12-31,94.15
2018-01-02,91.91
2018-01-03,92.3
2018-01-04,92.29
2018-01-08,92.29
2018-01-09,88.69
2018-01-10,85.53
2018-01-11,90.78
2018-01-14,83.07
2018-01-15,86.74
2018-01-16,88.61
2018-01-17,89.01
2018-01-18,89.53
2018-01-21,88.97
2018-01-22,88.61
2018-01-23,88.93
2018-01-24,91.19
2018-01-28,91.19
2018-01-29,88.9
2018-01-30,88.9
2018-02-01,89.3
2018-02-05,89.84
2018-02-06,89.84
2018-02-07,91.68
2018-02-08,89.85
2018-02-11,89.84
2018-02-14,89.16
2018-02-15,89.83
2018-02-18,89.22
2018-02-19,88.61
2018-02-20,88.61
2018-02-21,88.61
2018-02-22,86.25
2018-02-25,84.92
2018-02-26,84.92
2018-02-27,84.92
2018-02-28,84.92
2018-03-01,86.11
2018-03-05,84.92
2018-03-06,84.92
2018-03-07,84.92
2018-03-08,85.95
2018-03-12,92.3
2018-03-13,92.3
2018-03-14,89.26
2018-03-15,89.26
2018-03-19,89.24
2018-03-20,88.93
2018-03-21,87.69
2018-03-22,87.13
2018-03-25,86.77
2018-03-26,86.76
2018-03-27,86.76
2018-03-28,86.76
2018-03-29,89.22
2018-04-01,89.23
2018-04-02,86.77
2018-04-03,89.21
2018-04-04,86.16
2018-04-05,86.17
2018-04-10,83.55
2018-04-12,90.56
2018-04-15,89.7
2018-04-16,91.09
2018-04-17,87.37
2018-04-19,87.32
2018-04-22,84.15
2018-04-23,84.29
2018-04-26,84.92
2018-04-30,84.92
2018-05-02,86.08
2018-05-03,86.08
2018-05-06,86.08
2018-05-07,85.65
2018-05-08,85.35
2018-05-09,83.5
2018-05-10,83.38
2018-05-14,83.38
2018-05-16,80.0
2018-05-20,79.99
2018-05-21,79.99
2018-05-23,79.99
2018-05-27,78.3
2018-05-29,78.77
2018-05-30,78.15
2018-05-31,81.84
2018-06-03,81.84
2018-06-05,81.76
2018-06-06,81.76
2018-06-14,81.09
2018-06-20,77.53
2018-06-21,80.42
2018-06-25,78.2
2018-06-28,83.06
2018-07-05,83.06
2018-07-08,83.06
2018-07-09,80.13
2018-07-10,79.93
2018-07-11,79.89
2018-07-17,77.82
2018-07-22,77.82
2018-07-26,77.02
2018-07-29,77.02
2018-07-30,76.29
2018-08-02,75.77
2018-08-05,75.77
2018-08-09,75.23
2018-08-13,73.21
2018-08-14,73.19
2018-08-26,73.19
2018-08-28,73.19
2018-08-30,73.22
2018-09-02,73.21
2018-09-03,73.13
2018-09-04,71.7
2018-09-05,70.15
2018-09-06,71.56
2018-09-10,70.76
2018-09-12,70.75
2018-09-13,70.46
2018-09-16,70.46
2018-09-17,70.15
2018-09-18,70.15
2018-09-19,66.94
2018-09-25,67.08
2018-09-26,68.92
2018-09-27,69.27
2018-10-01,69.53
2018-10-02,68.92
2018-10-04,67.86
2018-10-08,68.31
2018-10-09,67.67
2018-10-10,67.69
2018-10-11,67.69
2018-10-14,67.69
2018-10-15,67.69
2018-10-22,67.69
2018-10-23,67.69
2018-10-28,67.69
2018-10-31,67.69
2018-11-01,67.69
2018-11-04,67.69
2018-11-06,67.07
2018-11-11,67.07
2018-11-12,67.07
2018-11-13,65.84
2018-11-14,65.84
2018-11-19,65.83
2018-11-21,64.61
2018-11-25,63.99
2018-11-27,64.19
2018-11-28,63.99
2018-12-03,63.99
2018-12-06,63.07
2018-12-10,63.07
2018-12-12,62.15
2018-12-16,61.55
2018-12-17,60.92
2018-12-18,60.3
2018-12-20,61.15
2018-12-23,61.53
2018-12-25,59.69
2018-12-31,65.63
2019-01-03,59.73
2019-01-08,59.69
2019-01-09,59.69
2019-01-10,59.66
2019-01-13,59.63
2019-01-14,59.63
2019-01-15,59.38
2019-01-16,59.07
2019-01-17,59.07
2019-01-20,60.92
2019-01-22,59.99
2019-01-27,60.0
2019-01-28,60.86
2019-01-29,58.46
2019-01-30,58.46
2019-01-31,58.46
2019-02-03,58.46
2019-02-04,58.31
2019-02-05,58.39
2019-02-10,58.39
2019-02-11,58.12
2019-02-13,57.53
2019-02-14,57.53
2019-02-17,57.48
2019-02-18,57.48
2019-02-19,57.2
2019-02-20,57.21
2019-02-24,56.65
2019-02-25,56.65
2019-02-26,56.65
2019-02-27,54.89
2019-02-28,59.92
2019-03-04,59.92
2019-03-05,59.92
2019-03-07,53.94
2019-03-10,56.16
2019-03-11,55.38
2019-03-12,54.6
2019-03-14,49.47
2019-03-17,50.5
2019-03-18,53.84
2019-03-19,52.46
2019-03-20,52.46
2019-03-21,53.06
2019-03-24,52.69
2019-03-26,52.69
2019-03-27,52.83
2019-03-28,54.95
2019-03-31,57.8
2019-04-01,57.8
2019-04-02,57.69
2019-04-03,57.69
2019-04-04,58.03
2019-04-07,58.33
2019-04-08,54.49
2019-04-09,54.49
2019-04-10,57.68
2019-04-11,57.68
2019-04-15,57.68
2019-04-16,57.3
2019-04-17,58.73
2019-04-18,58.73
2019-04-21,58.73
2019-04-22,58.73
2019-04-23,58.46
2019-04-24,57.77
2019-04-30,57.77
2019-05-02,57.77
2019-05-05,57.77
2019-05-07,56.15
2019-05-09,58.46
2019-05-13,56.16
2019-05-14,58.57
2019-05-16,62.79
2019-05-19,62.32
2019-05-20,63.04
2019-05-21,63.04
2019-05-22,63.06
2019-05-23,63.06
2019-05-26,63.06
2019-05-28,63.06
2019-05-29,60.0
2019-05-30,60.0
2019-06-03,60.77
2019-06-09,60.77
2019-06-10,60.76
2019-06-11,60.76
2019-06-12,60.76
2019-06-16,60.76
2019-06-17,60.76
2019-06-19,60.76
2019-06-20,60.76
2019-06-25,60.76
2019-06-26,60.76
2019-06-27,60.76
2019-07-02,60.75
2019-07-03,60.73
2019-07-04,60.73
2019-07-07,60.73
2019-07-08,60.73
2019-07-10,60.73
2019-07-11,60.73
2019-07-16,57.31
2019-07-18,58.66
2019-07-22,60.0
2019-07-24,60.0
2019-07-29,60.0
2019-07-30,59.99
2019-07-31,59.95
2019-08-01,59.83
2019-08-04,59.83
2019-08-05,59.83
2019-08-06,59.69
2019-08-07,59.79
2019-08-08,60.76
2019-08-14,59.99
2019-08-15,60.0
2019-08-21,60.0
2019-08-25,58.83
2019-08-26,58.81
2019-08-27,57.86
2019-08-29,57.86
2019-09-01,57.86
2019-09-02,57.86
2019-09-03,57.15
2019-09-05,54.76
2019-09-08,53.35
2019-09-09,53.35
2019-09-10,52.66
2019-09-11,51.69
2019-09-15,51.66
2019-09-16,51.55
2019-09-17,51.53
2019-09-18,51.53
2019-09-19,51.53
2019-09-22,50.74
2019-09-23,50.74
2019-09-24,50.74
2019-09-25,50.74
2019-09-26,50.76
2019-09-29,51.44
2019-09-30,51.44
2019-10-01,54.53
2019-10-02,49.63
2019-10-03,53.84
2019-10-08,50.77
2019-10-09,50.77
2019-10-10,53.83
2019-10-15,50.77
2019-10-16,50.77
2019-10-17,50.77
2019-10-20,52.3
2019-10-22,52.3
2019-10-23,50.0
2019-10-24,50.03
2019-10-27,49.63
2019-10-28,49.63
2019-10-29,49.24
2019-10-30,49.24
2019-10-31,49.75
2019-11-05,49.75
2019-11-07,49.23
2019-11-11,50.13
2019-11-12,49.95
2019-11-13,48.93
2019-11-14,50.23
2019-11-17,49.53
2019-11-18,49.97
2019-11-19,50.05
2019-11-20,51.93
2019-11-21,55.0
2019-11-24,55.0
2019-11-25,52.87
2019-11-26,54.99
2019-11-27,55.0
2019-11-28,53.77
2019-12-01,53.83
2019-12-02,52.65
2019-12-03,52.42
2019-12-04,53.07
2019-12-05,53.07
2019-12-08,52.67
2019-12-09,53.42
2019-12-11,50.8
2019-12-12,51.6
2019-12-17,51.15
2019-12-18,51.15
2019-12-19,51.15
2019-12-22,51.13
2019-12-23,51.25
2019-12-24,50.77
2019-12-26,50.77
2019-12-29,50.77
2019-12-30,50.03
2019-12-31,51.13
2020-01-02,51.31
2020-01-05,48.73
2020-01-06,48.46
2020-01-08,48.46
2020-01-12,48.67
2020-01-14,50.67
2020-01-15,50.27
2020-01-19,50.27
2020-01-20,51.53
2020-01-21,52.8
2020-01-22,53.66
2020-01-23,53.08
2020-01-26,53.82
2020-01-27,53.84
2020-01-28,53.68
2020-01-29,53.96
2020-01-30,54.61
2020-02-02,54.61
2020-02-03,54.61
2020-02-04,54.61
2020-02-05,54.61
2020-02-06,54.61
2020-02-09,54.61
2020-02-10,55.38
2020-02-11,55.38
2020-02-12,55.38
2020-02-13,56.4
2020-02-16,56.4
2020-02-17,56.4
2020-02-18,56.4
2020-02-19,56.19
2020-02-20,56.15
2020-02-24,56.15
2020-02-25,56.15
2020-02-26,56.15
2020-02-27,56.15
2020-03-01,53.77
2020-03-02,52.27
2020-03-03,52.27
2020-03-04,52.32
2020-03-05,52.32
2020-03-08,52.32
2020-03-09,47.72
2020-03-10,47.5
2020-03-11,47.0
2020-03-16,44.61
2020-03-17,44.54
2020-03-18,42.33
2020-03-19,42.3
2020-03-22,42.3
2020-03-23,44.63
2020-03-24,44.61
2020-03-25,44.6
2020-03-26,44.61
2020-03-29,45.0
2020-03-30,45.0
2020-03-31,43.47
2020-04-01,42.35
2020-04-02,42.23
2020-04-05,41.54
2020-04-06,41.54
2020-04-07,43.07
2020-04-08,43.07
2020-04-09,42.5
2020-04-12,42.3
2020-04-13,42.3
2020-04-14,42.3
2020-04-15,42.31
2020-04-16,42.12
2020-04-21,42.24
2020-04-22,42.0
2020-04-23,39.32
2020-04-26,39.43
2020-04-27,38.64
2020-04-28,37.74
2020-04-29,37.17
2020-04-30,37.77
2020-05-03,37.77
2020-05-04,38.54
2020-05-05,39.03
2020-05-06,39.47
2020-05-07,37.66
2020-05-10,37.69
2020-05-11,36.72
2020-05-12,36.48
2020-05-13,36.05
2020-05-14,35.4
2020-05-17,35.18
2020-05-18,36.04
2020-05-19,36.17
2020-05-20,36.15
2020-05-21,36.15
2020-05-31,36.28
2020-06-01,36.54
2020-06-02,36.54
2020-06-03,37.44
2020-06-04,38.45
2020-06-07,38.47
2020-06-08,38.66
2020-06-09,39.0
2020-06-10,39.0
2020-06-11,39.02
2020-06-14,39.24
2020-06-15,39.22
2020-06-16,39.15
2020-06-17,38.12
2020-06-18,39.1
2020-06-21,39.1
2020-06-22,38.57
2020-06-23,39.01
2020-06-24,38.46
2020-06-25,38.97
2020-06-28,39.17
2020-06-29,39.71
2020-06-30,40.69
2020-07-05,42.24
2020-07-06,41.41
2020-07-07,40.69
2020-07-08,40.39
2020-07-09,40.37
2020-07-12,39.35
2020-07-13,38.97
2020-07-14,39.24
2020-07-15,37.97
2020-07-16,37.67
2020-07-19,37.67
2020-07-20,36.56
2020-07-21,37.22
2020-07-22,36.36
2020-07-26,36.93
2020-07-27,37.06
2020-07-28,39.2
2020-07-29,37.5
2020-08-04,37.6
2020-08-05,37.36
2020-08-06,37.34
2020-08-09,37.69
2020-08-10,37.71
2020-08-11,37.39
2020-08-12,37.07
2020-08-13,36.93
2020-08-16,36.9
2020-08-17,36.78
2020-08-18,36.61
2020-08-19,36.32
2020-08-23,36.28
2020-08-24,36.24
2020-08-25,36.2
2020-08-26,35.85
2020-08-27,36.15
2020-08-30,35.84
2020-08-31,34.76
2020-09-01,35.4
2020-09-02,35.46
2020-09-03,35.56
2020-09-06,35.38
2020-09-07,35.15
2020-09-08,34.78
2020-09-09,34.62
2020-09-10,34.8
2020-09-13,34.97
2020-09-14,35.14
2020-09-15,35.1
2020-09-16,36.41
2020-09-17,36.2
2020-09-20,35.48
2020-09-21,34.93
2020-09-22,35.2
2020-09-23,34.94
2020-09-24,34.79
2020-09-27,34.64
2020-09-28,34.64
2020-09-29,34.71
2020-09-30,34.61
2020-10-01,34.61
2020-10-04,34.64
2020-10-05,34.77
2020-10-06,34.61
2020-10-07,34.59
2020-10-11,34.54
2020-10-12,34.62
2020-10-13,34.61
2020-10-14,34.54
2020-10-15,34.57
2020-10-18,34.89
2020-10-19,35.74
2020-10-20,36.15
2020-10-21,35.8
2020-10-22,35.77
2020-10-25,35.6
2020-10-26,35.63
2020-10-27,36.82
2020-10-28,36.52
2020-11-01,36.05
2020-11-02,35.77
2020-11-03,35.77
2020-11-04,36.16
2020-11-05,36.09
2020-11-08,35.77
2020-11-09,36.15
2020-11-10,36.27
2020-11-11,36.08
2020-11-12,36.13
2020-11-15,36.25
2020-11-16,37.31
2020-11-17,37.17
2020-11-18,38.34
2020-11-19,38.17
2020-11-22,38.17
2020-11-23,38.17
2020-11-24,38.46
2020-11-25,38.46
2020-11-26,37.74
2020-11-29,38.53
2020-11-30,38.51
2020-12-01,38.46
2020-12-02,38.04
2020-12-03,37.75
2020-12-06,37.74
2020-12-07,37.69
2020-12-08,37.69
2020-12-09,37.3
2020-12-10,37.3
2020-12-13,37.3
2020-12-14,37.3
2020-12-15,37.3
2020-12-16,37.3
2020-12-17,36.92
2020-12-20,36.92
2020-12-21,35.79
2020-12-22,36.46
2020-12-23,35.93
2020-12-24,35.49
2020-12-27,35.49
2020-12-28,34.66
2020-12-29,34.45
2020-12-30,33.86
2020-12-31,33.42
2021-01-03,33.34
2021-01-04,33.65
2021-01-05,33.77
2021-01-06,33.17
2021-01-10,33.83
2021-01-11,33.57
2021-01-12,33.15
2021-01-13,33.07
2021-01-14,33.08
2021-01-17,33.05
2021-01-18,32.71
2021-01-19,32.59
2021-01-20,31.58
2021-01-21,31.89
2021-01-24,31.75
2021-01-25,31.38
2021-01-26,31.02
2021-01-27,30.84
2021-01-31,31.19
2021-02-01,31.42
2021-02-02,31.68
2021-02-03,32.9
2021-02-04,32.41
2021-02-07,32.67
2021-02-08,32.02
2021-02-09,31.74
2021-02-10,32.86
2021-02-11,33.07
2021-02-14,33.93
2021-02-15,32.43
2021-02-16,33.12
2021-02-17,33.13
2021-02-18,32.95
2021-02-21,33.09
2021-02-22,33.09
2021-02-23,32.7
2021-02-24,32.41
2021-02-25,32.73
2021-02-28,32.76
2021-03-01,32.39
2021-03-02,32.3
2021-03-03,32.92
2021-03-04,32.91
2021-03-07,33.68
2021-03-08,33.25
2021-03-09,33.34
2021-03-10,33.5
2021-03-11,33.83
2021-03-14,33.84
2021-03-15,33.26
2021-03-16,33.06
2021-03-17,33.37
2021-03-18,33.21
2021-03-21,33.72
2021-03-22,32.7
2021-03-23,32.44
2021-03-24,32.73
2021-03-25,33.17
2021-03-28,34.02
2021-03-29,32.71
2021-03-30,32.71
2021-03-31,32.88
2021-04-01,32.67
2021-04-04,32.37
2021-04-05,30.86
2021-04-06,30.89
2021-04-07,31.14
2021-04-08,31.49
2021-04-11,31.66
2021-04-12,32.13
2021-04-13,32.18
2021-04-14,31.34
2021-04-15,30.67
2021-04-18,30.79
2021-04-19,31.04
2021-04-20,31.41
2021-04-21,32.21
2021-04-22,32.67
2021-04-25,33.01
2021-04-26,31.49
2021-04-27,31.62
2021-04-28,31.56
2021-05-04,31.54
2021-05-05,31.54
2021-05-06,31.54
2021-05-09,31.53
2021-05-10,31.57
2021-05-11,31.91
2021-05-17,32.27
2021-05-18,32.32
2021-05-19,32.39
2021-05-20,32.37
2021-05-23,32.36
2021-05-24,32.24
2021-05-25,31.54
2021-05-26,31.69
2021-05-27,31.98
2021-05-30,31.98
2021-05-31,31.59
2021-06-01,31.61
2021-06-02,31.57
2021-06-03,32.29
2021-06-06,32.32
2021-06-07,32.34
2021-06-08,32.7
2021-06-09,32.97
2021-06-10,33.07
2021-06-13,32.85
2021-06-14,33.22
2021-06-15,33.3
2021-06-16,33.3
2021-06-17,33.1
2021-06-20,33.13
2021-06-21,33.07
2021-06-22,33.09
2021-06-23,33.07
2021-06-24,33.04
2021-06-27,33.2
2021-06-28,33.59
2021-06-29,33.49
2021-06-30,34.34
2021-07-04,34.91
2021-07-05,34.57
2021-07-06,33.73
2021-07-07,33.8
2021-07-08,33.53
2021-07-11,33.53
2021-07-12,33.56
2021-07-13,34.58
2021-07-14,34.7
2021-07-15,34.87
2021-07-18,34.63
2021-07-25,34.65
2021-07-26,35.23
2021-07-27,36.09
2021-07-28,36.31
2021-07-29,36.24
2021-08-01,35.69
2021-08-02,36.27
2021-08-03,36.27
2021-08-04,36.27
2021-08-05,36.04
2021-08-08,36.67
2021-08-09,35.58
2021-08-10,35.36
2021-08-11,35.21
2021-08-15,35.49
2021-08-16,35.7
2021-08-17,35.8
2021-08-18,34.87
2021-08-19,34.15
2021-08-22,33.77
2021-08-23,34.24
2021-08-24,33.84
2021-08-25,35.31
2021-08-26,35.17
2021-08-29,35.3
2021-08-30,35.61
2021-08-31,35.17
2021-09-01,35.57
2021-09-02,35.28
2021-09-05,35.16
2021-09-06,35.0
2021-09-07,35.0
2021-09-08,35.25
2021-09-09,35.87
2021-09-12,35.87
2021-09-13,35.87
2021-09-14,35.91
2021-09-15,35.61
2021-09-16,35.61
2021-09-19,35.61
2021-09-20,35.61
2021-09-21,32.71
2021-09-22,32.71
2021-09-23,32.71
2021-09-26,32.71
2021-09-27,33.74
2021-09-28,33.74
2021-09-29,33.74
2021-09-30,33.74
2021-10-03,33.74
2021-10-04,33.74
2021-10-05,33.74
2021-10-06,33.74
2021-10-10,33.74
2021-10-11,33.07
2021-10-12,33.07
2021-10-13,33.07
2021-10-14,33.07
2021-10-17,33.07
2021-10-18,33.07
2021-10-19,32.47
2021-10-20,32.47
2021-10-24,32.47
2021-10-25,32.47
2021-10-26,32.47
2021-10-27,30.97
2021-10-28,31.19
2021-10-31,31.19
2021-11-01,31.0
2021-11-02,31.54
2021-11-03,30.98
2021-11-04,30.98
2021-11-07,30.37
2021-11-08,30.63
2021-11-09,30.45
2021-11-10,30.45
2021-11-11,29.51
2021-11-14,29.61
2021-11-15,29.26
2021-11-16,28.84
2021-11-17,28.77
2021-11-18,29.23
2021-11-21,29.51
2021-11-22,29.22
2021-11-23,29.27
2021-11-24,29.24
2021-11-25,29.24
2021-11-28,29.24
2021-11-29,29.24
2021-11-30,29.24
2021-12-01,29.45
2021-12-02,30.64
2021-12-05,30.94
2021-12-06,31.51
2021-12-07,30.86
2021-12-08,30.86
2021-12-09,30.86
2021-12-12,31.01
2021-12-13,31.01
2021-12-14,31.99
2021-12-15,32.31
2021-12-16,31.76
2021-12-19,31.65
2021-12-20,31.54
2021-12-21,31.58
2021-12-22,31.09
2021-12-23,31.14
2021-12-26,31.15
2021-12-27,31.11
2021-12-28,31.54
2021-12-29,31.64
2021-12-30,32.23
2022-01-02,31.5
2022-01-03,31.72
2022-01-04,32.52
2022-01-05,32.31
2022-01-09,32.14
2022-01-10,32.31
2022-01-11,32.41
2022-01-12,32.29
2022-01-13,31.97
2022-01-16,31.97
2022-01-17,32.31
2022-01-18,31.72
2022-01-19,31.58
2022-01-20,31.81
2022-01-23,32.3
2022-01-24,32.04
2022-01-25,31.52
2022-01-26,31.34
2022-01-30,31.34
2022-01-31,31.34
2022-02-01,31.6
2022-02-02,31.39
2022-02-03,31.29
2022-02-06,31.29
2022-02-07,31.66
2022-02-08,31.66
2022-02-09,30.96
2022-02-10,30.97
2022-02-13,30.81
2022-02-14,30.73
2022-02-15,30.75
2022-02-16,30.77
2022-02-17,30.77
2022-02-20,30.54
2022-02-21,30.54
2022-02-22,30.54
2022-02-23,30.77
2022-02-24,30.54
2022-02-27,29.61
2022-02-28,29.64
2022-03-01,30.0
2022-03-02,30.0
2022-03-03,29.74
2022-03-06,29.67
2022-03-07,29.34
2022-03-08,29.16
2022-03-09,29.16
2022-03-10,29.57
2022-03-13,29.51
2022-03-14,29.51
2022-03-15,29.51
2022-03-16,29.25
2022-03-17,29.99
2022-03-20,29.81
2022-03-21,30.72
2022-03-22,31.24
2022-03-23,30.57
2022-03-24,30.34
2022-03-27,30.34
2022-03-28,30.34
2022-03-29,29.61
2022-03-30,29.61
2022-03-31,29.47
2022-04-03,30.54
2022-04-04,30.0
2022-04-05,30.0
2022-04-06,30.0
2022-04-07,29.27
2022-04-10,29.27
2022-04-11,28.54
2022-04-12,28.89
2022-04-13,29.15
2022-04-14,28.46
2022-04-17,28.46
2022-04-18,28.46
2022-04-19,29.15
2022-04-20,27.27
2022-04-21,27.04
2022-04-26,26.16
2022-04-27,26.15
2022-04-28,26.17
2022-05-08,26.15
2022-05-09,25.51
2022-05-10,24.7
2022-05-11,24.61
2022-05-12,24.6
2022-05-15,24.37
2022-05-16,24.16
2022-05-17,24.56
2022-05-18,24.61
2022-05-19,24.03
2022-05-22,24.03
2022-05-23,24.54
2022-05-24,24.01
2022-05-25,24.18
2022-05-26,23.71
2022-05-29,23.84
2022-05-30,23.84
2022-05-31,24.24
2022-06-01,23.64
2022-06-02,23.41
2022-06-05,23.12
2022-06-06,23.57
2022-06-07,23.74
2022-06-08,24.27
2022-06-09,24.54
2022-06-12,24.57
2022-06-13,23.78
2022-06-14,23.78
2022-06-15,23.83
2022-06-16,23.75
2022-06-19,23.62
2022-06-20,23.04
2022-06-21,23.0
2022-06-22,22.91
2022-06-23,22.81
2022-06-26,23.04
2022-06-27,22.39
2022-06-28,22.79
2022-06-29,23.41
2022-07-03,22.81
2022-07-04,22.46
2022-07-05,21.9
2022-07-06,21.84
2022-07-07,22.17
2022-07-17,22.02
2022-07-18,22.33
2022-07-19,21.84
2022-07-20,21.55
2022-07-21,21.61
2022-07-24,22.01
2022-07-25,21.88
2022-07-26,22.34
2022-07-27,22.01
2022-07-28,22.3
2022-07-31,23.57
2022-08-01,22.99
2022-08-02,23.43
2022-08-03,23.08
2022-08-04,23.1
2022-08-07,23.4
2022-08-08,23.13
2022-08-09,22.68
2022-08-10,23.08
2022-08-11,23.06
2022-08-14,23.39
2022-08-15,22.91
2022-08-16,23.08
2022-08-17,22.7
2022-08-18,22.69
2022-08-21,23.65
2022-08-22,23.48
2022-08-23,23.88
2022-08-24,23.32
2022-08-25,23.84
2022-08-28,23.87
2022-08-29,23.57
2022-08-30,24.65
2022-08-31,24.43
2022-09-01,24.25
2022-09-04,24.24
2022-09-05,24.17
2022-09-06,24.46
2022-09-07,24.24
2022-09-08,24.53
2022-09-11,24.36
2022-09-12,24.56
2022-09-13,24.35
2022-09-14,24.39
2022-09-15,24.16
2022-09-18,23.45
2022-09-19,23.87
2022-09-20,24.22
2022-09-21,24.23
2022-09-22,24.23
2022-09-25,24.19
2022-09-26,23.93
2022-09-27,23.74
2022-09-28,23.36
2022-09-29,23.38
2022-10-02,23.2
2022-10-03,22.97
2022-10-04,23.08
2022-10-05,23.09
2022-10-09,22.84
2022-10-10,22.68
2022-10-11,22.87
2022-10-12,22.18
2022-10-13,22.3
2022-10-16,22.48
2022-10-17,22.17
2022-10-18,22.31
2022-10-19,22.14
2022-10-20,22.1
2022-10-23,22.14
2022-10-24,22.18
2022-10-25,22.19
2022-10-26,22.14
2022-10-27,23.17
2022-10-30,23.54
2022-10-31,23.79
2022-11-01,24.54
2022-11-02,23.81
2022-11-03,23.67
2022-11-06,23.71
2022-11-07,23.69
2022-11-08,23.11
2022-11-09,22.98
2022-11-10,23.84
2022-11-13,24.48
2022-11-14,24.8
2022-11-15,24.6
2022-11-16,24.63
2022-11-17,25.21
2022-11-20,25.65
2022-11-21,25.24
2022-11-22,24.67
2022-11-23,24.61
2022-11-24,24.71
2022-11-27,25.77
2022-11-28,26.39
2022-11-29,26.68
2022-11-30,26.57
2022-12-01,26.5
2022-12-04,27.46
2022-12-05,27.38
2022-12-06,27.91
2022-12-07,27.91
2022-12-08,28.27
2022-12-11,28.36
2022-12-12,28.27
2022-12-13,28.61
2022-12-14,29.23
2022-12-15,29.07
2022-12-18,28.88
2022-12-19,28.66
2022-12-20,28.61
2022-12-21,28.71
2022-12-22,28.49
2022-12-25,27.87
2022-12-26,28.02
2022-12-27,28.13
2022-12-28,28.34
2022-12-29,28.08
2023-01-02,29.05
2023-01-03,28.84
2023-01-04,28.84
2023-01-05,29.91
2023-01-09,29.68
2023-01-10,29.01
2023-01-11,30.15
2023-01-12,29.65
2023-01-15,29.64
2023-01-16,29.74
2023-01-17,30.07
2023-01-18,31.07
2023-01-19,30.64
2023-01-22,31.1
2023-01-23,30.54
2023-01-24,30.54
2023-01-25,30.62
2023-01-29,30.67
2023-01-30,30.42
2023-01-31,29.71
2023-02-01,29.59
2023-02-02,29.3
2023-02-05,29.23
2023-02-06,29.52
2023-02-07,29.65
2023-02-08,29.57
2023-02-09,29.87
2023-02-12,30.47
2023-02-13,30.34
2023-02-14,31.48
2023-02-15,31.56
2023-02-16,31.05
2023-02-19,29.32
2023-02-20,28.22
2023-02-21,28.06
2023-02-22,26.7
2023-02-23,27.38
2023-02-26,27.13
2023-02-27,27.22
2023-02-28,26.92
2023-03-01,27.06
2023-03-02,26.93
2023-03-05,26.83
2023-03-06,26.81
2023-03-07,26.51
2023-03-08,26.29
2023-03-09,26.51
2023-03-12,26.06
2023-03-13,25.76
2023-03-14,26.15
2023-03-15,25.42
2023-03-16,25.5
2023-03-19,25.29
2023-03-20,25.4
2023-03-21,25.86
2023-03-22,25.67
2023-03-23,25.77
2023-03-26,25.89
2023-03-27,25.87
2023-03-28,26.03
2023-03-29,25.95
2023-03-30,25.88
2023-04-02,25.82
2023-04-03,25.97
2023-04-04,26.04
2023-04-05,26.36
2023-04-06,26.37
2023-04-09,26.32
2023-04-10,26.42
2023-04-11,26.34
2023-04-12,25.98
2023-04-13,26.48
2023-04-18,26.92
2023-04-19,25.86
2023-04-26,25.87
2023-04-27,26.0
2023-04-30,25.81
2023-05-01,25.75
2023-05-02,25.77
2023-05-03,25.61
2023-05-07,25.78
2023-05-08,25.47
2023-05-09,25.0
2023-05-10,25.01
2023-05-11,26.36
2023-05-14,28.27
2023-05-15,27.48
2023-05-16,26.21
2023-05-17,26.11
2023-05-18,25.76
2023-05-21,25.95
2023-05-22,25.69
2023-05-23,24.9
2023-05-24,24.57
2023-05-25,24.7
2023-05-28,25.69
2023-05-29,26.9
2023-05-30,26.62
2023-05-31,26.25
2023-06-01,26.11
2023-06-04,26.58
2023-06-05,26.66
2023-06-06,26.67
2023-06-07,25.94
2023-06-08,25.72
2023-06-11,27.2
2023-06-12,26.9
2023-06-13,27.0
2023-06-14,26.78
2023-06-15,26.59
2023-06-18,26.73
2023-06-19,26.42
2023-06-20,26.7
2023-06-21,25.97
2023-06-22,25.83
2023-06-25,26.05
2023-06-26,27.0
2023-07-04,28.2
2023-07-05,28.16
2023-07-06,27.8
2023-07-09,26.0
2023-07-10,27.2
2023-07-11,27.01
2023-07-12,26.75
2023-07-13,27.0
2023-07-16,26.69
2023-07-17,26.67
2023-07-18,26.73
2023-07-19,26.86
2023-07-24,26.73
2023-07-25,26.57
2023-07-26,26.57
2023-07-27,26.18
2023-07-30,26.19
2023-07-31,26.4
2023-08-01,25.99
2023-08-02,25.8
2023-08-03,25.69
2023-08-06,26.0
2023-08-07,26.42
2023-08-08,26.36
2023-08-09,26.53
2023-08-10,26.14
2023-08-13,26.36
2023-08-14,26.99
2023-08-15,26.85
2023-08-16,27.65
2023-08-17,27.1
2023-08-20,27.35
2023-08-21,27.34
2023-08-22,30.2
2023-08-23,31.35
2023-08-24,31.11
2023-08-27,31.19
2023-08-28,32.81
2023-08-29,32.94
2023-08-30,32.39
2023-08-31,31.79
2023-09-03,32.45
2023-09-04,33.51
2023-09-05,33.5
2023-09-06,33.54
2023-09-07,34.04
2023-09-10,33.92
2023-09-11,33.99
2023-09-12,34.28
2023-09-13,34.56
2023-09-14,34.93
2023-09-17,34.19
2023-09-18,33.81
2023-09-19,35.29
2023-09-20,34.81
2023-09-21,34.72
2023-09-24,35.11
2023-09-25,34.78
2023-09-26,34.35
2023-09-27,34.0
2023-10-01,33.91
2023-10-02,32.83
2023-10-03,31.96
2023-10-04,33.1
2023-10-08,31.83
2023-10-09,32.03
2023-10-10,33.32
2023-10-11,32.88
2023-10-12,34.8
2023-10-15,35.79
2023-10-16,34.9
2023-10-17,35.77
2023-10-18,35.03
2023-10-19,36.66
2023-10-22,38.3
2023-10-23,37.4
2023-10-24,36.98
2023-10-25,37.46
2023-10-26,37.9
2023-10-29,37.72
2023-10-30,38.55
2023-10-31,38.12
2023-11-01,38.6
2023-11-02,39.19
2023-11-05,39.98
2023-11-06,39.72
2023-11-07,38.85
2023-11-08,39.0
2023-11-09,38.44
2023-11-12,37.35
2023-11-13,37.81
2023-11-14,37.01
2023-11-15,37.16
2023-11-16,37.83
2023-11-19,37.66
2023-11-20,37.3
2023-11-21,40.0
2023-11-22,40.65
2023-11-23,40.0
2023-11-26,39.67
2023-11-27,42.0
2023-11-28,41.65
2023-11-29,41.0
2023-11-30,40.48
2023-12-03,43.0
2023-12-04,42.94
2023-12-05,42.08
2023-12-06,40.58
2023-12-07,40.0
2023-12-10,39.0
2023-12-11,38.33
2023-12-12,38.0
2023-12-13,39.03
2023-12-14,39.0
2023-12-17,39.02
2023-12-18,39.89
2023-12-19,39.08
2023-12-20,38.96
2023-12-21,38.61
2023-12-24,36.83
2023-12-25,35.75
2023-12-26,36.33
2023-12-27,36.92
2023-12-28,37.16
2023-12-31,36.5
2024-01-02,38.4
2024-01-03,39.2
2024-01-04,38.85
2024-01-08,39.74
2024-01-09,40.0
2024-01-10,39.51
2024-01-11,38.97
2024-01-14,38.7
2024-01-15,38.38
2024-01-16,38.88
2024-01-17,39.39
2024-01-18,39.66
2024-01-21,40.4
2024-01-22,40.07
2024-01-23,39.6
2024-01-24,39.21
2024-01-28,39.52
2024-01-29,39.45
2024-01-30,40.05
2024-01-31,39.85
2024-02-01,40.98
2024-02-04,43.0
2024-02-05,42.3
2024-02-06,41.0
2024-02-07,41.0
2024-02-08,42.09
2024-02-11,41.7
2024-02-12,41.0
2024-02-13,42.0
2024-02-14,44.2
2024-02-15,47.39
2024-02-18,46.4
2024-02-19,45.8
2024-02-20,47.01
2024-02-21,48.4
2024-02-22,47.5
2024-02-25,47.39
2024-02-26,51.6
2024-02-27,52.01
2024-02-28,49.2
2024-02-29,48.0
2024-03-03,49.0
2024-03-04,48.63
2024-03-05,48.59
2024-03-06,47.08
2024-03-07,47.04
2024-03-10,49.99
2024-03-11,49.5
2024-03-12,48.13
2024-03-13,48.87
2024-03-14,48.5
2024-03-17,48.54
2024-03-18,47.43
2024-03-19,47.47
2024-03-20,49.35
2024-03-21,48.41
2024-03-24,47.58
2024-03-25,48.0
2024-03-26,47.57
2024-03-27,47.11
2024-03-28,46.0
2024-03-31,44.21
2024-04-01,44.14
2024-04-02,44.2
2024-04-03,43.1
2024-04-04,44.56
2024-04-07,43.25
2024-04-08,43.66
2024-04-15,44.17
2024-04-16,45.4
2024-04-17,46.75
2024-04-18,44.98
2024-04-21,44.7
2024-04-22,45.03
2024-04-23,43.18
2024-04-24,41.81
2024-04-28,38.0
2024-04-29,38.56
2024-04-30,34.55
2024-05-01,35.0
2024-05-02,35.97
2024-05-07,35.1
2024-05-08,34.49
2024-05-09,35.05
2024-05-12,33.99
2024-05-13,33.5
2024-05-14,33.8
2024-05-15,33.48
2024-05-16,35.12
2024-05-19,35.83
2024-05-20,36.72
2024-05-21,37.0
2024-05-22,37.78
2024-05-23,37.42
2024-05-26,37.24
2024-05-27,39.0
2024-05-28,39.0
2024-05-29,38.4
2024-05-30,38.01
2024-06-02,37.51
2024-06-03,37.12
2024-06-04,37.99
2024-06-05,37.27
2024-06-06,36.4
2024-06-09,36.09
2024-06-10,36.66
2024-06-11,36.05
2024-06-12,36.06
2024-06-13,36.47
2024-06-23,37.1
2024-06-24,37.25
2024-06-25,37.74
2024-06-26,38.38
2024-06-27,40.32
2024-07-01,41.36
2024-07-02,40.3
2024-07-03,39.6
2024-07-04,39.55
2024-07-07,39.33
2024-07-08,38.8
2024-07-09,38.51
2024-07-10,38.8
2024-07-14,39.0
2024-07-15,38.72
2024-07-16,38.55
2024-07-17,38.84
2024-07-18,39.6
2024-07-21,39.81
2024-07-22,39.99
2024-07-23,40.0
2024-07-24,39.48
2024-07-28,39.37
2024-07-29,39.04
2024-07-30,39.12
2024-07-31,39.14
2024-08-01,38.81
2024-08-04,37.85
2024-08-05,36.5
2024-08-06,36.62
2024-08-07,38.99
2024-08-08,38.38
2024-08-11,38.8
2024-08-12,37.85
2024-08-13,37.77
2024-08-14,37.54
2024-08-15,37.83
2024-08-18,37.7
2024-08-19,37.85
2024-08-20,38.18
2024-08-21,39.54
2024-08-22,39.5
2024-08-25,40.14
2024-08-26,40.5
2024-08-27,40.9
2024-08-28,41.07
2024-08-29,40.92
2024-09-01,40.99
2024-09-02,40.99
2024-09-03,41.9
2024-09-04,41.98
2024-09-05,41.7
2024-09-08,40.97
2024-09-09,41.45
2024-09-10,42.36
2024-09-11,42.7
2024-09-12,42.87
2024-09-16,42.97
2024-09-17,43.0
2024-09-18,43.4
2024-09-19,43.0
2024-09-22,45.11
2024-09-23,45.8
2024-09-24,46.94
2024-09-25,46.4
2024-09-26,47.13
2024-09-29,48.03
2024-09-30,49.06
2024-10-01,49.5
2024-10-02,49.1
2024-10-03,49.95
2024-10-07,49.04
2024-10-08,48.49
2024-10-09,48.9
2024-10-10,49.52
2024-10-13,49.0
2024-10-14,49.66
2024-10-15,49.28
2024-10-16,53.48
2024-10-17,54.0
2024-10-20,52.7
2024-10-21,52.82
2024-10-22,52.64
2024-10-23,52.32
2024-10-24,49.0
2024-10-27,49.0
2024-10-28,49.0
2024-10-29,49.0
2024-10-30,48.03
2024-10-31,47.97
2024-11-03,48.33
2024-11-04,47.94
2024-11-05,47.49
2024-11-06,47.62
2024-11-07,48.0
2024-11-10,48.08
2024-11-11,48.1
2024-11-12,47.8
2024-11-13,48.15
2024-11-14,48.11
2024-11-17,48.13
2024-11-18,47.8
2024-11-19,47.47
2024-11-20,47.1
2024-11-21,47.2
2024-11-24,46.5
2024-11-25,46.13
2024-11-26,45.85
2024-11-27,45.21
2024-11-28,44.41
2024-12-01,45.53
2024-12-02,45.17
2024-12-03,45.1
2024-12-04,44.84
2024-12-05,44.76
2024-12-08,44.51
2024-12-09,44.67
2024-12-10,44.5
2024-12-11,46.46
2024-12-12,46.4
2024-12-15,46.02
2024-12-16,45.8
2024-12-17,45.42
2024-12-18,45.29
2024-12-19,44.49
2024-12-22,44.8
2024-12-23,45.0
2024-12-24,44.11
2024-12-25,44.21
2024-12-26,44.24
2024-12-29,44.0
2024-12-30,43.82
2024-12-31,45.91
2025-01-02,46.11
2025-01-05,46.18
2025-01-06,45.54
2025-01-08,45.0
2025-01-09,46.2
2025-01-12,45.9
2025-01-13,45.66
2025-01-14,45.24
2025-01-15,45.12
2025-01-16,46.06
2025-01-19,47.55
2025-01-20,47.68
2025-01-21,46.82
2025-01-22,46.16
2025-01-23,45.84
2025-01-26,46.02
2025-01-27,45.67
2025-01-28,45.38
2025-01-29,45.08
2025-01-30,44.52
2025-02-02,45.21
2025-02-03,44.59
2025-02-04,44.55
2025-02-05,44.66
2025-02-06,44.78
2025-02-09,44.91
2025-02-10,44.65
2025-02-11,44.02
2025-02-12,45.12
2025-02-13,45.56
2025-02-16,47.12
2025-02-17,47.46
2025-02-18,47.86
2025-02-19,47.87
2025-02-20,47.06
2025-02-23,47.08
2025-02-24,47.51
2025-02-25,47.05
2025-02-26,47.14
2025-02-27,47.61
2025-03-02,47.57
2025-03-03,48.38
2025-03-04,48.5
2025-03-05,48.5
2025-03-06,48.5
2025-03-09,49.88
2025-03-10,49.6
2025-03-11,49.5
2025-03-12,50.0
2025-03-13,50.2
2025-03-16,49.38
2025-03-17,48.5
2025-03-18,49.7
2025-03-19,49.5
2025-03-20,50.0
2025-03-23,50.5
2025-03-24,50.97
2025-03-25,50.57
2025-03-26,50.99
2025-03-27,50.63
2025-04-03,50.49
2025-04-06,50.0
2025-04-07,50.05
2025-04-08,50.05
2025-04-09,50.0
2025-04-10,50.99
2025-04-13,51.53
2025-04-14,51.3
2025-04-15,51.02
2025-04-16,50.7
2025-04-17,50.26
2025-04-22,48.03
2025-04-23,49.02
2025-04-27,49.99
2025-04-28,50.49
2025-04-29,50.35
2025-04-30,51.53
2025-05-04,51.06
2025-05-05,51.63
2025-05-06,51.33
2025-05-07,50.46
2025-05-08,49.71
2025-05-11,51.08
2025-05-12,50.65
2025-05-13,50.78
2025-05-14,50.56
2025-05-15,49.97
2025-05-18,49.69
2025-05-19,49.59
2025-05-20,49.58
2025-05-21,48.85
2025-05-22,49.18
2025-05-25,50.5
2025-05-26,51.18
2025-05-27,51.46
2025-05-28,51.1
2025-05-29,51.01
2025-06-01,50.65
2025-06-02,50.11
2025-06-03,50.7
2025-06-04,50.11
2025-06-10,50.24
2025-06-11,50.38
2025-06-12,50.0
2025-06-15,47.48
2025-06-16,48.57
2025-06-17,47.5
2025-06-18,48.02
2025-06-19,47.3
2025-06-22,48.03
2025-06-23,48.34
2025-06-24,49.11
2025-06-25,51.03
2025-06-29,50.64
2025-06-30,50.58
2025-07-01,51.01
2025-07-02,50.81
2025-07-06,50.91
2025-07-07,52.34
2025-07-09,53.29
2025-07-10,52.47
2025-07-13,52.51
2025-07-14,53.56
2025-07-15,53.25
2025-07-16,52.8
2025-07-17,52.99
2025-07-20,52.59
2025-07-21,52.33
2025-07-22,51.96
2025-07-23,51.81
2025-07-27,52.59
2025-07-28,51.68
2025-07-29,51.77
2025-07-30,50.89
2025-07-31,50.98
2025-08-03,50.32
2025-08-04,51.1
2025-08-05,51.25
2025-08-06,50.31
2025-08-07,51.06
2025-08-10,52.8
2025-08-11,52.2
2025-08-12,52.24
2025-08-13,52.03
2025-08-14,52.3
2025-08-17,53.54
2025-08-18,55.59
2025-08-19,55.73
2025-08-20,54.0
2025-08-21,53.62
2025-08-24,53.86
2025-08-25,53.49
2025-08-26,53.24
2025-08-27,54.0
2025-08-28,54.7
2025-08-31,53.87
2025-09-01,54.0
2025-09-02,54.0
2025-09-03,54.0
2025-09-07,63.5
2025-09-08,61.01
2025-09-09,59.3
2025-09-10,62.0
2025-09-11,61.45
2025-09-14,64.0
2025-09-15,67.02
2025-09-16,64.7
2025-09-17,64.7
2025-09-18,64.1
2025-09-21,63.1
2025-09-22,63.5
2025-09-23,61.77
2025-09-24,63.97
2025-09-25,66.5
2025-09-28,66.01
2025-09-29,67.6
2025-09-30,66.26
2025-10-01,66.46
2025-10-02,65.41
2025-10-05,65.44
2025-10-06,66.81
2025-10-07,67.51
2025-10-08,68.21
2025-10-12,67.5
2025-10-13,69.25
2025-10-14,70.8
2025-10-15,72.5
2025-10-16,73.41
2025-10-19,73.8
2025-10-20,79.0
2025-10-21,83.67
2025-10-22,82.74
2025-10-23,80.04
2025-10-26,82.0
2025-10-27,82.0
2025-10-28,79.39
2025-10-29,79.5
2025-10-30,78.94
2025-11-02,78.21
2025-11-03,79.72
2025-11-04,77.87
2025-11-05,76.01
2025-11-06,78.0
2025-11-09,78.2
2025-11-10,79.61
2025-11-11,78.51
2025-11-12,77.87
2025-11-13,77.6
2025-11-16,76.2
2025-11-17,76.7
2025-11-18,75.51
2025-11-19,74.01
2025-11-20,73.89
2025-11-23,72.68
2025-11-24,72.98
2025-11-25,71.17
2025-11-26,69.64
2025-11-27,69.9
2025-11-30,69.99
2025-12-01,70.5
2025-12-02,72.06
2025-12-03,72.42
2025-12-04,70.6
2025-12-07,70.44
2025-12-08,69.81
2025-12-09,71.39
2025-12-10,70.99
2025-12-11,70.93
2025-12-14,71.61
2025-12-15,74.58
2025-12-16,74.05
2025-12-17,73.09
2025-12-18,72.04
2025-12-21,72.08
2025-12-22,72.72
2025-12-23,73.7
2025-12-24,73.52
2025-12-25,74.04
2025-12-28,76.23
2025-12-29,78.65
2025-12-30,78.0
2025-12-31,77.5
2026-01-04,77.9
2026-01-05,78.04
2026-01-06,78.98
2026-01-08,80.0
2026-01-11,80.97
2026-01-12,79.0
2026-01-13,77.61
2026-01-14,77.08
2026-01-15,76.37
2026-01-18,77.19
2026-01-19,78.89
2026-01-20,78.9
2026-01-21,79.99
2026-01-22,78.25
2026-01-25,77.5
2026-01-26,79.45
2026-01-27,78.5
2026-01-28,77.41
2026-02-01,79.48
2026-02-02,78.5
2026-02-03,81.1
2026-02-04,83.0
2026-02-05,83.73
2026-02-08,85.5
2026-02-09,83.4
2026-02-10,83.28
2026-02-11,83.89
2026-02-12,83.08
2026-02-15,82.76
2026-02-16,82.75
2026-02-17,85.5
2026-02-18,85.89
2026-02-19,82.99
2026-02-22,81.05
2026-02-23,82.01
2026-02-24,81.56
2026-02-25,79.09
2026-02-26,79.01
2026-03-01,78.0
2026-03-02,78.2
2026-03-03,78.11
2026-03-04,79.82
2026-03-05,79.17
2026-03-08,81.5
2026-03-09,80.74
2026-03-10,80.27
2026-03-11,81.53
2026-03-12,80.79
2026-03-15,79.53
2026-03-16,78.53
2026-03-17,80.26
2026-03-18,80.0
2026-03-24,78.9
2026-03-25,79.01
2026-03-26,78.31
2026-03-29,79.0
2026-03-30,77.54
2026-03-31,77.76
2026-04-01,78.47
2026-04-02,79.0
2026-04-05,79.34
2026-04-06,81.3
2026-04-07,80.55
2026-04-08,82.0
2026-04-09,83.62
2026-04-12,83.62
2026-04-14,85.8
2026-04-15,86.15
2026-04-16,85.01
2026-04-19,84.96
2026-04-20,87.35
2026-04-21,87.0
2026-04-22,86.18
2026-04-23,85.89
2026-04-26,86.48
2026-04-27,86.49
2026-04-28,84.5
2026-04-29,85.26
2026-04-30,84.95
2026-05-03,85.65
2026-05-04,86.0
2026-05-05,86.7
2026-05-06,87.4
2026-05-10,89.6
2026-05-11,89.49
2026-05-12,89.94
2026-05-13,91.89
2026-05-14,91.88
2026-05-17,89.67
2026-05-18,86.25
2026-05-19,86.96
2026-05-20,84.7
2026-05-21,84.8
2026-05-24,84.61
2026-05-25,84.33
2026-06-01,86.5
2026-06-02,86.92
2026-06-03,86.86
2026-06-04,88.0
2026-06-07,86.6
2026-06-08,86.6
2026-06-09,86.45
2026-06-10,85.51
2026-06-11,84.58
2026-06-14,84.5
2026-06-15,84.02
2026-06-16,84.0
2026-06-17,84.2
2026-06-21,89.0
2026-06-22,89.7
2026-06-23,87.37
2026-06-24,88.48
2026-06-25,88.5
2026-06-28,85.22
2026-06-29,84.69
2026-06-30,87.39
2026-07-01,88.21
2026-07-05,88.87
2026-07-06,88.0
2026-07-07,87.49
2026-07-08,87.0
2026-07-09,86.09
2026-07-12,86.07
2026-07-13,85.8
2026-07-14,86.47
2026-07-15,88.31
2026-07-16,88.97
2026-07-19,90.88
2026-07-20,91.05
2026-07-21,90.7
2026-07-22,91.5
2026-07-26,90.1
2026-07-27,92.8
2026-07-28,93.4
2026-07-29,96.5
2026-07-30,104.0
2026-08-02,124.8
2026-08-03,149.76
2026-08-04,134.3
2026-08-05,130.0
2026-08-06,130.05
