Date,Price,Open,High,Low,Vol.,Change %
08/31/2026,26.06,26.22,26.32,26.06,15.88M,-0.31%
08/30/2026,26.14,26.1,26.18,26.04,5.07M,0.15%
08/27/2026,26.1,26.16,26.28,26.08,8.20M,0.00%
08/26/2026,26.1,26.26,26.28,26.04,7.28M,-0.68%
08/25/2026,26.28,26.5,26.56,26.28,10.23M,-1.13%
08/24/2026,26.58,26.4,26.58,26.38,8.02M,0.68%
08/23/2026,26.4,26.4,26.52,26.38,6.09M,0.00%
08/20/2026,26.4,26.36,26.46,26.26,12.12M,-0.90%
08/19/2026,26.64,26.6,26.72,26.6,6.72M,0.23%
08/18/2026,26.58,26.58,26.7,26.56,10.27M,0.23%
08/17/2026,26.52,26.7,26.7,26.52,9.97M,-0.82%
08/16/2026,26.74,26.52,26.76,26.5,4.61M,0.98%
08/13/2026,26.48,26.56,26.6,26.48,7.48M,-0.45%
08/12/2026,26.6,26.6,26.68,26.52,6.60M,0.00%
08/11/2026,26.6,26.64,26.86,26.6,10.71M,-0.08%
08/10/2026,26.62,26.6,26.78,26.54,8.32M,0.08%
08/09/2026,26.6,26.5,26.68,26.5,3.00M,0.38%
08/06/2026,26.5,26.74,26.78,26.5,9.33M,-0.90%
08/05/2026,26.74,26.82,26.86,26.6,10.64M,-0.59%
08/04/2026,26.9,27.22,27.26,26.9,18.66M,-0.81%
08/03/2026,27.12,26.7,27.12,26.58,15.48M,2.03%
08/02/2026,26.58,26.6,26.68,26.52,6.77M,0.38%
07/30/2026,26.48,26.26,26.48,26.24,9.65M,0.76%
07/29/2026,26.28,26.26,26.36,26.12,5.83M,-0.08%
07/28/2026,26.3,26.4,26.46,26.2,5.15M,-0.98%
07/27/2026,26.56,26.58,26.58,26.42,8.19M,-0.15%
07/26/2026,26.6,26.56,26.74,26.56,2.45M,-0.89%
07/23/2026,26.84,26.6,26.84,26.56,14.87M,0.98%
07/22/2026,26.58,26.64,26.78,26.56,6.32M,-0.45%
07/21/2026,26.7,26.7,26.76,26.5,4.80M,-0.37%
07/20/2026,26.8,26.84,27.0,26.7,10.43M,-0.15%
07/19/2026,26.84,26.7,26.92,26.6,4.70M,0.60%
07/16/2026,26.68,26.66,26.72,26.52,5.02M,0.15%
07/15/2026,26.64,26.8,26.8,26.54,5.66M,-0.82%
07/14/2026,26.86,26.64,26.86,26.62,13.56M,1.36%
07/13/2026,26.5,26.78,26.78,26.5,6.55M,-1.05%
07/12/2026,26.78,26.78,26.82,26.68,2.38M,0.22%
07/09/2026,26.72,26.86,26.88,26.52,9.66M,-0.45%
07/08/2026,26.84,26.3,26.92,26.24,11.58M,2.60%
07/07/2026,26.16,26.16,26.3,26.1,9.41M,0.00%
07/06/2026,26.16,26.1,26.18,26.0,7.19M,0.23%
07/05/2026,26.1,26.1,26.1,25.98,4.01M,0.00%
07/02/2026,26.1,26.1,26.16,26.08,7.35M,-0.08%
07/01/2026,26.12,26.1,26.3,26.04,7.15M,0.00%
06/30/2026,26.12,26.1,26.18,25.9,12.14M,0.00%
06/29/2026,26.12,26.52,26.58,26.12,11.44M,-1.80%
06/28/2026,26.6,26.14,26.64,26.14,5.61M,1.76%
06/25/2026,26.14,26.22,26.36,26.14,8.84M,-0.76%
06/24/2026,26.34,26.2,26.52,26.18,8.20M,-0.15%
06/23/2026,26.38,26.46,26.58,26.36,8.27M,-0.23%
06/22/2026,26.44,26.46,26.52,26.36,5.76M,-0.08%
06/21/2026,26.46,26.4,26.56,26.4,4.34M,-0.23%
06/18/2026,26.52,26.6,26.64,26.26,22.85M,-0.30%
06/17/2026,26.6,26.66,26.7,26.5,9.91M,-0.60%
06/16/2026,26.76,26.58,26.78,26.52,7.96M,0.68%
06/15/2026,26.58,26.8,26.82,26.52,16.72M,-1.12%
06/14/2026,26.88,26.96,26.96,26.5,12.43M,-1.10%
06/11/2026,27.18,27.06,27.18,27.02,17.57M,0.44%
06/10/2026,27.06,27.14,27.14,26.94,13.03M,-0.37%
06/09/2026,27.16,27.1,27.16,26.92,13.52M,0.00%
06/08/2026,27.16,27.08,27.3,27.06,12.74M,0.59%
06/07/2026,27.0,27.0,27.04,26.9,6.55M,-0.59%
06/04/2026,27.16,27.26,27.3,27.08,14.46M,-0.37%
06/03/2026,27.26,27.36,27.5,27.18,16.97M,-0.44%
06/02/2026,27.38,27.26,27.48,27.1,19.37M,0.07%
06/01/2026,27.36,27.52,27.6,27.3,27.57M,-0.65%
05/31/2026,27.54,27.5,27.62,27.48,13.49M,-1.29%
05/21/2026,27.9,27.84,27.9,27.64,29.61M,0.14%
05/20/2026,27.86,27.9,27.96,27.78,14.78M,-0.36%
05/19/2026,27.96,27.76,27.96,27.74,15.46M,0.65%
05/18/2026,27.78,27.74,27.92,27.72,16.70M,0.00%
05/17/2026,27.78,27.7,27.8,27.66,8.39M,0.29%
05/14/2026,27.7,27.9,27.92,27.7,16.32M,-0.79%
05/13/2026,27.92,27.9,27.96,27.82,12.70M,0.36%
05/12/2026,27.82,27.62,27.94,27.6,22.69M,0.65%
05/11/2026,27.64,27.48,27.66,27.46,19.83M,0.80%
05/10/2026,27.42,27.4,27.56,27.3,12.00M,0.81%
05/07/2026,27.2,27.12,27.2,26.9,12.33M,0.74%
05/06/2026,27.0,27.76,27.84,26.92,21.30M,-2.81%
05/05/2026,27.78,27.64,27.78,27.56,10.64M,0.51%
05/04/2026,27.64,27.48,27.66,27.42,11.75M,0.51%
05/03/2026,27.5,27.7,27.72,27.46,6.27M,-0.94%
04/30/2026,27.76,27.6,27.96,27.58,19.10M,0.65%
04/29/2026,27.58,27.44,27.58,27.38,13.04M,0.44%
04/28/2026,27.46,27.3,27.5,27.3,10.70M,0.73%
04/27/2026,27.26,27.12,27.32,27.08,11.70M,0.52%
04/26/2026,27.12,27.22,27.32,27.12,5.00M,-0.37%
04/23/2026,27.22,27.3,27.44,27.22,13.04M,-0.15%
04/22/2026,27.26,27.16,27.28,27.14,9.58M,0.37%
04/21/2026,27.16,27.2,27.26,27.08,9.43M,-0.15%
04/20/2026,27.2,27.3,27.38,27.14,10.62M,0.00%
04/19/2026,27.2,27.3,27.38,27.2,7.74M,-1.16%
04/16/2026,27.52,27.5,27.52,27.26,13.06M,-0.07%
04/15/2026,27.54,27.36,27.54,27.34,17.81M,0.66%
04/14/2026,27.36,27.56,27.56,27.22,15.11M,-0.87%
04/13/2026,27.6,27.26,27.6,27.22,23.59M,1.62%
04/12/2026,27.16,27.12,27.24,27.12,5.16M,-0.15%
04/09/2026,27.2,26.96,27.2,26.9,15.59M,0.82%
04/08/2026,26.98,27.04,27.14,26.62,25.74M,-1.96%
04/07/2026,27.52,27.48,27.76,27.46,22.50M,0.07%
04/06/2026,27.5,27.52,27.54,27.36,11.40M,-0.15%
04/05/2026,27.54,27.62,27.64,27.46,7.60M,-0.22%
04/02/2026,27.6,27.56,27.68,27.48,15.77M,0.15%
04/01/2026,27.56,27.5,27.74,27.4,22.55M,0.58%
03/31/2026,27.4,27.28,27.4,27.2,16.11M,0.44%
03/30/2026,27.28,27.04,27.3,26.98,19.82M,1.11%
03/29/2026,26.98,27.02,27.16,26.96,9.29M,-0.07%
03/26/2026,27.0,26.84,27.0,26.76,15.72M,0.52%
03/25/2026,26.86,26.64,26.92,26.6,15.03M,0.75%
03/24/2026,26.66,26.8,26.82,26.46,21.95M,-1.48%
03/16/2026,27.06,27.08,27.16,26.92,23.45M,-0.15%
03/15/2026,27.1,26.86,27.1,26.66,12.22M,0.89%
03/12/2026,26.86,27.16,27.48,26.72,25.72M,-1.10%
03/11/2026,27.16,26.9,27.42,26.78,27.96M,0.97%
03/10/2026,26.9,26.7,26.9,26.5,23.61M,-0.81%
03/09/2026,27.12,27.3,27.4,26.96,31.21M,0.67%
03/08/2026,26.94,26.9,27.14,26.64,33.71M,4.10%
03/05/2026,25.88,26.5,26.78,25.74,25.11M,-0.84%
03/04/2026,26.1,26.76,26.82,26.1,23.93M,-2.32%
03/03/2026,26.72,26.26,26.86,26.24,23.47M,1.91%
03/02/2026,26.22,26.04,26.36,25.9,28.44M,1.63%
03/01/2026,25.8,24.95,25.88,24.7,20.98M,3.37%
02/26/2026,24.96,25.7,25.7,24.96,16.49M,-3.03%
02/25/2026,25.74,25.7,25.86,25.66,7.93M,-0.39%
02/24/2026,25.84,25.86,25.9,25.74,5.59M,-0.54%
02/23/2026,25.98,25.66,25.98,25.6,8.88M,1.09%
02/19/2026,25.7,25.62,25.7,25.54,8.43M,0.39%
02/18/2026,25.6,25.3,25.6,25.26,4.46M,0.63%
02/17/2026,25.44,25.52,25.56,25.3,5.26M,-0.62%
02/16/2026,25.6,25.76,25.78,25.52,5.53M,-0.70%
02/15/2026,25.78,25.92,25.98,25.78,4.87M,-0.85%
02/12/2026,26.0,25.8,26.0,25.76,18.73M,0.70%
02/11/2026,25.82,25.8,25.84,25.74,7.30M,-0.15%
02/10/2026,25.86,25.6,25.86,25.6,9.80M,0.70%
02/09/2026,25.68,25.48,25.68,25.4,9.72M,0.71%
02/08/2026,25.5,25.64,25.68,25.46,6.35M,-0.39%
02/05/2026,25.6,25.62,25.62,25.46,22.11M,-0.23%
02/04/2026,25.66,25.6,25.7,25.5,13.34M,0.23%
02/03/2026,25.6,25.6,25.6,25.48,10.14M,0.00%
02/02/2026,25.6,24.8,25.6,24.77,19.81M,1.67%
02/01/2026,25.18,25.76,25.78,25.16,9.53M,-2.40%
01/29/2026,25.8,25.7,26.06,25.66,21.87M,0.62%
01/28/2026,25.64,25.3,25.68,25.3,15.74M,1.50%
01/27/2026,25.26,25.26,25.34,25.14,9.17M,0.00%
01/26/2026,25.26,25.32,25.36,25.08,9.02M,-0.24%
01/25/2026,25.32,25.32,25.68,25.26,9.72M,0.32%
01/22/2026,25.24,25.0,25.24,24.93,11.00M,0.96%
01/21/2026,25.0,25.0,25.06,24.93,8.25M,0.00%
01/20/2026,25.0,24.8,25.0,24.8,9.06M,0.44%
01/19/2026,24.89,24.95,24.96,24.67,7.92M,-0.36%
01/18/2026,24.98,24.8,25.0,24.76,5.80M,0.73%
01/15/2026,24.8,24.93,24.94,24.6,8.76M,-0.72%
01/14/2026,24.98,24.92,25.1,24.82,17.58M,0.24%
01/13/2026,24.92,24.26,24.93,24.25,17.02M,2.72%
01/12/2026,24.26,24.22,24.37,24.11,8.96M,0.17%
01/11/2026,24.22,23.7,24.22,23.7,6.79M,2.41%
01/08/2026,23.65,23.58,23.7,23.49,6.95M,0.30%
01/07/2026,23.58,23.6,23.8,23.46,14.14M,0.60%
01/06/2026,23.44,23.4,23.6,23.36,8.18M,0.13%
01/05/2026,23.41,23.5,23.55,23.29,13.45M,-0.38%
01/04/2026,23.5,23.88,23.89,23.42,8.49M,-1.59%
01/01/2026,23.88,23.83,23.92,23.73,3.36M,0.21%
12/31/2025,23.83,23.62,23.84,23.58,6.12M,0.89%
12/30/2025,23.62,23.7,23.7,23.51,6.27M,-0.34%
12/29/2025,23.7,23.52,23.71,23.41,4.97M,0.81%
12/28/2025,23.51,23.69,23.72,23.5,7.91M,-0.76%
12/25/2025,23.69,23.75,23.79,23.64,4.26M,-0.25%
12/24/2025,23.75,23.78,23.81,23.63,6.46M,-0.04%
12/23/2025,23.76,23.75,23.81,23.58,7.09M,0.04%
12/22/2025,23.75,23.83,23.84,23.59,12.54M,-0.34%
12/21/2025,23.83,23.9,23.9,23.7,7.18M,0.76%
12/18/2025,23.65,23.6,23.74,23.59,15.89M,0.21%
12/17/2025,23.6,23.75,23.81,23.57,9.38M,-0.63%
12/16/2025,23.75,24.0,24.02,23.7,13.54M,-1.04%
12/15/2025,24.0,23.89,24.01,23.8,11.45M,0.46%
12/14/2025,23.89,23.9,23.94,23.82,8.19M,-0.04%
12/11/2025,23.9,24.32,24.33,23.9,13.27M,-1.73%
12/10/2025,24.32,24.34,24.35,24.25,3.71M,-0.08%
12/09/2025,24.34,24.32,24.35,24.25,6.23M,0.08%
12/08/2025,24.32,24.41,24.51,24.32,10.13M,-0.41%
12/07/2025,24.42,24.52,24.61,24.4,2.54M,-0.41%
12/04/2025,24.52,24.4,24.69,24.4,6.04M,0.25%
12/03/2025,24.46,24.33,24.46,24.26,6.96M,0.25%
12/02/2025,24.4,24.33,24.45,24.25,4.28M,0.29%
12/01/2025,24.33,24.54,24.54,24.25,9.51M,-0.86%
11/30/2025,24.54,24.63,24.7,24.53,2.68M,-0.37%
11/27/2025,24.63,24.53,24.69,24.44,6.89M,0.41%
11/26/2025,24.53,24.57,24.65,24.47,13.83M,-0.16%
11/25/2025,24.57,25.18,25.2,24.56,10.47M,-2.65%
11/24/2025,25.24,25.58,25.6,25.06,23.90M,-1.41%
11/23/2025,25.6,25.7,25.74,25.58,4.38M,-0.70%
11/20/2025,25.78,25.86,25.88,25.64,6.69M,-0.46%
11/19/2025,25.9,25.84,25.96,25.82,13.48M,0.23%
11/18/2025,25.84,25.4,25.84,25.4,11.33M,0.00%
11/17/2025,25.84,25.58,25.88,25.54,14.69M,1.02%
11/16/2025,25.58,25.84,25.84,25.38,7.22M,-1.08%
11/13/2025,25.86,25.86,25.9,25.66,9.10M,-0.39%
11/12/2025,25.96,25.9,25.96,25.84,6.82M,0.08%
11/11/2025,25.94,25.9,25.98,25.82,9.11M,0.00%
11/10/2025,25.94,25.68,25.94,25.56,10.35M,0.93%
11/09/2025,25.7,25.84,25.86,25.56,3.80M,-0.54%
11/06/2025,25.84,25.6,25.84,25.58,5.89M,0.94%
11/05/2025,25.6,25.74,25.76,25.42,8.29M,-0.62%
11/04/2025,25.76,25.6,25.9,25.6,14.15M,0.70%
11/03/2025,25.58,25.62,25.64,25.36,12.02M,-0.23%
11/02/2025,25.64,25.78,25.8,25.64,8.62M,-1.00%
10/30/2025,25.9,25.92,26.02,25.86,16.37M,-0.08%
10/29/2025,25.92,25.84,25.94,25.78,7.07M,0.15%
10/28/2025,25.88,25.78,26.06,25.78,14.97M,0.31%
10/27/2025,25.8,25.74,25.86,25.74,11.06M,0.23%
10/26/2025,25.74,25.84,25.96,25.72,7.44M,-0.46%
10/23/2025,25.86,26.0,26.16,25.66,29.08M,-0.46%
10/22/2025,25.98,25.02,26.14,25.0,41.87M,3.75%
10/21/2025,25.04,25.06,25.08,24.95,7.06M,-0.08%
10/20/2025,25.06,25.16,25.18,25.02,7.99M,-0.40%
10/19/2025,25.16,25.26,25.26,25.1,10.48M,-0.55%
10/16/2025,25.3,24.95,25.46,24.95,24.43M,1.32%
10/15/2025,24.97,24.75,24.99,24.74,15.24M,0.89%
10/14/2025,24.75,24.73,24.98,24.73,10.66M,0.08%
10/13/2025,24.73,24.51,24.75,24.51,9.60M,0.94%
10/12/2025,24.5,24.5,24.63,24.25,10.46M,-1.37%
10/09/2025,24.84,24.87,24.96,24.84,5.30M,-0.12%
10/08/2025,24.87,24.81,24.87,24.75,5.71M,0.24%
10/07/2025,24.81,24.85,25.0,24.6,11.87M,-0.16%
10/06/2025,24.85,24.79,24.98,24.78,8.07M,0.24%
10/05/2025,24.79,24.75,24.91,24.7,4.66M,0.16%
10/02/2025,24.75,24.6,24.94,24.6,8.53M,0.61%
10/01/2025,24.6,24.62,24.75,24.45,7.19M,-0.08%
09/30/2025,24.62,24.97,24.98,24.62,12.66M,-1.48%
09/29/2025,24.99,24.45,24.99,24.37,23.72M,2.21%
09/28/2025,24.45,24.35,24.52,24.35,6.64M,0.41%
09/25/2025,24.35,25.06,25.26,24.27,30.97M,-2.83%
09/24/2025,25.06,25.2,25.42,25.02,25.78M,0.44%
09/22/2025,24.95,24.93,25.04,24.81,16.62M,0.08%
09/21/2025,24.93,24.48,25.06,24.47,28.56M,1.88%
09/18/2025,24.47,24.11,24.54,24.02,38.71M,1.54%
09/17/2025,24.1,23.35,24.12,23.35,19.76M,3.21%
09/16/2025,23.35,23.2,23.35,23.11,8.37M,0.56%
09/15/2025,23.22,23.17,23.23,23.1,7.18M,0.26%
09/14/2025,23.16,23.13,23.17,23.08,6.81M,0.13%
09/11/2025,23.13,23.17,23.2,23.04,7.71M,-0.17%
09/10/2025,23.17,23.3,23.31,23.1,8.91M,-0.56%
09/09/2025,23.3,23.25,23.36,23.08,12.70M,0.22%
09/08/2025,23.25,23.47,23.48,23.1,14.29M,-0.94%
09/07/2025,23.47,23.65,23.67,23.45,6.17M,-0.76%
09/04/2025,23.65,23.6,23.65,23.57,5.90M,0.21%
09/03/2025,23.6,23.78,23.88,23.56,7.36M,-0.63%
09/02/2025,23.75,23.6,23.82,23.42,15.65M,0.64%
09/01/2025,23.6,23.81,23.82,23.57,11.39M,-0.84%
08/31/2025,23.8,23.77,23.81,23.72,6.17M,0.42%
08/28/2025,23.7,23.76,23.82,23.7,9.81M,-0.17%
08/27/2025,23.74,23.8,23.87,23.74,7.80M,-0.17%
08/26/2025,23.78,23.8,23.9,23.73,15.85M,-0.04%
08/25/2025,23.79,23.88,23.9,23.76,7.12M,-0.34%
08/24/2025,23.87,23.8,23.92,23.79,10.59M,0.67%
08/21/2025,23.71,23.88,23.89,23.62,16.06M,-0.71%
08/20/2025,23.88,23.87,23.92,23.7,11.51M,-0.71%
08/19/2025,24.05,24.12,24.14,24.04,11.15M,-0.33%
08/18/2025,24.13,24.16,24.22,24.08,7.34M,-0.12%
08/17/2025,24.16,24.06,24.17,24.06,8.23M,0.42%
08/14/2025,24.06,24.05,24.06,23.9,10.78M,0.04%
08/13/2025,24.05,24.05,24.08,23.98,8.82M,0.00%
08/12/2025,24.05,24.05,24.13,24.01,6.72M,0.00%
08/11/2025,24.05,24.14,24.15,24.04,9.63M,-0.37%
08/10/2025,24.14,24.34,24.34,24.11,9.68M,-0.82%
08/07/2025,24.34,24.33,24.41,24.26,9.54M,0.04%
08/06/2025,24.33,24.15,24.33,24.13,18.82M,0.87%
08/05/2025,24.12,23.92,24.12,23.82,18.04M,0.88%
08/04/2025,23.91,24.0,24.02,23.81,13.42M,-0.38%
08/03/2025,24.0,24.28,24.28,23.97,8.80M,-1.23%
07/31/2025,24.3,24.24,24.3,24.16,5.58M,0.25%
07/30/2025,24.24,24.18,24.24,24.11,11.91M,0.29%
07/29/2025,24.17,24.16,24.19,24.04,9.47M,0.04%
07/28/2025,24.16,24.11,24.34,24.1,8.63M,0.21%
07/27/2025,24.11,24.05,24.16,24.03,5.30M,0.33%
07/24/2025,24.03,24.27,24.28,24.02,17.90M,-0.74%
07/23/2025,24.21,23.99,24.21,23.99,19.85M,0.92%
07/22/2025,23.99,24.1,24.16,23.92,10.81M,-0.46%
07/21/2025,24.1,24.11,24.14,24.05,6.36M,-0.04%
07/20/2025,24.11,24.1,24.3,24.05,10.02M,0.04%
07/17/2025,24.1,24.42,24.43,24.08,14.86M,-1.31%
07/16/2025,24.42,24.6,24.62,24.4,8.08M,-0.73%
07/15/2025,24.6,24.86,24.9,24.52,15.45M,-1.05%
07/14/2025,24.86,24.99,25.0,24.81,7.02M,-0.40%
07/13/2025,24.96,25.04,25.06,24.94,4.74M,-0.32%
07/10/2025,25.04,24.88,25.06,24.83,9.66M,0.64%
07/09/2025,24.88,25.08,25.12,24.82,7.35M,-0.88%
07/08/2025,25.1,25.06,25.12,24.98,11.04M,0.08%
07/07/2025,25.08,24.87,25.14,24.78,11.04M,0.84%
07/06/2025,24.87,24.78,24.89,24.55,9.68M,0.36%
07/03/2025,24.78,24.56,24.78,24.5,15.35M,0.94%
07/02/2025,24.55,24.36,24.55,24.34,14.92M,0.78%
07/01/2025,24.36,24.32,24.36,24.26,10.15M,0.16%
06/30/2025,24.32,24.32,24.39,24.25,15.72M,0.08%
06/29/2025,24.3,24.31,24.4,24.22,10.62M,0.00%
06/26/2025,24.3,24.16,24.3,24.1,20.21M,0.66%
06/25/2025,24.14,24.34,24.36,24.08,20.65M,-0.82%
06/24/2025,24.34,24.7,24.7,24.22,36.52M,-1.62%
06/23/2025,24.74,24.82,24.88,24.7,11.64M,-0.32%
06/22/2025,24.82,24.84,24.94,24.74,9.21M,0.00%
06/19/2025,24.82,24.8,24.84,24.66,31.03M,-0.32%
06/18/2025,24.9,24.94,24.94,24.7,11.48M,-0.32%
06/17/2025,24.98,25.3,25.3,24.78,12.15M,-1.26%
06/16/2025,25.3,25.4,25.45,25.25,14.68M,-0.39%
06/15/2025,25.4,25.0,25.5,25.0,28.77M,1.76%
06/12/2025,24.96,24.9,24.96,24.72,13.95M,0.16%
06/11/2025,24.92,25.0,25.25,24.8,15.10M,0.48%
06/04/2025,24.8,24.86,24.96,24.8,11.28M,-0.08%
06/03/2025,24.82,25.0,25.05,24.82,8.54M,-0.72%
06/02/2025,25.0,24.9,25.0,24.88,7.66M,0.73%
06/01/2025,24.82,25.05,25.1,24.8,10.03M,-0.72%
05/29/2025,25.0,25.45,25.55,25.0,37.67M,-1.77%
05/28/2025,25.45,25.1,25.5,25.05,9.93M,1.60%
05/27/2025,25.05,25.2,25.2,25.0,6.79M,-0.60%
05/26/2025,25.2,25.0,25.2,24.94,7.49M,0.80%
05/25/2025,25.0,25.15,25.3,24.84,8.64M,-0.60%
05/22/2025,25.15,25.85,25.85,25.15,15.64M,-3.64%
05/21/2025,26.1,26.15,26.25,26.1,9.56M,-0.38%
05/20/2025,26.2,26.3,26.3,26.05,8.70M,-0.19%
05/19/2025,26.25,26.15,26.3,26.05,10.40M,0.38%
05/18/2025,26.15,26.15,26.25,26.0,7.41M,0.00%
05/15/2025,26.15,26.1,26.15,25.85,10.15M,0.19%
05/14/2025,26.1,25.6,26.15,25.55,24.40M,2.15%
05/13/2025,25.55,25.65,25.7,25.4,10.72M,0.00%
05/12/2025,25.55,25.05,25.7,25.05,17.04M,2.20%
05/11/2025,25.0,25.0,25.05,24.96,5.26M,0.64%
05/08/2025,24.84,24.9,24.96,24.74,7.84M,0.00%
05/07/2025,24.84,24.98,25.05,24.84,6.34M,-0.56%
05/06/2025,24.98,24.92,25.05,24.9,4.28M,0.32%
05/05/2025,24.9,24.94,24.98,24.82,8.53M,-0.16%
05/04/2025,24.94,25.2,25.35,24.94,11.85M,-1.03%
05/01/2025,25.2,25.35,25.4,25.2,7.82M,-0.59%
04/30/2025,25.35,25.65,25.65,25.35,12.60M,-1.17%
04/29/2025,25.65,25.75,25.8,25.6,7.63M,-0.39%
04/28/2025,25.75,25.8,25.85,25.65,7.22M,-0.19%
04/27/2025,25.8,25.8,25.85,25.7,6.01M,0.00%
04/24/2025,25.8,25.75,25.8,25.65,10.42M,0.19%
04/23/2025,25.75,25.6,25.85,25.6,12.50M,0.59%
04/22/2025,25.6,25.45,25.6,25.25,13.29M,0.59%
04/21/2025,25.45,25.65,25.65,25.4,5.66M,-0.97%
04/20/2025,25.7,25.5,25.75,25.5,9.32M,0.98%
04/17/2025,25.45,25.65,25.7,25.45,10.63M,-0.78%
04/16/2025,25.65,25.8,25.85,25.6,10.79M,-0.58%
04/15/2025,25.8,25.95,26.0,25.8,11.19M,-0.58%
04/14/2025,25.95,26.0,26.0,25.8,7.30M,0.19%
04/13/2025,25.9,26.0,26.0,25.85,6.24M,-0.38%
04/10/2025,26.0,26.3,26.4,25.65,16.52M,2.56%
04/09/2025,25.35,25.45,25.5,25.15,12.69M,-0.20%
04/08/2025,25.4,25.55,26.1,25.25,18.45M,0.59%
04/07/2025,25.25,24.88,25.35,24.6,24.64M,1.32%
04/06/2025,24.92,25.0,25.2,24.66,24.03M,-5.25%
04/03/2025,26.3,26.6,26.65,26.25,11.24M,-1.68%
03/27/2025,26.75,26.7,26.75,26.6,9.76M,0.38%
03/26/2025,26.65,26.2,26.65,26.2,12.44M,2.11%
03/25/2025,26.1,26.0,26.4,26.0,11.67M,0.58%
03/24/2025,25.95,25.85,25.95,25.65,7.54M,0.58%
03/23/2025,25.8,25.85,25.85,25.7,6.29M,0.39%
03/20/2025,25.7,25.15,25.7,25.1,24.10M,2.59%
03/19/2025,25.05,25.6,25.65,25.0,21.99M,-2.15%
03/18/2025,25.6,25.85,25.85,25.5,16.83M,-1.35%
03/17/2025,25.95,26.1,26.15,25.9,18.61M,-0.38%
03/16/2025,26.05,26.0,26.15,25.9,12.27M,0.39%
03/13/2025,25.95,26.2,26.25,25.9,20.76M,-0.95%
03/12/2025,26.2,26.35,26.4,26.1,13.64M,-0.38%
03/11/2025,26.3,26.3,26.4,26.05,23.88M,0.00%
03/10/2025,26.3,26.65,26.65,26.3,10.72M,-1.31%
03/09/2025,26.65,26.25,26.65,26.25,5.72M,1.52%
03/06/2025,26.25,26.6,26.65,26.15,15.08M,-1.13%
03/05/2025,26.55,26.9,26.95,26.55,12.28M,-1.30%
03/04/2025,26.9,27.25,27.25,26.85,22.39M,-2.18%
03/03/2025,27.5,27.25,27.55,27.2,7.62M,1.10%
03/02/2025,27.2,27.1,27.4,27.1,5.68M,0.37%
02/27/2025,27.1,27.2,27.3,27.05,18.06M,-0.37%
02/26/2025,27.2,27.4,27.45,27.15,9.28M,-0.73%
02/25/2025,27.4,27.25,27.5,27.05,12.07M,0.74%
02/24/2025,27.2,27.65,27.65,27.2,19.77M,-1.81%
02/20/2025,27.7,27.7,27.75,27.6,9.19M,0.18%
02/19/2025,27.65,27.65,27.75,27.6,5.92M,0.18%
02/18/2025,27.6,27.65,27.75,27.6,7.17M,-0.18%
02/17/2025,27.65,27.75,27.8,27.65,9.09M,-0.54%
02/16/2025,27.8,27.8,27.85,27.75,4.75M,0.00%
02/13/2025,27.8,27.75,27.8,27.7,5.08M,0.00%
02/12/2025,27.8,27.7,27.8,27.7,8.01M,0.18%
02/11/2025,27.75,27.75,27.75,27.65,6.00M,0.00%
02/10/2025,27.75,27.65,27.75,27.6,6.81M,0.36%
02/09/2025,27.65,27.65,27.7,27.6,4.37M,0.00%
02/06/2025,27.65,27.7,27.75,27.6,7.93M,-0.18%
02/05/2025,27.7,27.7,27.7,27.6,5.56M,0.00%
02/04/2025,27.7,27.7,27.7,27.55,12.38M,0.00%
02/03/2025,27.7,27.75,27.75,27.6,8.17M,-0.18%
02/02/2025,27.75,27.8,27.8,27.7,3.87M,-0.18%
01/30/2025,27.8,27.8,27.8,27.65,6.60M,0.18%
01/29/2025,27.75,27.9,27.95,27.65,17.68M,-0.36%
01/28/2025,27.85,27.95,28.0,27.85,10.87M,-0.36%
01/27/2025,27.95,28.05,28.1,27.9,9.32M,-0.36%
01/26/2025,28.05,28.1,28.1,28.0,3.79M,-0.18%
01/23/2025,28.1,28.0,28.1,28.0,6.37M,0.36%
01/22/2025,28.0,28.0,28.15,28.0,6.50M,0.00%
01/21/2025,28.0,28.2,28.2,28.0,6.80M,-0.53%
01/20/2025,28.15,28.15,28.25,28.15,5.18M,0.00%
01/19/2025,28.15,28.25,28.25,28.15,5.06M,-0.35%
01/16/2025,28.25,28.1,28.25,28.1,9.29M,0.53%
01/15/2025,28.1,28.1,28.1,28.0,6.91M,0.00%
01/14/2025,28.1,28.05,28.15,28.0,4.92M,0.18%
01/13/2025,28.05,28.1,28.35,28.05,11.24M,0.18%
01/12/2025,28.0,28.0,28.1,27.95,6.19M,0.18%
01/09/2025,27.95,28.0,28.05,27.9,5.53M,-0.18%
01/08/2025,28.0,27.8,28.1,27.8,11.96M,0.72%
01/07/2025,27.8,28.0,28.05,27.8,9.86M,-0.54%
01/06/2025,27.95,28.05,28.1,27.95,13.06M,-0.36%
01/05/2025,28.05,28.05,28.1,28.0,3.90M,0.00%
01/02/2025,28.05,28.05,28.1,28.0,4.49M,0.00%
01/01/2025,28.05,28.05,28.1,28.0,3.35M,0.00%
12/31/2024,28.05,28.0,28.15,27.95,8.33M,0.54%
12/30/2024,27.9,27.85,28.0,27.8,14.13M,0.18%
12/29/2024,27.85,28.0,28.1,27.8,8.17M,-0.54%
12/26/2024,28.0,28.1,28.15,28.0,3.84M,-0.36%
12/25/2024,28.1,28.25,28.3,28.1,3.46M,-0.53%
12/24/2024,28.25,28.5,28.55,28.25,5.26M,-0.88%
12/23/2024,28.5,28.5,28.65,28.45,5.28M,0.18%
12/22/2024,28.45,28.8,28.8,28.45,14.01M,-1.90%
12/19/2024,29.0,28.35,29.0,28.2,101.33M,1.93%
12/18/2024,28.45,28.2,28.45,28.1,10.51M,1.07%
12/17/2024,28.15,28.5,28.55,28.15,11.13M,-1.23%
12/16/2024,28.5,28.45,28.5,28.3,10.63M,0.18%
12/15/2024,28.45,28.45,28.55,28.4,4.59M,0.00%
12/12/2024,28.45,28.55,28.6,28.4,8.62M,-0.35%
12/11/2024,28.55,28.7,28.75,28.5,14.32M,-0.35%
12/10/2024,28.65,28.3,28.75,28.3,25.18M,1.24%
12/09/2024,28.3,28.0,28.3,27.9,21.83M,1.25%
12/08/2024,27.95,27.95,28.0,27.9,8.68M,0.00%
12/05/2024,27.95,27.9,27.95,27.75,14.62M,0.18%
12/04/2024,27.9,27.7,27.9,27.6,12.51M,0.72%
12/03/2024,27.7,27.6,27.75,27.5,14.91M,0.36%
12/02/2024,27.6,27.6,27.6,27.35,14.42M,0.18%
12/01/2024,27.55,27.6,27.6,27.45,9.37M,0.36%
11/28/2024,27.45,27.5,27.6,27.3,15.87M,0.00%
11/27/2024,27.45,27.5,27.8,27.35,19.60M,-0.18%
11/26/2024,27.5,28.0,28.0,27.5,16.12M,-1.79%
11/25/2024,28.0,28.05,28.1,28.0,162.80M,-0.18%
11/24/2024,28.05,28.05,28.15,28.0,15.94M,0.36%
11/21/2024,27.95,27.95,28.05,27.9,18.37M,-0.18%
11/20/2024,28.0,27.95,28.0,27.85,13.23M,0.18%
11/19/2024,27.95,27.85,28.1,27.85,22.20M,0.54%
11/18/2024,27.8,27.65,27.95,27.6,23.05M,0.54%
11/17/2024,27.65,27.35,27.75,27.25,15.20M,-1.25%
11/14/2024,28.0,27.95,28.05,27.9,19.93M,0.36%
11/13/2024,27.9,28.0,28.05,27.9,26.04M,-0.53%
11/12/2024,28.05,28.05,28.05,27.85,17.27M,0.00%
11/11/2024,28.05,28.05,28.15,27.9,21.55M,0.00%
11/10/2024,28.05,28.05,28.2,27.95,18.97M,0.18%
11/07/2024,28.0,27.65,28.1,27.65,38.33M,1.63%
11/06/2024,27.55,27.55,27.55,27.35,16.72M,0.00%
11/05/2024,27.55,27.45,27.55,27.3,20.29M,0.18%
11/04/2024,27.5,27.15,27.55,27.1,23.07M,1.48%
11/03/2024,27.1,27.0,27.15,27.0,7.10M,0.37%
10/31/2024,27.0,27.05,27.05,26.95,9.31M,-0.18%
10/30/2024,27.05,27.0,27.05,26.95,7.59M,0.19%
10/29/2024,27.0,27.0,27.05,26.95,7.82M,0.00%
10/28/2024,27.0,27.05,27.1,27.0,7.44M,-0.18%
10/27/2024,27.05,27.05,27.15,27.05,5.33M,0.00%
10/24/2024,27.05,26.95,27.05,26.95,6.43M,0.37%
10/23/2024,26.95,27.0,27.05,26.95,8.94M,-0.19%
10/22/2024,27.0,27.1,27.1,27.0,7.10M,-0.37%
10/21/2024,27.1,27.05,27.15,27.0,9.19M,0.18%
10/20/2024,27.05,27.05,27.1,27.0,4.18M,0.19%
10/17/2024,27.0,27.15,27.15,27.0,10.05M,-0.37%
10/16/2024,27.1,27.05,27.2,27.0,18.01M,-0.18%
10/15/2024,27.15,27.2,27.2,27.0,16.37M,-0.18%
10/14/2024,27.2,27.2,27.25,27.1,10.52M,0.00%
10/13/2024,27.2,27.05,27.25,27.05,6.61M,0.55%
10/10/2024,27.05,27.0,27.1,26.95,10.15M,0.37%
10/09/2024,26.95,27.0,27.05,26.95,11.46M,-0.37%
10/08/2024,27.05,27.0,27.05,26.9,10.51M,0.37%
10/07/2024,26.95,27.0,27.1,26.9,23.97M,-0.19%
10/06/2024,27.0,27.15,27.2,26.9,18.43M,-0.18%
10/03/2024,27.05,27.2,27.2,27.0,16.74M,-0.55%
10/02/2024,27.2,27.15,27.25,27.1,15.50M,0.00%
10/01/2024,27.2,27.1,27.2,27.1,10.10M,0.37%
09/30/2024,27.1,27.3,27.3,27.1,16.16M,-0.55%
09/29/2024,27.25,27.6,27.6,27.2,11.54M,-1.27%
09/26/2024,27.6,27.75,27.75,27.55,8.37M,-0.54%
09/25/2024,27.75,27.6,27.75,27.5,10.78M,0.73%
09/24/2024,27.55,27.5,27.6,27.45,8.76M,0.36%
09/22/2024,27.45,27.4,27.55,27.3,5.69M,0.18%
09/19/2024,27.4,27.2,27.4,27.15,14.36M,1.11%
09/18/2024,27.1,27.2,27.25,27.1,7.68M,-0.37%
09/17/2024,27.2,27.25,27.3,27.15,9.24M,-0.18%
09/16/2024,27.25,27.25,27.3,27.15,8.88M,0.18%
09/15/2024,27.2,27.2,27.3,27.15,7.81M,0.37%
09/12/2024,27.1,27.15,27.25,27.05,9.05M,0.37%
09/11/2024,27.0,27.2,27.25,27.0,15.13M,-0.74%
09/10/2024,27.2,27.3,27.35,27.2,10.84M,-0.18%
09/09/2024,27.25,27.35,27.4,27.25,9.74M,-0.18%
09/08/2024,27.3,27.5,27.55,27.3,11.39M,-0.91%
09/05/2024,27.55,27.7,27.75,27.55,11.18M,-0.36%
09/04/2024,27.65,27.8,27.8,27.65,12.83M,-0.90%
09/03/2024,27.9,27.95,28.0,27.8,10.07M,0.00%
09/02/2024,27.9,27.9,28.05,27.75,28.86M,0.18%
09/01/2024,27.85,28.0,28.0,27.8,7.90M,-0.36%
08/29/2024,27.95,27.75,27.95,27.7,74.73M,0.72%
08/28/2024,27.75,27.8,27.85,27.65,15.56M,-0.36%
08/27/2024,27.85,27.95,28.05,27.85,18.01M,-0.36%
08/26/2024,27.95,27.85,28.0,27.8,14.86M,0.36%
08/25/2024,27.85,27.75,27.85,27.7,8.71M,0.72%
08/22/2024,27.65,27.75,27.8,27.6,13.56M,-0.36%
08/21/2024,27.75,27.95,27.95,27.7,19.37M,-1.60%
08/20/2024,28.2,28.35,28.35,28.1,14.13M,-0.53%
08/19/2024,28.35,28.3,28.35,28.2,13.65M,0.18%
08/18/2024,28.3,28.2,28.35,28.2,9.82M,0.35%
08/15/2024,28.2,28.2,28.25,28.15,12.48M,0.18%
08/14/2024,28.15,28.2,28.35,28.15,14.45M,-0.18%
08/13/2024,28.2,28.0,28.2,27.95,14.57M,0.89%
08/12/2024,27.95,28.0,28.05,27.85,20.84M,0.00%
08/11/2024,27.95,28.0,28.0,27.85,12.40M,0.72%
08/08/2024,27.75,27.85,28.0,27.7,17.36M,0.00%
08/07/2024,27.75,27.45,27.75,27.35,18.09M,2.02%
08/06/2024,27.2,27.1,27.5,27.05,25.16M,1.49%
08/05/2024,26.8,27.15,27.15,26.8,35.55M,-1.29%
08/04/2024,27.15,27.3,27.35,26.9,17.80M,-1.27%
08/01/2024,27.5,27.65,27.75,27.45,17.30M,-0.36%
07/31/2024,27.6,27.7,27.75,27.55,14.09M,-0.18%
07/30/2024,27.65,27.95,28.0,27.6,14.94M,-0.90%
07/29/2024,27.9,28.25,28.25,27.9,17.79M,-1.06%
07/28/2024,28.2,28.05,28.25,28.05,5.02M,0.71%
07/25/2024,28.0,28.05,28.1,28.0,22.24M,0.00%
07/24/2024,28.0,28.1,28.15,28.0,9.15M,-0.36%
07/23/2024,28.1,28.4,28.45,28.1,15.31M,-1.06%
07/22/2024,28.4,28.5,28.55,28.35,9.81M,-0.35%
07/21/2024,28.5,28.4,28.6,28.35,7.92M,0.18%
07/18/2024,28.45,28.45,28.6,28.35,14.55M,0.35%
07/17/2024,28.35,28.25,28.75,28.25,19.26M,0.35%
07/16/2024,28.25,28.15,28.25,28.1,19.81M,0.53%
07/15/2024,28.1,28.15,28.2,28.05,13.36M,0.00%
07/14/2024,28.1,28.15,28.25,28.1,11.83M,-0.18%
07/11/2024,28.15,28.1,28.2,28.05,14.40M,0.18%
07/10/2024,28.1,28.15,28.15,28.0,18.19M,-0.18%
07/09/2024,28.15,28.2,28.25,28.05,11.19M,-0.35%
07/08/2024,28.25,28.15,28.25,28.1,11.71M,0.36%
07/07/2024,28.15,28.25,28.3,28.1,7.22M,-0.18%
07/04/2024,28.2,27.95,28.2,27.9,13.35M,1.26%
07/03/2024,27.85,28.15,28.15,27.85,12.32M,-0.71%
07/02/2024,28.05,28.15,28.3,28.0,20.46M,0.18%
07/01/2024,28.0,28.0,28.3,27.95,27.61M,0.36%
06/30/2024,27.9,27.75,27.95,27.7,11.37M,0.72%
06/27/2024,27.7,27.7,27.9,27.7,16.54M,0.00%
06/26/2024,27.7,27.7,27.8,27.6,13.09M,0.18%
06/25/2024,27.65,27.95,28.0,27.65,18.85M,-1.25%
06/24/2024,28.0,28.05,28.1,27.85,18.95M,-0.36%
06/23/2024,28.1,28.1,28.2,28.0,11.07M,1.44%
06/13/2024,27.7,28.25,28.25,27.7,42.39M,-2.12%
06/12/2024,28.3,28.3,28.35,28.2,116.32M,0.35%
06/11/2024,28.2,28.4,28.5,28.2,112.91M,-0.53%
06/10/2024,28.35,28.75,28.8,28.3,77.12M,-0.87%
06/09/2024,28.6,27.95,29.05,27.9,1.73B,1.06%
06/06/2024,28.3,28.3,28.65,28.25,12.81M,0.35%
06/05/2024,28.2,28.4,28.4,28.1,17.38M,0.00%
06/04/2024,28.2,28.9,28.95,28.2,13.97M,-2.42%
06/03/2024,28.9,28.6,29.0,28.5,15.88M,1.58%
06/02/2024,28.45,28.9,28.95,28.15,12.74M,-1.90%
05/30/2024,29.0,29.1,29.2,29.0,15.97M,-0.17%
05/29/2024,29.05,29.3,29.4,29.05,6.58M,-0.68%
05/28/2024,29.25,29.55,29.6,29.25,6.32M,-0.85%
05/27/2024,29.5,29.5,29.7,29.45,6.22M,0.17%
05/26/2024,29.45,29.95,29.95,29.25,10.05M,-1.67%
05/23/2024,29.95,30.0,30.05,29.95,10.31M,-0.33%
05/22/2024,30.05,29.95,30.05,29.9,13.33M,0.33%
05/21/2024,29.95,29.9,29.95,29.85,7.67M,0.17%
05/20/2024,29.9,29.85,30.0,29.75,11.37M,0.00%
05/19/2024,29.9,29.75,29.9,29.65,6.99M,0.50%
05/16/2024,29.75,29.4,29.8,29.3,12.02M,1.54%
05/15/2024,29.3,29.55,29.55,29.2,8.87M,-1.68%
05/14/2024,29.8,30.0,30.05,29.8,14.99M,-0.50%
05/13/2024,29.95,30.0,30.05,29.95,10.66M,0.00%
05/12/2024,29.95,30.0,30.0,29.9,3.74M,0.34%
05/09/2024,29.85,29.95,30.0,29.85,9.83M,-0.33%
05/08/2024,29.95,30.0,30.05,29.9,12.57M,0.00%
05/07/2024,29.95,30.0,30.25,29.85,22.17M,0.00%
05/06/2024,29.95,30.0,30.0,29.9,6.31M,-0.17%
05/05/2024,30.0,30.0,30.05,29.9,4.98M,0.17%
05/02/2024,29.95,30.05,30.1,29.9,9.54M,-0.33%
05/01/2024,30.05,30.1,30.1,29.95,9.44M,-0.17%
04/30/2024,30.1,30.1,30.15,30.0,9.00M,0.00%
04/29/2024,30.1,30.15,30.25,30.05,14.02M,-0.17%
04/28/2024,30.15,30.1,30.25,30.1,8.92M,0.17%
04/25/2024,30.1,30.05,30.2,30.0,9.00M,0.00%
04/24/2024,30.1,30.1,30.2,30.0,9.46M,0.00%
04/23/2024,30.1,30.2,30.3,30.0,6.95M,-0.17%
04/22/2024,30.15,30.1,30.3,30.0,12.03M,0.33%
04/21/2024,30.05,30.0,30.2,29.9,8.99M,0.50%
04/18/2024,29.9,30.0,30.05,29.85,7.99M,-0.17%
04/17/2024,29.95,30.05,30.15,29.9,16.44M,0.17%
04/16/2024,29.9,30.4,30.45,29.8,24.54M,-1.32%
04/15/2024,30.3,30.65,30.8,30.3,16.72M,-0.98%
04/14/2024,30.6,30.4,30.75,30.3,18.11M,0.99%
04/04/2024,30.3,30.6,30.65,30.2,20.95M,-0.49%
04/03/2024,30.45,30.7,30.7,30.3,22.46M,-0.49%
04/02/2024,30.6,30.75,30.8,30.5,15.96M,-0.49%
04/01/2024,30.75,30.85,31.05,30.7,8.75M,-0.32%
03/31/2024,30.85,30.8,30.95,30.75,5.75M,0.33%
03/28/2024,30.75,30.95,30.95,30.75,14.86M,-0.16%
03/27/2024,30.8,30.9,31.0,30.8,9.87M,-0.16%
03/26/2024,30.85,30.9,31.05,30.8,11.66M,0.00%
03/25/2024,30.85,31.2,31.2,30.85,10.52M,-1.12%
03/24/2024,31.2,31.25,31.3,31.05,7.39M,0.00%
03/21/2024,31.2,31.25,31.3,31.15,8.71M,0.00%
03/20/2024,31.2,31.4,31.45,31.2,9.69M,-0.64%
03/19/2024,31.4,31.1,31.4,31.05,9.66M,0.96%
03/18/2024,31.1,31.2,31.2,31.0,7.73M,-0.16%
03/17/2024,31.15,31.3,31.35,31.1,4.82M,-0.32%
03/14/2024,31.25,31.7,31.75,31.2,21.22M,-2.50%
03/13/2024,32.05,32.05,32.25,31.8,11.83M,0.00%
03/12/2024,32.05,32.0,32.1,31.9,5.52M,0.47%
03/11/2024,31.9,32.2,32.2,31.75,9.84M,-0.93%
03/10/2024,32.2,32.1,32.65,32.05,16.07M,1.42%
03/07/2024,31.75,31.7,31.8,31.35,8.15M,0.16%
03/06/2024,31.7,31.6,31.75,31.4,10.40M,0.16%
03/05/2024,31.65,31.25,31.75,31.25,14.82M,1.44%
03/04/2024,31.2,31.55,31.6,31.1,12.50M,-1.11%
03/03/2024,31.55,31.7,31.8,31.5,5.61M,-0.47%
02/29/2024,31.7,31.9,31.9,31.7,6.42M,-0.63%
02/28/2024,31.9,31.9,31.95,31.7,4.59M,-0.16%
02/27/2024,31.95,31.8,31.95,31.65,5.69M,0.47%
02/26/2024,31.8,31.85,32.0,31.7,7.50M,-0.47%
02/25/2024,31.95,32.0,32.1,31.85,3.97M,-0.16%
02/21/2024,32.0,31.6,32.15,31.55,19.60M,1.11%
02/20/2024,31.65,31.95,32.0,31.55,10.78M,-0.94%
02/19/2024,31.95,31.9,32.0,31.8,12.04M,0.00%
02/18/2024,31.95,31.9,32.1,31.85,8.74M,0.00%
02/15/2024,31.95,31.95,32.3,31.8,22.24M,0.00%
02/14/2024,31.95,31.75,32.15,31.6,22.82M,0.63%
02/13/2024,31.75,30.95,31.8,30.95,32.89M,2.75%
02/12/2024,30.9,30.45,31.0,30.35,12.17M,1.48%
02/11/2024,30.45,30.7,30.9,30.35,12.83M,-0.81%
02/08/2024,30.7,31.05,31.05,30.7,16.42M,-1.13%
02/07/2024,31.05,31.3,31.3,30.9,11.74M,-0.96%
02/06/2024,31.35,30.8,31.35,30.7,17.21M,1.79%
02/05/2024,30.8,31.0,31.0,30.6,12.87M,-0.48%
02/04/2024,30.95,31.0,31.0,30.85,8.31M,-0.16%
02/01/2024,31.0,30.6,31.0,30.55,18.08M,1.31%
01/31/2024,30.6,31.3,31.35,30.6,20.68M,-2.24%
01/30/2024,31.3,31.3,31.5,31.25,13.73M,0.16%
01/29/2024,31.25,31.4,31.55,31.15,18.65M,-0.48%
01/28/2024,31.4,31.65,31.7,31.35,12.65M,-0.48%
01/25/2024,31.55,31.7,31.85,31.5,16.87M,-0.47%
01/24/2024,31.7,31.65,31.9,31.55,13.88M,0.16%
01/23/2024,31.65,31.7,31.8,31.45,15.68M,0.00%
01/22/2024,31.65,32.0,32.05,31.55,25.60M,-1.09%
01/21/2024,32.0,32.05,32.25,31.9,11.12M,0.31%
01/18/2024,31.9,31.85,32.15,31.65,19.20M,0.47%
01/17/2024,31.75,32.1,32.1,31.75,25.24M,-0.63%
01/16/2024,31.95,32.4,32.6,31.9,29.23M,-1.39%
01/15/2024,32.4,32.85,32.9,32.4,22.40M,-1.37%
01/14/2024,32.85,32.85,33.0,32.8,6.18M,0.00%
01/11/2024,32.85,32.9,33.05,32.8,13.87M,-0.15%
01/10/2024,32.9,33.25,33.3,32.9,21.20M,-1.05%
01/09/2024,33.25,33.45,33.75,33.2,26.82M,-0.60%
01/08/2024,33.45,33.25,33.65,33.2,24.26M,0.60%
01/07/2024,33.25,33.0,33.35,33.0,16.72M,0.61%
01/04/2024,33.05,33.0,33.15,32.9,15.27M,0.30%
01/03/2024,32.95,33.05,33.1,32.9,16.76M,-0.30%
01/02/2024,33.05,33.05,33.25,32.95,23.62M,0.00%
01/01/2024,33.05,33.0,33.15,32.9,12.12M,0.15%
12/31/2023,33.0,33.05,33.1,32.9,10.78M,-0.15%
12/28/2023,33.05,33.15,33.25,32.95,12.72M,-0.30%
12/27/2023,33.15,33.1,33.25,33.0,14.82M,0.30%
12/26/2023,33.05,33.05,33.1,32.9,14.60M,-0.15%
12/25/2023,33.1,33.0,33.1,32.85,15.87M,0.30%
12/24/2023,33.0,32.95,33.1,32.85,12.17M,0.00%
12/21/2023,33.0,33.0,33.1,32.8,11.24M,-0.30%
12/20/2023,33.1,33.0,33.25,32.95,13.32M,0.15%
12/19/2023,33.05,33.0,33.25,32.95,19.48M,-0.15%
12/18/2023,33.1,32.85,33.1,32.8,16.43M,0.61%
12/17/2023,32.9,32.9,33.05,32.75,11.33M,0.00%
12/14/2023,32.9,32.8,33.0,32.7,20.31M,0.30%
12/13/2023,32.8,32.95,32.95,32.7,12.67M,-0.46%
12/12/2023,32.95,33.0,33.05,32.8,10.07M,-0.30%
12/11/2023,33.05,33.0,33.1,32.8,13.79M,0.30%
12/10/2023,32.95,33.0,33.2,32.9,9.73M,-0.30%
12/07/2023,33.05,32.95,33.15,32.85,10.54M,0.15%
12/06/2023,33.0,33.05,33.2,32.95,10.20M,-0.15%
12/05/2023,33.05,33.2,33.25,32.95,13.33M,-0.45%
12/04/2023,33.2,33.25,33.3,33.15,10.70M,-0.45%
12/03/2023,33.35,33.25,33.35,33.15,9.16M,0.45%
11/30/2023,33.2,33.25,33.4,33.15,19.72M,-0.30%
11/29/2023,33.3,33.3,33.35,33.15,7.98M,0.15%
11/28/2023,33.25,33.25,33.35,33.1,12.47M,0.00%
11/27/2023,33.25,33.35,33.4,33.2,12.50M,-0.45%
11/26/2023,33.4,33.35,33.45,33.25,8.78M,0.00%
11/23/2023,33.4,33.35,33.5,33.25,10.48M,-0.15%
11/22/2023,33.45,33.4,33.5,33.25,9.99M,0.00%
11/21/2023,33.45,33.45,33.55,33.25,17.93M,0.00%
11/20/2023,33.45,33.7,33.7,33.45,14.50M,-0.89%
11/19/2023,33.75,33.6,33.8,33.5,9.20M,0.30%
11/16/2023,33.65,33.4,33.8,33.35,16.04M,0.45%
11/15/2023,33.5,33.4,33.55,33.25,15.13M,-1.03%
11/14/2023,33.85,33.7,33.9,33.6,12.19M,0.45%
11/13/2023,33.7,33.55,33.7,33.45,11.79M,0.45%
11/12/2023,33.55,33.5,33.85,33.45,14.94M,0.15%
11/09/2023,33.5,33.45,33.65,33.35,10.62M,-0.15%
11/08/2023,33.55,33.5,33.6,33.35,12.09M,-0.15%
11/07/2023,33.6,33.55,33.75,33.4,16.02M,0.45%
11/06/2023,33.45,33.25,33.45,33.15,12.77M,0.45%
11/05/2023,33.3,33.1,33.45,33.1,11.19M,0.45%
11/02/2023,33.15,33.1,33.45,33.05,13.97M,0.00%
11/01/2023,33.15,33.25,33.4,32.95,13.99M,-0.45%
10/31/2023,33.3,32.95,33.45,32.85,18.42M,1.06%
10/30/2023,32.95,32.95,33.2,32.85,10.94M,0.00%
10/29/2023,32.95,33.1,33.1,32.85,10.22M,-0.75%
10/26/2023,33.2,33.0,33.3,32.75,15.72M,0.45%
10/25/2023,33.05,33.2,33.25,32.8,14.16M,-0.45%
10/24/2023,33.2,33.25,33.4,33.05,8.03M,-0.15%
10/23/2023,33.25,33.3,33.45,33.15,10.77M,-0.30%
10/22/2023,33.35,33.4,33.55,33.25,9.07M,-0.45%
10/19/2023,33.5,33.35,33.6,33.3,10.47M,0.30%
10/18/2023,33.4,33.4,33.7,33.35,10.89M,-0.15%
10/17/2023,33.45,33.4,33.65,33.35,12.07M,0.15%
10/16/2023,33.4,33.3,33.5,33.2,13.36M,0.15%
10/15/2023,33.35,33.55,33.75,33.3,21.88M,-1.04%
10/12/2023,33.7,33.5,33.75,33.2,11.43M,0.45%
10/11/2023,33.55,34.0,34.0,33.45,8.18M,-1.32%
10/10/2023,34.0,33.6,34.05,33.45,14.81M,1.19%
10/09/2023,33.6,33.55,33.65,33.25,13.50M,0.15%
10/08/2023,33.55,33.4,33.55,33.15,7.56M,0.30%
10/05/2023,33.45,33.75,33.75,33.45,11.87M,-1.04%
10/04/2023,33.8,34.0,34.05,33.65,10.98M,-0.73%
10/03/2023,34.05,34.2,34.3,34.0,19.66M,-0.73%
10/02/2023,34.3,34.65,34.75,34.15,14.14M,-1.15%
10/01/2023,34.7,34.95,35.0,34.6,11.45M,-0.86%
09/28/2023,35.0,34.85,35.15,34.8,36.86M,0.43%
09/27/2023,34.85,34.15,34.85,34.0,20.02M,1.75%
09/26/2023,34.25,33.9,34.4,33.75,17.43M,0.88%
09/25/2023,33.95,34.05,34.3,33.75,16.11M,-0.44%
09/21/2023,34.1,34.25,34.35,33.85,15.36M,-0.58%
09/20/2023,34.3,34.25,34.5,34.1,19.41M,0.00%
09/19/2023,34.3,34.0,34.4,34.0,22.74M,0.29%
09/18/2023,34.2,34.1,34.2,33.8,16.28M,0.29%
09/17/2023,34.1,33.95,34.3,33.85,13.06M,0.44%
09/14/2023,33.95,33.5,33.95,33.5,22.21M,1.49%
09/13/2023,33.45,33.25,33.75,33.2,18.22M,0.45%
09/12/2023,33.3,33.6,33.75,33.25,11.04M,-1.48%
09/11/2023,33.8,33.75,33.8,33.25,13.53M,-0.44%
09/10/2023,33.95,34.15,34.15,33.75,9.85M,-0.59%
09/07/2023,34.15,34.0,34.4,33.85,14.19M,0.44%
09/06/2023,34.0,34.1,34.25,33.95,14.11M,-0.29%
09/05/2023,34.1,34.25,34.3,33.95,15.70M,-0.58%
09/04/2023,34.3,34.4,34.4,34.05,13.71M,-0.44%
09/03/2023,34.45,34.6,34.7,34.25,12.03M,-1.29%
08/31/2023,34.9,34.7,34.9,34.35,20.89M,0.14%
08/30/2023,34.85,34.15,34.9,33.95,16.92M,2.20%
08/29/2023,34.1,34.5,34.55,34.05,15.51M,-1.30%
08/28/2023,34.55,34.75,35.15,34.45,20.13M,-0.72%
08/27/2023,34.8,34.65,35.05,34.6,18.77M,0.43%
08/24/2023,34.65,34.45,34.95,34.3,14.28M,0.43%
08/23/2023,34.5,34.35,34.8,34.2,13.39M,0.29%
08/22/2023,34.4,34.3,34.6,34.25,18.22M,-0.15%
08/21/2023,34.45,34.95,34.95,34.25,18.65M,-1.57%
08/20/2023,35.0,35.05,35.1,34.55,15.24M,-0.14%
08/17/2023,35.05,34.45,35.1,34.25,26.81M,1.74%
08/16/2023,34.45,34.35,34.85,34.1,19.53M,0.15%
08/15/2023,34.4,34.45,34.65,34.05,16.29M,-0.58%
08/14/2023,34.6,34.5,34.7,34.25,16.98M,0.14%
08/13/2023,34.55,34.0,34.55,34.0,15.76M,1.62%
08/10/2023,34.0,33.2,34.15,33.2,29.09M,2.56%
08/09/2023,33.15,33.1,33.6,33.0,14.72M,0.30%
08/08/2023,33.05,32.75,33.6,32.7,26.55M,1.23%
08/07/2023,32.65,32.4,33.0,32.25,28.35M,1.08%
08/06/2023,32.3,32.25,32.4,32.2,7.19M,0.16%
08/03/2023,32.25,32.15,32.5,32.15,10.51M,0.00%
08/02/2023,32.25,32.3,32.35,32.1,6.33M,0.00%
08/01/2023,32.25,32.4,32.5,32.15,7.68M,-0.46%
07/31/2023,32.4,32.3,32.4,32.1,9.78M,0.31%
07/30/2023,32.3,32.3,32.5,32.2,5.88M,0.00%
07/27/2023,32.3,32.4,32.55,32.2,25.15M,-0.31%
07/26/2023,32.4,32.3,32.6,32.2,10.96M,0.15%
07/25/2023,32.35,32.3,32.4,32.2,7.10M,0.31%
07/24/2023,32.25,32.3,32.35,32.15,8.93M,-0.31%
07/23/2023,32.35,32.2,32.4,32.05,7.56M,0.15%
07/20/2023,32.3,32.25,32.3,32.0,7.59M,0.00%
07/19/2023,32.3,32.15,32.3,32.0,7.72M,0.00%
07/18/2023,32.3,32.25,32.3,32.1,5.94M,0.00%
07/17/2023,32.3,32.1,32.35,32.0,21.49M,0.47%
07/16/2023,32.15,32.15,32.2,32.0,5.29M,0.00%
07/13/2023,32.15,32.25,32.3,32.15,4.60M,-0.16%
07/12/2023,32.2,32.2,32.35,32.15,4.52M,0.31%
07/11/2023,32.1,32.15,32.25,32.1,5.61M,-0.16%
07/10/2023,32.15,32.2,32.3,32.15,4.01M,-0.46%
07/09/2023,32.3,32.3,32.35,32.25,3.05M,0.00%
07/06/2023,32.3,32.3,32.35,32.2,3.44M,-0.15%
07/05/2023,32.35,32.3,32.4,32.25,5.35M,0.15%
07/04/2023,32.3,32.3,32.35,32.2,3.38M,0.00%
07/03/2023,32.3,32.3,32.3,32.15,6.09M,0.31%
07/02/2023,32.2,32.2,32.3,32.1,3.04M,-0.16%
06/22/2023,32.25,32.2,32.35,32.1,4.89M,0.16%
06/21/2023,32.2,32.1,32.3,32.05,3.19M,0.16%
06/20/2023,32.15,32.05,32.15,32.0,5.10M,0.16%
06/19/2023,32.1,32.2,32.3,32.05,4.86M,-0.62%
06/18/2023,32.3,32.5,32.6,32.2,3.02M,-0.62%
06/15/2023,32.5,32.55,32.8,32.4,8.20M,-0.46%
06/14/2023,32.65,32.2,32.65,32.2,4.81M,1.40%
06/13/2023,32.2,32.25,32.4,32.1,3.24M,-0.31%
06/12/2023,32.3,32.35,32.35,32.1,2.92M,-0.15%
06/11/2023,32.35,32.35,32.4,32.3,1.69M,-0.31%
06/08/2023,32.45,32.3,32.5,32.25,3.18M,0.15%
06/07/2023,32.4,32.5,32.5,32.3,3.45M,-0.46%
06/06/2023,32.55,32.6,32.6,32.25,3.74M,-0.15%
06/05/2023,32.6,32.2,33.0,32.2,8.77M,1.24%
06/04/2023,32.2,32.0,32.25,31.9,3.72M,1.74%
06/01/2023,31.65,31.7,31.85,31.65,3.86M,0.48%
05/31/2023,31.5,31.85,31.9,31.5,9.48M,-1.10%
05/30/2023,31.85,31.8,31.95,31.8,3.11M,0.31%
05/29/2023,31.75,31.95,32.0,31.7,5.57M,-0.63%
05/28/2023,31.95,31.95,32.05,31.95,2.77M,0.16%
05/25/2023,31.9,32.0,32.0,31.9,3.80M,-0.31%
05/24/2023,32.0,32.05,32.15,31.9,4.70M,-0.31%
05/23/2023,32.1,32.25,32.35,32.0,5.21M,-0.47%
05/22/2023,32.25,32.35,32.4,32.2,2.86M,-0.46%
05/21/2023,32.4,32.4,32.45,32.25,2.53M,0.00%
05/18/2023,32.4,32.25,32.4,32.15,3.71M,0.93%
05/17/2023,32.1,32.2,32.3,31.9,8.16M,-0.93%
05/16/2023,32.4,33.35,33.45,31.55,14.18M,-2.11%
05/15/2023,33.1,33.7,34.0,33.1,12.23M,-1.78%
05/14/2023,33.7,33.65,33.7,33.5,6.02M,0.15%
05/11/2023,33.65,33.35,33.7,33.05,13.50M,0.30%
05/10/2023,33.55,33.7,33.7,33.4,5.64M,-0.15%
05/09/2023,33.6,34.9,34.9,33.45,20.41M,3.24%
05/08/2023,32.55,32.5,32.73,32.27,8.55M,0.14%
05/07/2023,32.5,32.0,32.68,32.0,5.84M,2.00%
05/04/2023,31.86,31.73,31.91,31.5,5.58M,-0.14%
05/03/2023,31.91,32.0,32.09,31.59,7.74M,-0.99%
05/02/2023,32.23,32.73,32.77,32.05,6.85M,-1.66%
05/01/2023,32.77,33.0,33.14,32.73,6.24M,-0.69%
04/30/2023,33.0,32.77,33.18,32.77,5.52M,0.83%
04/27/2023,32.73,32.32,32.86,32.32,11.57M,0.00%
04/26/2023,32.73,32.73,32.86,32.27,12.27M,0.00%
04/25/2023,32.73,31.55,32.73,31.5,14.34M,3.90%
04/17/2023,31.5,30.09,31.59,30.09,13.91M,4.68%
04/16/2023,30.09,29.91,30.23,29.82,6.30M,0.76%
04/13/2023,29.86,29.73,29.86,29.68,3.46M,0.46%
04/12/2023,29.73,29.5,29.73,29.45,3.84M,0.77%
04/11/2023,29.5,29.59,29.64,29.32,4.67M,-0.46%
04/10/2023,29.64,29.73,29.77,29.59,2.58M,-0.31%
04/09/2023,29.73,29.59,29.82,29.59,3.83M,0.15%
04/06/2023,29.68,29.55,29.73,29.5,4.12M,0.46%
04/05/2023,29.55,29.86,29.91,29.45,5.45M,-0.91%
04/04/2023,29.82,29.68,30.05,29.68,6.98M,0.77%
04/03/2023,29.59,29.55,29.73,29.45,9.91M,0.62%
04/02/2023,29.41,29.36,29.5,29.36,4.25M,0.15%
03/30/2023,29.36,29.41,29.45,29.27,3.25M,-0.31%
03/29/2023,29.45,29.32,29.45,29.18,2.89M,0.31%
03/28/2023,29.36,29.23,29.41,29.14,4.04M,0.62%
03/27/2023,29.18,29.18,29.45,29.14,5.83M,-0.16%
03/26/2023,29.23,29.23,29.36,29.09,1.46M,0.00%
03/23/2023,29.23,28.82,29.23,28.73,3.76M,1.42%
03/22/2023,28.82,28.68,29.18,28.68,5.42M,0.48%
03/21/2023,28.68,28.45,28.82,28.41,6.45M,1.45%
03/20/2023,28.27,28.18,28.41,28.18,4.77M,0.00%
03/19/2023,28.27,28.18,28.32,28.09,3.55M,0.48%
03/16/2023,28.14,28.64,28.68,28.14,10.16M,-1.90%
03/15/2023,28.68,29.23,29.36,28.68,7.02M,-2.92%
03/14/2023,29.55,29.95,30.0,29.45,9.26M,-1.37%
03/13/2023,29.95,30.0,30.09,29.82,11.24M,0.46%
03/12/2023,29.82,29.82,30.0,29.68,8.08M,0.00%
03/09/2023,29.82,29.41,29.86,29.32,4.61M,1.23%
03/08/2023,29.45,29.18,29.45,28.95,4.33M,0.15%
03/07/2023,29.41,29.0,29.41,28.95,5.05M,1.25%
03/06/2023,29.05,29.09,29.14,28.91,2.38M,-0.16%
03/05/2023,29.09,28.91,29.27,28.91,2.15M,0.79%
03/02/2023,28.86,28.86,29.09,28.86,2.80M,0.63%
03/01/2023,28.68,28.91,28.91,28.64,2.55M,-0.79%
02/28/2023,28.91,28.23,28.91,28.09,6.59M,2.58%
02/27/2023,28.18,28.59,28.68,28.09,7.22M,-1.27%
02/26/2023,28.55,28.91,29.09,28.55,3.28M,-1.26%
02/23/2023,28.91,29.41,29.41,28.91,4.51M,-1.85%
02/21/2023,29.45,29.55,29.59,29.32,3.05M,-0.31%
02/20/2023,29.55,29.82,29.82,29.55,1.85M,-0.91%
02/19/2023,29.82,30.0,30.05,29.73,1.94M,-0.76%
02/16/2023,30.05,30.18,30.27,30.05,2.92M,-0.45%
02/15/2023,30.18,29.68,30.18,29.64,5.76M,0.76%
02/14/2023,29.95,30.0,30.09,29.82,5.14M,-0.15%
02/13/2023,30.0,29.45,30.09,29.41,8.52M,1.69%
02/12/2023,29.5,29.41,29.59,29.36,2.94M,0.15%
02/09/2023,29.45,29.55,29.55,29.27,6.59M,-0.31%
02/08/2023,29.55,29.18,29.55,29.14,4.28M,1.25%
02/07/2023,29.18,29.5,29.5,29.05,7.44M,0.31%
02/06/2023,29.09,29.09,29.14,28.77,4.82M,-0.31%
02/05/2023,29.18,29.59,29.59,29.05,3.29M,-1.53%
02/02/2023,29.64,29.77,29.86,29.5,4.65M,-0.91%
02/01/2023,29.91,29.77,29.91,29.68,2.48M,-0.15%
01/31/2023,29.95,30.0,30.0,29.73,5.41M,-0.15%
01/30/2023,30.0,30.0,30.09,29.82,6.39M,0.00%
01/29/2023,30.0,29.82,30.05,29.82,3.78M,0.30%
01/26/2023,29.91,30.09,30.14,29.91,4.47M,-0.60%
01/25/2023,30.09,30.18,30.18,29.09,7.67M,-0.30%
01/24/2023,30.18,30.0,30.23,29.95,5.81M,0.61%
01/23/2023,30.0,29.5,30.0,29.5,7.01M,1.69%
01/22/2023,29.5,29.32,29.59,29.32,5.92M,0.78%
01/19/2023,29.27,29.09,29.36,29.0,5.01M,0.16%
01/18/2023,29.23,29.09,29.36,29.09,5.17M,0.16%
01/17/2023,29.18,29.05,29.18,28.91,3.07M,0.16%
01/16/2023,29.14,29.14,29.18,29.0,2.87M,-0.16%
01/15/2023,29.18,29.23,29.32,29.14,2.91M,-0.16%
01/12/2023,29.23,28.91,29.23,28.86,5.22M,0.94%
01/11/2023,28.95,28.95,28.95,28.77,2.90M,0.00%
01/10/2023,28.95,28.86,28.95,28.77,4.77M,0.47%
01/09/2023,28.82,28.64,28.95,28.64,4.19M,0.63%
01/08/2023,28.64,28.68,28.68,28.55,2.07M,-0.16%
01/05/2023,28.68,28.82,28.82,28.36,4.80M,-0.47%
01/04/2023,28.82,29.18,29.23,28.68,4.62M,-1.55%
01/03/2023,29.27,29.27,29.32,29.18,4.77M,0.16%
01/02/2023,29.23,29.55,29.55,29.23,4.69M,-0.77%
01/01/2023,29.45,29.23,29.45,29.18,1.57M,0.93%
12/29/2022,29.18,29.27,29.27,29.05,5.74M,-0.31%
12/28/2022,29.27,29.09,29.27,28.95,3.98M,0.62%
12/27/2022,29.09,28.55,29.27,28.55,5.55M,1.91%
12/26/2022,28.55,28.59,28.68,28.5,2.19M,0.00%
12/25/2022,28.55,28.36,28.59,28.27,3.25M,0.96%
12/22/2022,28.27,28.18,28.36,28.14,2.69M,0.32%
12/21/2022,28.18,28.18,28.23,28.0,2.57M,0.00%
12/20/2022,28.18,28.14,28.18,27.73,4.60M,0.16%
12/19/2022,28.14,28.14,28.14,27.77,4.84M,0.32%
12/18/2022,28.05,28.23,28.27,28.0,3.07M,-0.64%
12/15/2022,28.23,28.18,28.23,28.0,36.53M,0.32%
12/14/2022,28.14,28.18,28.45,27.95,4.91M,0.98%
12/13/2022,27.86,27.64,28.41,27.59,8.45M,1.32%
12/12/2022,27.5,28.05,28.14,27.27,9.25M,-1.94%
12/11/2022,28.05,28.55,28.68,27.91,5.78M,-1.75%
12/08/2022,28.55,29.09,29.14,28.23,9.05M,-1.10%
12/07/2022,28.86,29.27,29.36,28.86,5.97M,-1.24%
12/06/2022,29.23,29.36,29.59,29.09,6.62M,-0.46%
12/05/2022,29.36,30.0,30.05,29.36,5.51M,-2.12%
12/04/2022,30.0,30.09,30.18,29.82,3.20M,-0.30%
12/01/2022,30.09,30.45,30.55,30.05,3.92M,-1.19%
11/30/2022,30.45,30.14,30.45,29.95,10.12M,0.90%
11/29/2022,30.18,29.64,30.18,29.59,6.47M,3.11%
11/28/2022,29.27,29.86,29.91,29.27,6.95M,-2.57%
11/27/2022,30.05,30.18,30.18,30.0,2.28M,-0.45%
11/24/2022,30.18,30.36,30.36,30.0,3.34M,-0.60%
11/22/2022,30.36,30.09,30.5,29.91,3.74M,0.91%
11/21/2022,30.09,30.59,30.59,30.0,4.23M,-1.63%
11/20/2022,30.59,30.68,30.68,30.45,2.45M,-0.15%
11/17/2022,30.64,30.73,30.82,30.45,4.81M,0.00%
11/16/2022,30.64,30.14,30.64,29.77,7.38M,1.66%
11/15/2022,30.14,30.68,30.73,29.95,9.08M,-1.78%
11/14/2022,30.68,31.18,31.18,30.68,12.01M,-1.89%
11/13/2022,31.27,31.27,31.5,31.09,3.37M,0.58%
11/10/2022,31.09,31.0,31.14,30.91,4.27M,-0.29%
11/09/2022,31.18,31.45,31.45,31.14,3.75M,-1.72%
11/08/2022,31.73,31.68,31.73,31.5,4.60M,-0.14%
11/07/2022,31.77,31.64,31.77,31.41,8.50M,0.29%
11/06/2022,31.68,31.5,31.82,31.41,5.99M,1.60%
11/03/2022,31.18,31.18,31.32,30.91,7.64M,-0.29%
11/02/2022,31.27,31.68,31.95,31.14,12.14M,-1.29%
11/01/2022,31.68,31.82,32.0,31.41,5.75M,-0.14%
10/31/2022,31.73,31.82,31.82,31.41,5.51M,0.43%
10/30/2022,31.59,31.95,31.95,31.55,3.10M,0.14%
10/27/2022,31.55,31.91,32.36,31.55,15.14M,-1.14%
10/26/2022,31.91,32.64,32.64,31.73,6.90M,-1.82%
10/25/2022,32.5,33.18,33.23,32.36,4.85M,-2.05%
10/24/2022,33.18,33.0,33.18,32.82,5.64M,0.00%
10/23/2022,33.18,32.82,33.41,32.82,4.82M,1.25%
10/20/2022,32.77,32.5,32.77,32.45,7.21M,0.84%
10/19/2022,32.5,32.27,32.55,32.18,5.04M,0.42%
10/18/2022,32.36,32.09,32.36,32.09,4.68M,1.14%
10/17/2022,32.0,31.82,32.18,31.73,9.78M,0.57%
10/16/2022,31.82,32.09,32.18,31.55,2.92M,-1.13%
10/13/2022,32.18,32.36,32.41,32.18,2.20M,-0.84%
10/12/2022,32.45,32.45,32.5,32.23,2.69M,0.00%
10/11/2022,32.45,32.5,32.5,32.23,3.32M,-0.14%
10/10/2022,32.5,32.73,32.82,32.5,2.80M,-0.69%
10/09/2022,32.73,32.73,32.91,32.64,3.53M,0.00%
10/06/2022,32.73,32.91,32.91,32.68,4.51M,0.14%
10/05/2022,32.68,32.77,33.05,32.5,6.50M,-0.14%
10/04/2022,32.73,32.77,32.86,32.59,6.01M,0.70%
10/03/2022,32.5,32.55,33.0,32.36,7.25M,0.00%
10/02/2022,32.5,32.55,32.59,32.09,3.10M,-0.28%
09/29/2022,32.59,32.14,32.59,32.09,5.39M,2.72%
09/28/2022,31.73,31.55,32.14,31.27,7.24M,1.31%
09/27/2022,31.32,31.05,31.5,30.91,8.79M,1.17%
09/26/2022,30.95,31.82,31.86,30.95,11.10M,-2.85%
09/25/2022,31.86,32.45,32.45,31.82,7.39M,-2.64%
09/21/2022,32.73,32.95,32.95,32.73,4.14M,-0.55%
09/20/2022,32.91,32.82,33.0,32.82,3.31M,0.56%
09/19/2022,32.73,32.95,33.09,32.73,4.95M,-0.69%
09/18/2022,32.95,33.27,33.41,32.77,4.28M,-0.68%
09/15/2022,33.18,33.68,34.18,33.18,10.85M,-1.35%
09/14/2022,33.64,33.73,33.95,33.45,4.25M,-0.54%
09/13/2022,33.82,33.86,34.0,33.82,4.48M,-0.13%
09/12/2022,33.86,33.86,34.05,33.68,4.50M,0.40%
09/11/2022,33.73,33.55,34.0,33.55,3.83M,1.50%
09/08/2022,33.23,33.59,33.68,33.23,5.27M,-0.95%
09/07/2022,33.55,33.82,34.0,33.55,4.86M,-0.67%
09/06/2022,33.77,34.09,34.41,33.77,6.50M,-0.93%
09/05/2022,34.09,34.23,34.36,34.09,4.55M,-0.40%
09/04/2022,34.23,33.73,34.23,33.59,3.12M,1.48%
09/01/2022,33.73,34.09,34.18,33.5,9.36M,-1.07%
08/31/2022,34.09,34.68,34.82,34.09,9.71M,-1.70%
08/30/2022,34.68,35.32,35.41,34.68,8.70M,-0.78%
08/29/2022,34.95,35.18,35.41,34.91,4.86M,-0.65%
08/28/2022,35.18,35.55,35.77,35.14,3.87M,-1.65%
08/25/2022,35.77,35.82,35.82,35.5,2.55M,0.51%
08/24/2022,35.59,34.95,35.73,34.91,3.93M,1.95%
08/23/2022,34.91,35.09,35.36,34.91,2.63M,-0.90%
08/22/2022,35.23,35.45,35.45,35.09,4.26M,-1.15%
08/21/2022,35.64,35.91,35.95,35.55,2.57M,-0.76%
08/18/2022,35.91,36.14,36.27,35.91,3.53M,-0.75%
08/17/2022,36.18,36.18,36.23,35.86,4.42M,0.00%
08/16/2022,36.18,36.68,36.68,36.18,5.86M,-1.61%
08/15/2022,36.77,36.73,36.77,36.23,5.54M,0.00%
08/14/2022,36.77,37.09,37.36,36.64,8.74M,-0.86%
08/11/2022,37.09,36.27,37.09,36.27,10.22M,2.38%
08/10/2022,36.23,36.18,36.41,35.95,5.88M,0.13%
08/09/2022,36.18,35.73,36.23,35.55,8.99M,1.27%
08/08/2022,35.73,35.73,35.95,35.59,3.26M,0.13%
08/07/2022,35.68,36.0,36.0,35.64,2.10M,-1.13%
08/04/2022,36.09,36.09,36.23,36.0,3.23M,-0.38%
08/03/2022,36.23,36.14,36.23,35.91,3.22M,0.00%
08/02/2022,36.23,36.36,36.41,35.64,7.01M,-0.50%
08/01/2022,36.41,36.14,36.45,36.09,9.91M,0.75%
07/31/2022,36.14,36.09,36.41,36.09,6.18M,0.13%
07/28/2022,36.09,36.32,36.41,36.09,12.24M,-0.13%
07/27/2022,36.14,35.45,36.23,35.23,8.45M,2.45%
07/26/2022,35.27,35.18,35.32,34.95,3.05M,0.52%
07/25/2022,35.09,35.0,35.36,34.95,4.00M,-0.26%
07/24/2022,35.18,35.0,35.27,34.77,2.07M,0.13%
07/21/2022,35.14,35.41,35.41,35.09,3.33M,-0.64%
07/20/2022,35.36,35.18,35.45,35.05,3.76M,0.39%
07/19/2022,35.23,35.0,35.45,34.64,4.88M,0.65%
07/18/2022,35.0,33.64,35.0,33.64,6.49M,4.19%
07/17/2022,33.59,33.27,33.77,33.09,3.41M,1.93%
07/14/2022,32.95,33.36,33.55,32.82,4.95M,-1.09%
07/13/2022,33.32,34.09,34.18,33.32,10.02M,-3.43%
07/06/2022,34.5,34.5,34.59,34.27,6.13M,-0.91%
07/05/2022,34.82,34.68,34.91,34.55,2.64M,0.39%
07/04/2022,34.68,35.0,35.0,34.45,3.96M,-1.29%
07/03/2022,35.14,35.32,35.41,34.86,1.76M,-0.39%
06/30/2022,35.27,35.64,35.64,35.23,8.45M,-1.02%
06/29/2022,35.64,35.27,36.0,35.0,6.25M,0.90%
06/28/2022,35.32,34.23,35.32,34.23,6.14M,3.32%
06/27/2022,34.18,34.36,34.36,34.09,3.37M,-0.13%
06/26/2022,34.23,34.14,34.41,34.14,3.27M,1.21%
06/23/2022,33.82,33.86,34.18,33.73,5.08M,0.00%
06/22/2022,33.82,34.18,34.18,33.64,4.76M,-0.80%
06/21/2022,34.09,33.73,34.36,33.68,6.09M,1.63%
06/20/2022,33.55,33.55,34.0,33.23,8.65M,-0.14%
06/19/2022,33.59,34.59,34.64,33.59,9.26M,-4.03%
06/16/2022,35.0,34.95,35.41,34.95,9.29M,0.13%
06/15/2022,34.95,35.45,35.64,34.91,6.34M,-1.54%
06/14/2022,35.5,35.82,36.0,35.09,6.51M,-0.89%
06/13/2022,35.82,35.45,36.0,34.82,10.68M,0.51%
06/12/2022,35.64,36.45,36.45,35.59,8.04M,-2.97%
06/09/2022,36.73,36.95,37.09,36.5,5.78M,-0.49%
06/08/2022,36.91,36.86,37.14,36.73,2.83M,0.25%
06/07/2022,36.82,37.27,37.32,36.82,3.74M,-1.22%
06/06/2022,37.27,37.0,37.32,37.0,5.44M,0.86%
06/05/2022,36.95,36.64,37.05,36.64,4.63M,1.12%
06/02/2022,36.55,37.27,37.27,36.55,6.81M,-2.07%
06/01/2022,37.32,38.05,38.05,37.32,5.93M,-2.03%
05/31/2022,38.09,38.0,38.18,37.5,35.95M,1.09%
05/30/2022,37.68,37.59,37.95,37.45,11.72M,0.24%
05/29/2022,37.59,37.36,37.73,37.36,8.21M,1.60%
05/26/2022,37.0,37.36,37.68,36.77,8.02M,-0.73%
05/25/2022,37.27,36.55,37.5,36.55,8.71M,2.12%
05/24/2022,36.5,35.86,36.55,35.55,12.55M,1.65%
05/23/2022,35.91,35.77,35.91,35.41,7.21M,0.77%
05/22/2022,35.64,36.36,36.45,35.27,8.82M,-1.38%
05/19/2022,36.14,36.41,36.59,35.91,13.33M,-2.33%
05/18/2022,37.0,37.5,37.82,36.82,15.00M,-1.21%
05/17/2022,37.45,38.64,38.64,36.86,18.75M,-3.06%
05/16/2022,38.64,38.45,39.41,38.36,18.34M,0.35%
05/15/2022,38.5,38.18,39.0,37.05,18.05M,4.22%
05/12/2022,36.94,37.6,37.6,36.28,16.99M,-1.76%
05/11/2022,37.6,37.85,38.14,37.6,8.92M,-0.98%
05/10/2022,37.98,37.98,38.18,37.4,11.57M,0.00%
05/09/2022,37.98,37.89,38.22,37.77,15.43M,0.22%
05/08/2022,37.89,37.02,38.1,36.94,16.87M,2.12%
04/28/2022,37.11,36.98,37.11,36.74,15.92M,1.24%
04/27/2022,36.65,35.83,36.94,35.74,15.69M,2.31%
04/26/2022,35.83,35.54,35.87,35.45,8.64M,1.05%
04/25/2022,35.45,35.5,35.54,35.33,5.49M,-0.23%
04/24/2022,35.54,35.45,35.54,35.33,3.57M,0.00%
04/21/2022,35.54,35.87,35.99,35.45,8.97M,-0.92%
04/20/2022,35.87,35.5,35.87,35.25,17.94M,2.12%
04/19/2022,35.12,35.41,35.5,35.12,6.32M,-0.70%
04/18/2022,35.37,35.29,35.45,35.25,2.44M,0.12%
04/17/2022,35.33,35.45,35.45,35.29,3.13M,-0.58%
04/14/2022,35.54,35.25,35.54,35.04,5.55M,0.82%
04/13/2022,35.25,35.54,35.62,35.17,6.39M,-0.81%
04/12/2022,35.54,35.29,36.07,35.25,12.50M,0.70%
04/11/2022,35.29,35.33,35.54,35.21,5.08M,-0.23%
04/10/2022,35.37,35.45,35.54,35.33,3.57M,-0.12%
04/07/2022,35.41,35.5,35.5,35.25,4.65M,-0.35%
04/06/2022,35.54,35.54,35.62,35.37,7.28M,0.00%
04/05/2022,35.54,35.62,35.66,35.37,5.64M,0.00%
04/04/2022,35.54,35.37,35.62,35.25,7.17M,0.23%
04/03/2022,35.45,35.41,35.62,35.12,7.37M,-0.46%
03/31/2022,35.62,34.46,35.62,34.13,14.25M,3.37%
03/30/2022,34.46,34.63,34.71,34.09,5.10M,-0.49%
03/29/2022,34.63,34.67,34.71,34.5,5.27M,-0.35%
03/28/2022,34.75,34.55,34.83,34.34,8.08M,0.46%
03/27/2022,34.59,35.0,35.12,34.34,12.63M,-1.76%
03/24/2022,35.21,35.33,35.62,35.12,7.90M,0.00%
03/23/2022,35.21,35.41,35.41,34.67,11.63M,-1.15%
03/22/2022,35.62,35.7,35.7,35.17,11.19M,0.34%
03/21/2022,35.5,36.12,36.12,35.29,19.63M,-0.67%
03/20/2022,35.74,35.12,36.28,35.08,27.73M,3.32%
03/17/2022,34.59,33.76,34.59,33.22,27.50M,2.10%
03/16/2022,33.88,32.23,33.88,32.11,23.53M,5.81%
03/15/2022,32.02,32.07,32.4,31.82,14.74M,-1.42%
03/14/2022,32.48,32.89,33.43,32.48,29.16M,-1.64%
03/13/2022,33.02,33.97,34.42,32.98,24.66M,-2.80%
03/10/2022,33.97,35.21,35.41,33.64,45.45M,-5.09%
03/09/2022,35.79,37.11,37.15,35.79,16.87M,-2.90%
03/08/2022,36.86,37.19,37.36,35.79,29.36M,-0.43%
03/07/2022,37.02,37.6,38.02,36.94,36.09M,0.43%
03/06/2022,36.86,37.19,37.31,36.69,29.57M,0.68%
03/03/2022,36.61,35.95,37.19,35.91,38.25M,2.89%
03/02/2022,35.58,34.38,35.66,34.38,47.86M,3.85%
03/01/2022,34.26,34.3,34.5,34.13,15.06M,-0.23%
02/28/2022,34.34,33.88,34.34,33.68,29.78M,1.48%
02/27/2022,33.84,34.17,34.67,33.35,29.88M,-0.97%
02/24/2022,34.17,33.35,34.92,32.85,55.01M,1.97%
02/23/2022,33.51,32.44,33.55,32.23,34.87M,3.30%
02/21/2022,32.44,31.16,33.22,31.16,48.05M,4.11%
02/20/2022,31.16,31.12,31.32,31.07,6.33M,-0.13%
02/17/2022,31.2,31.2,31.32,30.99,11.63M,0.00%
02/16/2022,31.2,30.83,31.2,30.74,10.06M,1.20%
02/15/2022,30.83,30.74,30.99,30.74,6.96M,0.00%
02/14/2022,30.83,30.62,30.83,30.5,5.03M,0.69%
02/13/2022,30.62,30.87,30.99,30.5,7.39M,-0.68%
02/10/2022,30.83,30.58,30.91,30.54,4.02M,0.42%
02/09/2022,30.7,30.79,30.79,30.54,2.93M,-0.29%
02/08/2022,30.79,30.62,31.03,30.62,6.34M,0.56%
02/07/2022,30.62,30.41,30.62,30.25,4.84M,0.69%
02/06/2022,30.41,30.17,30.45,30.17,3.72M,-0.30%
02/03/2022,30.5,30.45,30.58,30.33,2.34M,0.43%
02/02/2022,30.37,30.83,30.99,30.29,6.39M,-1.36%
02/01/2022,30.79,30.95,30.99,30.66,4.69M,-0.26%
01/31/2022,30.87,30.7,30.99,30.7,7.04M,0.55%
01/30/2022,30.7,30.5,30.87,30.5,5.01M,0.66%
01/27/2022,30.5,30.5,30.58,30.5,7.43M,0.00%
01/26/2022,30.5,30.17,30.5,30.17,3.61M,0.83%
01/25/2022,30.25,29.96,30.25,29.83,2.73M,0.83%
01/24/2022,30.0,30.17,30.21,29.92,3.23M,-0.56%
01/23/2022,30.17,30.37,30.37,30.08,2.24M,-0.92%
01/20/2022,30.45,30.33,30.45,30.21,2.84M,0.40%
01/19/2022,30.33,30.37,30.45,30.29,2.37M,-0.26%
01/18/2022,30.41,30.5,30.58,30.37,3.45M,-0.30%
01/17/2022,30.5,30.41,30.58,30.25,5.54M,0.43%
01/16/2022,30.37,30.33,30.66,30.33,4.54M,0.13%
01/13/2022,30.33,30.04,30.37,30.04,8.84M,0.97%
01/12/2022,30.04,29.75,30.04,29.67,9.99M,0.97%
01/11/2022,29.75,29.42,29.75,29.38,5.86M,0.98%
01/10/2022,29.46,29.5,29.55,29.42,3.01M,-0.14%
01/09/2022,29.5,29.34,29.5,29.34,4.15M,0.68%
01/06/2022,29.3,29.42,29.46,29.3,3.84M,-0.85%
01/05/2022,29.55,29.38,29.59,29.38,2.98M,0.44%
01/04/2022,29.42,29.42,29.5,29.38,2.42M,-0.14%
01/03/2022,29.46,29.34,29.59,29.34,3.41M,0.27%
01/02/2022,29.38,29.55,29.55,29.38,2.64M,-0.71%
12/30/2021,29.59,29.09,29.59,29.05,8.08M,1.72%
12/29/2021,29.09,29.34,29.38,29.05,3.16M,-1.12%
12/28/2021,29.42,29.34,29.42,29.3,3.32M,0.55%
12/27/2021,29.26,29.34,29.34,29.21,2.54M,-0.27%
12/26/2021,29.34,29.42,29.5,29.34,1.59M,-0.54%
12/23/2021,29.5,29.21,29.5,29.21,3.34M,0.82%
12/22/2021,29.26,29.26,29.46,29.21,3.63M,-0.14%
12/21/2021,29.3,29.09,29.3,29.01,5.25M,0.58%
12/20/2021,29.13,28.97,29.13,28.84,5.12M,0.55%
12/19/2021,28.97,29.05,29.09,28.93,2.94M,-0.55%
12/16/2021,29.13,28.97,29.17,28.97,9.74M,0.28%
12/15/2021,29.05,28.88,29.05,28.8,4.72M,0.41%
12/14/2021,28.93,28.8,28.93,28.72,3.60M,0.45%
12/13/2021,28.8,28.76,28.93,28.72,5.80M,0.14%
12/12/2021,28.76,28.76,28.8,28.55,4.88M,0.14%
12/09/2021,28.72,29.01,29.05,28.64,12.41M,-0.86%
12/08/2021,28.97,28.97,29.13,28.93,5.99M,0.00%
12/07/2021,28.97,29.17,29.17,28.97,4.28M,0.14%
12/06/2021,28.93,29.13,29.21,28.93,5.57M,-0.55%
12/05/2021,29.09,28.93,29.17,28.93,4.16M,0.73%
12/02/2021,28.88,28.88,28.97,28.72,6.41M,-0.17%
12/01/2021,28.93,28.72,28.93,28.68,5.30M,1.01%
11/30/2021,28.64,28.84,28.88,28.64,13.30M,-0.69%
11/29/2021,28.84,28.88,29.05,28.84,7.02M,0.00%
11/28/2021,28.84,28.93,28.93,28.72,8.48M,-1.97%
11/25/2021,29.42,29.79,30.0,29.42,4.65M,-1.11%
11/24/2021,29.75,29.96,29.96,29.75,3.26M,0.54%
11/23/2021,29.59,29.21,30.0,29.05,7.14M,0.99%
11/22/2021,29.3,29.75,29.88,29.09,6.97M,-1.78%
11/21/2021,29.83,30.25,30.25,29.75,5.65M,-1.91%
11/18/2021,30.41,30.58,30.58,30.25,4.51M,-0.69%
11/17/2021,30.62,30.58,30.66,30.54,2.94M,-0.26%
11/16/2021,30.7,30.74,30.83,30.58,4.44M,-0.29%
11/15/2021,30.79,30.87,30.95,30.79,3.10M,-0.52%
11/14/2021,30.95,30.99,31.03,30.91,1.98M,-0.26%
11/11/2021,31.03,30.87,31.03,30.83,2.83M,0.39%
11/10/2021,30.91,30.83,31.03,30.7,3.34M,0.26%
11/09/2021,30.83,30.99,30.99,30.79,4.22M,-0.52%
11/08/2021,30.99,31.03,31.12,30.95,6.27M,-0.26%
11/07/2021,31.07,31.07,31.12,30.99,3.13M,-0.67%
11/04/2021,31.28,31.03,31.28,30.99,4.07M,0.68%
11/03/2021,31.07,31.28,31.28,31.03,3.85M,-0.80%
11/02/2021,31.32,31.2,31.32,31.12,6.16M,0.38%
11/01/2021,31.2,31.32,31.4,31.2,6.28M,-0.38%
10/31/2021,31.32,31.32,31.65,31.24,10.99M,0.38%
10/28/2021,31.2,31.07,31.24,30.95,10.09M,0.13%
10/27/2021,31.16,30.87,31.4,30.87,14.72M,0.81%
10/26/2021,30.91,30.91,30.99,30.83,9.53M,-0.13%
10/25/2021,30.95,30.83,30.99,30.83,8.93M,0.13%
10/24/2021,30.91,30.95,31.03,30.91,6.35M,-0.13%
10/21/2021,30.95,30.83,31.07,30.79,7.92M,0.52%
10/20/2021,30.79,30.87,30.95,30.66,6.34M,-0.52%
10/19/2021,30.95,30.91,31.07,30.83,6.16M,0.13%
10/18/2021,30.91,30.91,30.91,30.79,5.03M,0.00%
10/17/2021,30.91,30.79,31.03,30.74,9.46M,0.26%
10/14/2021,30.83,30.58,30.87,30.54,8.14M,0.82%
10/13/2021,30.58,30.7,30.74,30.54,5.61M,-0.52%
10/12/2021,30.74,30.58,30.95,30.45,12.26M,0.52%
10/11/2021,30.58,30.54,30.83,30.29,11.25M,0.13%
10/10/2021,30.54,30.79,30.87,30.29,7.60M,-0.52%
10/07/2021,30.7,30.87,31.16,30.58,8.73M,-0.42%
10/06/2021,30.83,30.62,31.4,30.62,36.48M,0.69%
10/05/2021,30.62,30.17,30.74,30.12,24.45M,1.80%
10/04/2021,30.08,29.75,30.33,29.67,15.91M,0.97%
10/03/2021,29.79,29.67,29.79,29.63,5.46M,0.13%
09/30/2021,29.75,29.71,29.83,29.5,10.45M,0.00%
09/29/2021,29.75,29.83,30.12,29.59,16.50M,-0.97%
09/28/2021,30.04,29.05,30.21,28.97,38.12M,3.55%
09/27/2021,29.01,29.01,29.09,28.97,7.50M,0.00%
09/26/2021,29.01,28.93,29.05,28.88,9.64M,0.45%
09/22/2021,28.88,28.84,28.93,28.84,2.95M,0.14%
09/21/2021,28.84,28.84,28.93,28.84,5.48M,-0.31%
09/20/2021,28.93,28.88,28.93,28.84,5.36M,0.00%
09/19/2021,28.93,29.01,29.05,28.84,8.91M,-0.41%
09/16/2021,29.05,29.05,29.13,28.97,12.93M,0.00%
09/15/2021,29.05,28.93,29.05,28.93,9.28M,0.59%
09/14/2021,28.88,28.88,28.97,28.88,4.99M,-0.31%
09/13/2021,28.97,28.88,28.97,28.84,4.59M,0.31%
09/12/2021,28.88,28.93,28.97,28.88,2.74M,0.00%
09/09/2021,28.88,28.93,28.97,28.88,4.81M,-0.45%
09/08/2021,29.01,28.97,29.01,28.93,4.95M,0.00%
09/07/2021,29.01,28.93,29.01,28.93,2.02M,0.00%
09/06/2021,29.01,28.97,29.01,28.93,3.56M,0.00%
09/05/2021,29.01,28.93,29.05,28.93,3.54M,0.00%
09/02/2021,29.01,28.93,29.01,28.88,2.72M,0.28%
09/01/2021,28.93,28.97,29.01,28.93,3.58M,-0.41%
08/31/2021,29.05,28.84,29.05,28.84,9.07M,0.28%
08/30/2021,28.97,28.84,28.97,28.72,5.64M,0.45%
08/29/2021,28.84,28.72,28.88,28.72,2.10M,0.14%
08/26/2021,28.8,28.76,28.8,28.68,1.92M,0.14%
08/25/2021,28.76,28.72,28.8,28.68,2.47M,0.00%
08/24/2021,28.76,28.6,28.76,28.6,3.02M,0.88%
08/23/2021,28.51,28.84,28.88,28.51,5.35M,-1.14%
08/22/2021,28.84,28.88,28.88,28.76,2.52M,-0.14%
08/19/2021,28.88,28.97,29.05,28.76,5.47M,-0.31%
08/18/2021,28.97,29.05,29.13,28.97,4.87M,-0.55%
08/17/2021,29.13,28.93,29.13,28.88,11.53M,0.69%
08/16/2021,28.93,29.01,29.01,28.88,8.31M,-0.96%
08/15/2021,29.21,29.05,29.26,29.05,8.18M,0.41%
08/12/2021,29.09,29.13,29.13,29.05,5.26M,-0.14%
08/11/2021,29.13,29.05,29.13,29.01,7.51M,0.28%
08/10/2021,29.05,29.01,29.09,28.97,5.02M,0.00%
08/09/2021,29.05,29.01,29.09,28.97,5.80M,0.00%
08/08/2021,29.05,28.93,29.13,28.88,8.95M,0.28%
08/05/2021,28.97,28.88,29.01,28.8,4.79M,0.31%
08/04/2021,28.88,28.93,29.01,28.84,5.18M,-0.45%
08/03/2021,29.01,28.88,29.01,28.8,7.03M,0.45%
08/02/2021,28.88,28.72,29.01,28.72,10.85M,0.42%
08/01/2021,28.76,28.76,28.84,28.72,4.46M,-0.14%
07/29/2021,28.8,28.8,28.84,28.68,6.88M,-0.14%
07/28/2021,28.84,28.68,28.84,28.68,3.78M,0.56%
07/27/2021,28.68,28.72,28.76,28.68,4.96M,-0.14%
07/26/2021,28.72,28.84,28.88,28.72,3.21M,-0.42%
07/25/2021,28.84,28.84,28.93,28.76,7.55M,0.00%
07/15/2021,28.84,28.84,28.93,28.76,5.76M,-0.31%
07/14/2021,28.93,28.68,28.93,28.68,5.05M,0.73%
07/13/2021,28.72,28.6,28.84,28.55,5.10M,0.60%
07/12/2021,28.55,28.6,28.72,28.43,6.01M,-0.17%
07/11/2021,28.6,28.8,28.84,28.6,5.07M,-0.69%
07/08/2021,28.8,28.8,28.88,28.76,5.87M,-0.28%
07/07/2021,28.88,28.84,28.93,28.76,7.15M,0.00%
07/06/2021,28.88,28.88,28.93,28.8,4.76M,0.00%
07/05/2021,28.88,28.93,28.97,28.84,5.89M,-0.31%
07/04/2021,28.97,28.93,29.05,28.93,9.17M,0.14%
07/01/2021,28.93,29.01,29.01,28.93,5.99M,-0.28%
06/30/2021,29.01,29.09,29.13,28.93,15.90M,-0.55%
06/29/2021,29.17,29.01,29.17,28.93,8.81M,0.55%
06/28/2021,29.01,29.05,29.05,28.97,6.21M,-0.14%
06/27/2021,29.05,29.09,29.09,29.01,7.72M,0.00%
06/24/2021,29.05,29.09,29.13,29.05,5.89M,-0.14%
06/23/2021,29.09,29.17,29.17,29.09,4.92M,-0.27%
06/22/2021,29.17,29.17,29.21,29.13,9.69M,0.00%
06/21/2021,29.17,29.13,29.21,29.13,4.16M,0.00%
06/20/2021,29.17,29.17,29.21,29.13,4.67M,0.14%
06/17/2021,29.13,29.17,29.26,29.13,14.73M,-0.14%
06/16/2021,29.17,29.17,29.26,29.13,4.41M,0.00%
06/15/2021,29.17,29.17,29.21,29.09,6.12M,0.00%
06/14/2021,29.17,29.21,29.26,29.13,6.64M,-0.31%
06/13/2021,29.26,29.26,29.3,29.17,8.01M,0.00%
06/10/2021,29.26,29.26,29.3,29.17,11.91M,0.00%
06/09/2021,29.26,29.26,29.3,29.21,9.39M,0.00%
06/08/2021,29.26,29.26,29.3,29.17,5.91M,-0.14%
06/07/2021,29.3,29.26,29.3,29.21,4.91M,0.14%
06/06/2021,29.26,29.26,29.3,29.21,7.06M,0.17%
06/03/2021,29.21,29.26,29.3,29.17,5.51M,-0.17%
06/02/2021,29.26,29.26,29.3,29.17,4.52M,0.00%
06/01/2021,29.26,29.17,29.34,29.17,5.40M,0.31%
05/31/2021,29.17,29.17,29.17,29.09,3.45M,0.00%
05/30/2021,29.17,29.13,29.17,29.09,4.19M,0.14%
05/27/2021,29.13,29.17,29.26,29.13,11.37M,-0.14%
05/26/2021,29.17,29.26,29.26,29.17,5.57M,-0.31%
05/25/2021,29.26,29.21,29.3,29.17,8.29M,0.17%
05/24/2021,29.21,29.3,29.3,29.21,3.49M,-0.31%
05/23/2021,29.3,29.26,29.3,29.21,3.62M,0.00%
05/20/2021,29.3,29.3,29.34,29.26,5.65M,0.00%
05/19/2021,29.3,29.34,29.38,29.26,2.61M,-0.27%
05/18/2021,29.38,29.38,29.42,29.3,4.29M,0.00%
05/17/2021,29.38,29.34,29.38,29.26,8.13M,-0.71%
05/10/2021,29.59,29.46,29.63,29.46,7.59M,0.31%
05/09/2021,29.5,29.46,29.5,29.42,4.15M,0.14%
05/06/2021,29.46,29.46,29.5,29.38,6.35M,0.00%
05/05/2021,29.46,29.46,29.55,29.42,5.52M,0.00%
05/04/2021,29.46,29.42,29.5,29.34,7.57M,0.68%
05/03/2021,29.26,29.3,29.34,29.21,3.76M,-0.14%
05/02/2021,29.3,29.26,29.34,29.17,4.95M,0.14%
04/29/2021,29.26,29.46,29.55,29.26,8.98M,-1.12%
04/28/2021,29.59,29.38,29.79,29.34,25.03M,1.13%
04/27/2021,29.26,29.17,29.26,29.13,4.54M,0.00%
04/26/2021,29.26,29.17,29.26,29.17,3.34M,0.17%
04/25/2021,29.21,29.26,29.34,29.17,2.80M,-0.17%
04/22/2021,29.26,29.26,29.34,29.21,4.90M,0.00%
04/21/2021,29.26,29.3,29.34,29.26,4.76M,-0.41%
04/20/2021,29.38,29.34,29.38,29.3,3.85M,0.00%
04/19/2021,29.38,29.38,29.38,29.3,5.28M,0.00%
04/18/2021,29.38,29.34,29.46,29.34,4.05M,-0.14%
04/15/2021,29.42,29.34,29.42,29.3,4.69M,0.00%
04/14/2021,29.42,29.3,29.42,29.3,6.74M,0.41%
04/13/2021,29.3,29.38,29.55,29.3,3.85M,-0.54%
04/12/2021,29.46,29.38,29.55,29.34,5.73M,0.27%
04/11/2021,29.38,29.38,29.5,29.38,3.82M,-0.14%
04/08/2021,29.42,29.3,29.42,29.26,5.38M,0.41%
04/07/2021,29.3,29.3,29.34,29.26,5.20M,0.00%
04/06/2021,29.3,29.34,29.38,29.3,4.47M,-0.41%
04/05/2021,29.42,29.3,29.42,29.26,3.60M,0.14%
04/04/2021,29.38,29.3,29.46,29.21,4.13M,0.27%
04/01/2021,29.3,29.55,29.59,29.3,4.97M,-1.51%
03/31/2021,29.75,29.75,29.75,29.17,23.78M,2.69%
03/30/2021,28.97,29.05,29.05,28.84,3.00M,-0.28%
03/29/2021,29.05,28.64,29.05,28.55,3.66M,1.43%
03/28/2021,28.64,28.68,28.76,28.6,2.99M,-0.42%
03/25/2021,28.76,28.93,28.93,28.76,3.69M,-0.28%
03/24/2021,28.84,28.93,28.93,28.8,2.88M,-0.59%
03/23/2021,29.01,29.17,29.17,28.97,4.69M,-1.26%
03/22/2021,29.38,29.26,29.42,29.17,4.61M,0.41%
03/21/2021,29.26,28.97,29.3,28.93,4.02M,0.58%
03/18/2021,29.09,29.3,29.46,29.09,8.64M,-0.85%
03/17/2021,29.34,29.46,29.5,29.21,5.13M,-0.54%
03/16/2021,29.5,29.55,29.63,29.42,6.30M,0.00%
03/15/2021,29.5,29.55,29.67,29.5,4.82M,-0.30%
03/14/2021,29.59,29.59,29.63,29.5,3.32M,-0.27%
03/11/2021,29.67,29.59,29.67,29.5,5.42M,0.27%
03/10/2021,29.59,29.5,29.67,29.46,5.60M,0.00%
03/09/2021,29.59,29.67,29.75,29.5,6.30M,-0.27%
03/08/2021,29.67,29.59,29.75,29.42,12.53M,0.27%
03/07/2021,29.59,29.21,29.75,29.21,12.24M,1.72%
03/04/2021,29.09,28.93,29.17,28.84,10.97M,0.41%
03/03/2021,28.97,28.47,28.97,28.43,10.99M,1.76%
03/02/2021,28.47,28.47,28.55,28.43,3.78M,-0.14%
03/01/2021,28.51,28.43,28.51,28.39,4.10M,0.14%
02/28/2021,28.47,28.43,28.51,28.35,3.13M,-0.28%
02/25/2021,28.55,28.55,28.68,28.51,8.71M,0.00%
02/24/2021,28.55,28.64,28.68,28.51,5.10M,-0.45%
02/23/2021,28.68,28.64,28.8,28.64,4.44M,0.28%
02/22/2021,28.6,28.64,28.72,28.51,6.00M,-0.42%
02/21/2021,28.72,28.72,28.76,28.64,3.53M,0.00%
02/18/2021,28.72,28.72,29.05,28.68,8.86M,0.00%
02/17/2021,28.72,28.84,28.88,28.64,3.95M,-0.28%
02/16/2021,28.8,28.64,28.84,28.64,3.79M,0.56%
02/15/2021,28.64,28.55,28.84,28.55,4.64M,0.32%
02/14/2021,28.55,28.51,28.64,28.51,3.26M,0.00%
02/11/2021,28.55,28.43,28.55,28.39,2.34M,0.28%
02/10/2021,28.47,28.68,28.68,28.39,2.60M,-0.14%
02/09/2021,28.51,28.39,28.84,28.39,4.45M,0.56%
02/08/2021,28.35,28.18,28.55,28.18,3.00M,0.60%
02/07/2021,28.18,28.1,28.31,28.06,2.77M,0.43%
02/04/2021,28.06,28.1,28.14,28.02,4.94M,-0.14%
02/03/2021,28.1,28.26,28.31,28.1,2.94M,-0.57%
02/02/2021,28.26,28.31,28.47,28.26,2.58M,0.14%
02/01/2021,28.22,28.64,28.64,28.22,3.66M,-1.47%
01/31/2021,28.64,28.72,28.8,28.6,2.41M,-0.28%
01/28/2021,28.72,28.68,28.84,28.68,3.76M,-0.14%
01/27/2021,28.76,28.72,28.8,28.68,2.87M,0.28%
01/26/2021,28.68,28.72,28.84,28.68,2.48M,-0.14%
01/25/2021,28.72,28.8,28.88,28.72,3.24M,-0.55%
01/24/2021,28.88,28.76,28.88,28.76,1.98M,0.42%
01/21/2021,28.76,28.76,28.84,28.76,2.11M,0.00%
01/20/2021,28.76,28.76,28.84,28.72,2.92M,-0.28%
01/19/2021,28.84,28.84,28.88,28.76,3.37M,-0.14%
01/18/2021,28.88,28.76,28.88,28.76,2.46M,0.42%
01/17/2021,28.76,28.93,28.93,28.76,2.79M,-0.59%
01/14/2021,28.93,28.97,29.01,28.88,2.77M,-0.41%
01/13/2021,29.05,29.01,29.05,28.97,2.53M,0.00%
01/12/2021,29.05,29.01,29.05,28.93,4.12M,-0.14%
01/11/2021,29.09,28.93,29.09,28.84,5.48M,0.55%
01/10/2021,28.93,28.93,29.13,28.88,4.44M,0.31%
01/07/2021,28.84,28.72,28.84,28.68,3.91M,0.28%
01/06/2021,28.76,28.8,28.88,28.68,3.66M,-0.14%
01/05/2021,28.8,28.84,28.84,28.64,4.70M,0.00%
01/04/2021,28.8,28.8,28.93,28.76,2.81M,0.00%
01/03/2021,28.8,28.93,28.93,28.8,1.97M,-0.45%
12/31/2020,28.93,28.97,29.05,28.88,3.98M,-0.14%
12/30/2020,28.97,28.97,29.01,28.84,3.85M,-0.14%
12/29/2020,29.01,28.97,29.01,28.8,3.86M,0.00%
12/28/2020,29.01,28.97,29.01,28.88,2.75M,0.14%
12/27/2020,28.97,28.88,29.05,28.8,2.79M,0.14%
12/24/2020,28.93,28.84,29.09,28.84,3.88M,0.31%
12/23/2020,28.84,28.93,28.93,28.8,2.74M,-0.31%
12/22/2020,28.93,28.64,28.93,28.64,3.51M,0.59%
12/21/2020,28.76,28.93,29.05,28.64,8.17M,-1.13%
12/20/2020,29.09,29.26,29.3,29.09,3.41M,0.00%
12/17/2020,29.09,29.38,29.42,29.09,11.49M,-1.12%
12/16/2020,29.42,29.34,29.42,29.26,2.88M,0.41%
12/15/2020,29.3,29.17,29.46,29.17,4.31M,0.14%
12/14/2020,29.26,29.21,29.26,29.17,3.35M,0.00%
12/13/2020,29.26,29.34,29.38,29.26,2.84M,-0.27%
12/10/2020,29.34,29.42,29.46,29.34,3.17M,-0.41%
12/09/2020,29.46,29.42,29.5,29.34,2.97M,0.14%
12/08/2020,29.42,29.38,29.42,29.34,2.49M,-0.14%
12/07/2020,29.46,29.46,29.5,29.3,4.46M,-0.14%
12/06/2020,29.5,29.67,29.67,29.5,2.30M,-0.44%
12/03/2020,29.63,29.63,29.63,29.55,2.63M,-0.13%
12/02/2020,29.67,29.59,29.75,29.5,3.61M,-0.13%
12/01/2020,29.71,29.46,29.75,29.46,4.55M,-0.13%
11/30/2020,29.75,29.55,29.75,29.26,13.01M,0.68%
11/29/2020,29.55,29.55,29.67,29.5,3.78M,-0.40%
11/26/2020,29.67,29.5,29.67,29.26,11.38M,0.58%
11/25/2020,29.5,29.55,29.75,29.5,8.21M,0.00%
11/24/2020,29.5,29.3,29.63,29.26,6.89M,0.55%
11/23/2020,29.34,29.17,29.34,29.13,5.41M,0.58%
11/22/2020,29.17,29.3,29.38,29.17,4.17M,-0.31%
11/19/2020,29.26,29.26,29.38,29.21,3.51M,-0.27%
11/18/2020,29.34,29.3,29.34,29.21,4.41M,0.00%
11/17/2020,29.34,29.26,29.34,29.21,5.19M,0.27%
11/16/2020,29.26,29.13,29.26,29.13,5.02M,0.31%
11/15/2020,29.17,29.09,29.26,29.05,4.93M,0.14%
11/12/2020,29.13,29.26,29.3,29.05,3.22M,-0.72%
11/11/2020,29.34,29.21,29.34,29.13,5.11M,0.45%
11/10/2020,29.21,29.34,29.42,29.09,10.88M,-0.44%
11/09/2020,29.34,28.84,29.34,28.84,8.10M,1.88%
11/08/2020,28.8,28.47,28.8,28.43,3.45M,0.70%
11/05/2020,28.6,28.64,28.64,28.43,3.11M,-0.14%
11/04/2020,28.64,28.47,28.72,28.47,3.22M,0.74%
11/03/2020,28.43,28.31,28.76,28.31,5.75M,0.60%
11/02/2020,28.26,27.77,28.31,27.64,4.50M,1.76%
11/01/2020,27.77,27.81,27.93,27.69,2.99M,-0.29%
10/29/2020,27.85,28.1,28.18,27.69,7.84M,-1.45%
10/28/2020,28.26,28.51,28.51,28.14,3.31M,-0.88%
10/27/2020,28.51,28.22,28.51,28.22,2.79M,1.17%
10/26/2020,28.18,28.51,28.93,28.1,7.99M,-1.16%
10/25/2020,28.51,29.17,29.17,28.51,5.31M,-2.26%
10/22/2020,29.17,29.17,29.17,29.01,3.84M,0.00%
10/21/2020,29.17,29.21,29.34,29.17,2.87M,-0.58%
10/20/2020,29.34,29.34,29.42,29.13,4.03M,-0.41%
10/19/2020,29.46,29.59,29.63,29.46,3.06M,-0.57%
10/18/2020,29.63,29.5,29.67,29.5,2.67M,0.14%
10/15/2020,29.59,29.59,29.63,29.5,3.78M,0.00%
10/14/2020,29.59,29.67,29.71,29.59,3.24M,-0.27%
10/13/2020,29.67,29.67,29.75,29.63,3.30M,-0.13%
10/12/2020,29.71,29.71,29.75,29.59,3.26M,0.00%
10/11/2020,29.71,29.75,29.83,29.67,4.60M,-0.13%
10/08/2020,29.75,29.59,29.75,29.55,3.66M,0.54%
10/07/2020,29.59,29.63,29.71,29.38,3.53M,-0.13%
10/06/2020,29.63,29.63,29.88,29.63,7.02M,0.00%
10/05/2020,29.63,28.97,29.63,28.88,7.62M,2.14%
10/04/2020,29.01,29.34,29.34,29.01,4.50M,-1.83%
10/01/2020,29.55,29.59,29.63,29.42,4.36M,-0.40%
09/30/2020,29.67,29.83,29.88,29.55,6.89M,-0.84%
09/29/2020,29.92,30.17,30.21,29.92,6.82M,-0.96%
09/28/2020,30.21,30.25,30.29,30.08,11.54M,-0.13%
09/27/2020,30.25,30.33,30.33,30.17,6.81M,-0.26%
09/24/2020,30.33,30.25,30.37,30.12,7.13M,0.13%
09/22/2020,30.29,30.5,30.5,30.29,7.46M,-0.82%
09/21/2020,30.54,30.54,30.7,30.45,16.18M,0.00%
09/20/2020,30.54,30.25,30.58,30.21,15.54M,0.83%
09/17/2020,30.29,30.0,30.54,29.96,74.55M,1.10%
09/16/2020,29.96,29.92,30.04,29.79,16.25M,0.27%
09/15/2020,29.88,29.79,29.96,29.71,17.67M,0.30%
09/14/2020,29.79,29.75,29.92,29.63,14.10M,0.27%
09/13/2020,29.71,29.5,29.79,29.42,11.72M,0.71%
09/10/2020,29.5,29.55,29.59,29.42,7.40M,-0.30%
09/09/2020,29.59,29.55,29.63,29.42,8.86M,-0.40%
09/08/2020,29.71,29.55,29.75,29.55,11.11M,0.54%
09/07/2020,29.55,29.63,29.75,29.5,8.00M,-0.27%
09/06/2020,29.63,29.63,29.79,29.42,8.10M,-0.40%
09/03/2020,29.75,29.75,30.08,29.67,17.41M,0.00%
09/02/2020,29.75,29.09,29.79,28.8,19.95M,2.13%
09/01/2020,29.13,29.3,29.34,29.09,11.78M,-0.85%
08/31/2020,29.38,29.01,29.38,28.97,90.23M,1.28%
08/30/2020,29.01,28.93,29.13,28.88,11.39M,0.28%
08/27/2020,28.93,28.84,28.93,28.8,9.93M,0.31%
08/26/2020,28.84,28.84,28.88,28.68,6.71M,-0.14%
08/25/2020,28.88,28.84,28.93,28.76,12.98M,0.14%
08/24/2020,28.84,28.18,28.84,28.14,20.31M,2.34%
08/23/2020,28.18,28.22,28.22,28.1,6.29M,-0.14%
08/20/2020,28.22,28.1,28.31,28.1,10.46M,0.00%
08/19/2020,28.22,28.1,28.31,27.93,12.83M,0.43%
08/18/2020,28.1,27.64,28.1,27.6,16.24M,1.48%
08/17/2020,27.69,27.56,27.69,27.48,12.98M,0.47%
08/16/2020,27.56,27.69,27.69,27.56,4.58M,-0.47%
08/13/2020,27.69,27.48,27.69,27.44,16.09M,1.06%
08/12/2020,27.4,27.36,27.4,27.27,5.80M,-0.44%
08/11/2020,27.52,27.36,27.52,27.31,8.42M,0.58%
08/10/2020,27.36,27.31,27.4,27.31,6.84M,0.18%
08/09/2020,27.31,27.23,27.4,27.19,6.24M,0.29%
08/06/2020,27.23,27.31,27.36,27.23,4.55M,-0.29%
08/05/2020,27.31,27.27,27.44,27.27,9.18M,0.15%
07/28/2020,27.27,27.23,27.27,27.19,4.25M,0.15%
07/27/2020,27.23,27.02,27.23,27.02,3.99M,0.59%
07/26/2020,27.07,27.07,27.19,26.98,5.98M,-0.73%
07/23/2020,27.27,27.19,27.27,27.19,3.11M,0.00%
07/22/2020,27.27,27.31,27.31,27.19,3.02M,0.00%
07/21/2020,27.27,27.27,27.36,27.23,4.45M,-0.33%
07/20/2020,27.36,27.36,27.4,27.15,7.88M,-0.15%
07/19/2020,27.4,27.52,27.56,27.4,2.22M,-0.72%
07/16/2020,27.6,27.6,27.64,27.52,3.75M,-0.14%
07/15/2020,27.64,27.48,27.64,27.48,4.75M,0.29%
07/14/2020,27.56,27.56,27.56,27.31,4.22M,0.15%
07/13/2020,27.52,27.64,27.69,27.44,4.53M,-0.43%
07/12/2020,27.64,27.52,27.77,27.48,6.98M,0.44%
07/09/2020,27.52,27.48,27.56,27.4,6.09M,0.15%
07/08/2020,27.48,27.44,27.56,27.36,6.82M,0.15%
07/07/2020,27.44,27.23,27.64,27.19,13.57M,0.77%
07/06/2020,27.23,27.07,27.36,27.02,11.52M,0.44%
07/05/2020,27.11,27.15,27.19,27.07,4.81M,-0.29%
07/02/2020,27.19,26.98,27.19,26.98,5.89M,0.63%
07/01/2020,27.02,26.82,27.02,26.78,2.99M,0.60%
06/30/2020,26.86,26.98,27.02,26.86,4.65M,-0.44%
06/29/2020,26.98,26.94,27.02,26.9,3.88M,0.15%
06/28/2020,26.94,26.94,27.02,26.9,2.74M,-0.30%
06/25/2020,27.02,26.98,27.07,26.94,5.03M,-0.33%
06/24/2020,27.11,27.15,27.19,27.07,4.17M,-0.29%
06/23/2020,27.19,27.11,27.23,26.94,4.80M,0.30%
06/22/2020,27.11,27.19,27.23,26.98,6.64M,-0.29%
06/21/2020,27.19,27.44,27.44,27.19,5.58M,-0.62%
06/18/2020,27.36,26.94,27.36,26.94,31.01M,1.41%
06/17/2020,26.98,26.94,27.02,26.86,6.37M,0.30%
06/16/2020,26.9,26.69,27.19,26.69,9.41M,0.94%
06/15/2020,26.65,26.61,26.69,26.57,4.70M,0.00%
06/14/2020,26.65,26.65,26.69,26.57,3.80M,-0.34%
06/11/2020,26.74,26.61,26.74,26.49,4.61M,0.19%
06/10/2020,26.69,26.65,26.69,26.57,3.91M,0.00%
06/09/2020,26.69,26.53,26.69,26.53,5.51M,0.15%
06/08/2020,26.65,26.69,26.78,26.57,8.48M,-0.49%
06/07/2020,26.78,26.82,26.98,26.74,4.27M,0.64%
06/04/2020,26.61,26.98,27.02,26.57,8.38M,-1.70%
06/03/2020,27.07,27.11,27.19,26.86,7.50M,0.33%
06/02/2020,26.98,27.19,27.23,26.86,7.19M,-0.77%
06/01/2020,27.19,27.23,27.31,27.15,8.01M,-0.29%
05/31/2020,27.27,27.73,27.73,27.19,10.37M,0.00%
05/21/2020,27.27,27.6,27.64,27.23,19.09M,0.00%
05/20/2020,27.27,27.64,27.81,27.07,12.17M,-1.05%
05/19/2020,27.56,26.86,28.02,26.82,28.81M,3.07%
05/18/2020,26.74,26.45,26.86,26.45,14.30M,1.29%
05/17/2020,26.4,26.28,26.45,26.2,10.22M,1.73%
05/14/2020,25.95,25.91,25.95,25.74,5.00M,0.15%
05/13/2020,25.91,25.95,26.07,25.87,5.11M,0.15%
05/12/2020,25.87,25.62,26.03,25.54,6.20M,1.29%
05/11/2020,25.54,25.45,25.74,24.92,5.72M,-0.78%
05/10/2020,25.74,25.83,25.95,25.7,3.41M,0.47%
05/07/2020,25.62,25.66,25.79,25.33,7.60M,-0.81%
05/06/2020,25.83,26.24,26.4,25.79,8.29M,-0.15%
05/05/2020,25.87,25.66,26.07,25.62,13.06M,2.62%
05/04/2020,25.21,24.67,25.62,24.5,10.44M,1.69%
05/03/2020,24.79,24.79,24.96,24.5,10.30M,-5.24%
04/30/2020,26.16,25.66,26.24,25.66,10.32M,2.27%
04/29/2020,25.58,25.41,25.62,25.41,4.10M,0.83%
04/28/2020,25.37,25.33,25.5,25.25,3.76M,-0.31%
04/27/2020,25.45,25.54,25.7,25.25,5.70M,-0.35%
04/26/2020,25.54,25.04,25.66,24.88,6.70M,3.03%
04/23/2020,24.79,24.79,24.96,24.67,5.66M,0.98%
04/22/2020,24.55,23.97,24.71,23.97,7.19M,1.03%
04/21/2020,24.3,24.38,24.59,23.93,7.24M,-1.98%
04/20/2020,24.79,24.83,24.83,24.59,4.89M,-0.52%
04/19/2020,24.92,24.83,25.04,24.79,5.66M,0.52%
04/16/2020,24.79,25.33,25.33,24.71,9.23M,-2.29%
04/15/2020,25.37,25.66,25.66,25.25,5.36M,-1.28%
04/14/2020,25.7,25.79,25.99,25.54,7.17M,0.00%
04/13/2020,25.7,26.2,26.28,25.66,8.98M,-1.76%
04/12/2020,26.16,26.45,26.45,25.95,8.96M,-1.25%
04/09/2020,26.49,26.45,26.57,26.36,9.65M,0.15%
04/08/2020,26.45,26.45,26.45,26.24,6.70M,0.00%
04/07/2020,26.45,26.4,26.45,26.2,7.36M,0.19%
04/06/2020,26.4,26.24,26.45,26.03,7.23M,1.42%
04/05/2020,26.03,26.49,26.9,26.03,29.14M,-0.50%
04/02/2020,26.16,25.58,26.16,25.58,17.44M,3.44%
04/01/2020,25.29,24.88,25.41,24.71,11.59M,1.48%
03/31/2020,24.92,24.71,25.0,24.71,8.02M,0.69%
03/30/2020,24.75,24.75,24.83,24.63,5.76M,0.16%
03/29/2020,24.71,24.63,24.83,24.21,8.13M,0.00%
03/26/2020,24.71,24.5,24.79,24.5,6.77M,1.02%
03/25/2020,24.46,24.79,25.0,24.13,23.93M,0.33%
03/24/2020,24.38,24.09,24.67,24.09,12.13M,3.13%
03/23/2020,23.64,23.88,23.88,23.55,6.43M,-1.01%
03/22/2020,23.88,24.01,24.34,23.76,8.68M,-1.57%
03/19/2020,24.26,23.84,24.46,23.6,19.23M,1.21%
03/18/2020,23.97,24.05,24.75,23.93,16.00M,-0.33%
03/17/2020,24.05,22.98,24.59,22.98,20.31M,4.66%
03/16/2020,22.98,23.22,23.39,22.85,15.05M,-3.12%
03/15/2020,23.72,23.93,24.59,23.6,19.21M,-1.04%
03/12/2020,23.97,23.97,24.46,23.14,25.60M,-2.36%
03/11/2020,24.55,26.03,26.03,24.05,27.45M,-4.62%
03/10/2020,25.74,24.13,25.74,24.13,31.65M,9.86%
03/09/2020,23.43,22.31,23.68,22.31,41.13M,-5.49%
03/08/2020,24.79,26.36,26.36,24.71,28.42M,-9.09%
03/05/2020,27.27,27.31,27.44,27.23,4.80M,-0.15%
03/04/2020,27.31,27.19,27.36,27.07,10.13M,0.00%
03/03/2020,27.31,27.31,27.4,27.23,9.74M,0.74%
03/02/2020,27.11,27.07,27.4,27.07,14.57M,0.48%
03/01/2020,26.98,27.19,27.19,26.74,15.94M,-2.10%
02/27/2020,27.56,27.48,27.56,27.36,21.79M,-0.29%
02/26/2020,27.64,27.52,27.69,27.36,7.98M,-0.18%
02/25/2020,27.69,27.44,27.77,27.31,10.35M,0.33%
02/24/2020,27.6,28.06,28.06,27.48,10.16M,-1.92%
02/23/2020,28.14,27.93,28.22,27.69,13.75M,1.19%
02/20/2020,27.81,27.6,27.85,27.52,8.69M,0.76%
02/19/2020,27.6,27.44,27.6,27.4,5.89M,0.58%
02/18/2020,27.44,27.31,27.52,27.19,6.50M,0.29%
02/17/2020,27.36,27.11,27.44,27.07,9.48M,0.92%
02/16/2020,27.11,27.27,27.31,27.11,7.03M,-0.91%
02/13/2020,27.36,27.44,27.52,26.94,18.69M,-0.29%
02/12/2020,27.44,27.6,27.64,27.4,7.20M,-0.72%
02/11/2020,27.64,27.73,27.81,27.56,5.12M,-0.47%
02/10/2020,27.77,28.06,28.06,27.73,7.54M,-1.31%
02/09/2020,28.14,27.56,28.14,27.11,21.43M,1.96%
02/06/2020,27.6,27.81,27.89,27.52,11.61M,-0.76%
02/05/2020,27.81,27.93,28.06,27.77,11.07M,-0.61%
02/04/2020,27.98,28.02,28.1,27.89,9.11M,-0.29%
02/03/2020,28.06,27.98,28.1,27.93,10.06M,0.00%
02/02/2020,28.06,28.18,28.18,27.98,13.99M,-0.57%
01/30/2020,28.22,28.43,28.43,28.22,6.89M,-0.74%
01/29/2020,28.43,28.18,28.43,28.14,10.76M,0.42%
01/28/2020,28.31,28.26,28.31,28.14,8.81M,0.00%
01/27/2020,28.31,28.31,28.31,28.14,8.76M,-0.14%
01/26/2020,28.35,28.26,28.39,28.14,9.26M,-0.42%
01/23/2020,28.47,28.43,28.47,28.31,7.19M,0.00%
01/22/2020,28.47,28.47,28.51,28.39,6.22M,-0.28%
01/21/2020,28.55,28.51,28.6,28.39,8.52M,-0.17%
01/20/2020,28.6,28.35,28.6,28.26,8.76M,0.74%
01/19/2020,28.39,28.6,28.6,28.31,13.25M,-0.73%
01/16/2020,28.6,28.68,28.68,28.51,11.52M,-0.28%
01/15/2020,28.68,28.76,28.76,28.6,12.99M,-0.42%
01/14/2020,28.8,28.72,28.8,28.43,12.48M,0.28%
01/13/2020,28.72,28.76,28.93,28.68,16.98M,-0.14%
01/12/2020,28.76,28.93,29.05,28.55,24.58M,-0.59%
01/09/2020,28.93,28.39,28.97,28.35,31.31M,2.37%
01/08/2020,28.26,28.1,28.26,28.1,22.15M,-0.46%
01/07/2020,28.39,28.47,28.55,28.22,13.92M,-0.42%
01/06/2020,28.51,28.51,28.55,28.14,23.40M,-0.14%
01/05/2020,28.55,28.93,28.93,28.51,25.24M,-1.72%
01/02/2020,29.05,29.01,29.13,28.97,11.43M,0.14%
01/01/2020,29.01,29.13,29.13,28.97,8.52M,-0.41%
12/31/2019,29.13,29.05,29.13,28.97,16.33M,0.28%
12/30/2019,29.05,29.26,29.3,29.05,13.15M,-0.72%
12/29/2019,29.26,29.17,29.5,29.17,22.97M,0.17%
12/26/2019,29.21,29.05,29.21,28.97,13.86M,0.41%
12/25/2019,29.09,29.26,29.26,29.01,13.57M,-0.58%
12/24/2019,29.26,29.46,29.5,29.17,22.18M,-0.54%
12/23/2019,29.42,29.17,29.46,29.13,35.10M,0.86%
12/22/2019,29.17,29.42,29.5,28.84,39.71M,-0.58%
12/19/2019,29.34,30.33,30.37,29.34,108.12M,-3.26%
12/18/2019,30.33,30.99,31.07,30.33,83.82M,-2.79%
12/17/2019,31.2,31.45,31.53,30.99,142.67M,-0.64%
12/16/2019,31.4,30.99,31.49,30.99,105.97M,1.59%
12/15/2019,30.91,30.66,30.99,30.41,98.35M,1.64%
12/12/2019,30.41,31.98,31.98,29.75,505.69M,4.54%
