"Date","Price","Open","High","Low","Vol.","Change %"
"07/02/2026","38.96","38.94","39.28","38.84","3.26M","0.00%"
"07/01/2026","38.96","39.08","39.36","38.80","3.30M","0.78%"
"06/30/2026","38.66","38.60","39.08","38.42","12.32M","0.10%"
"06/29/2026","38.62","39.52","39.78","38.60","4.67M","-2.23%"
"06/28/2026","39.50","39.96","40.06","39.30","2.04M","-1.20%"
"06/25/2026","39.98","40.80","40.80","39.96","4.12M","-2.11%"
"06/24/2026","40.84","41.10","41.24","40.84","3.54M","-0.83%"
"06/23/2026","41.18","40.90","41.30","40.86","3.58M","0.44%"
"06/22/2026","41.00","41.20","41.40","40.88","2.08M","-0.82%"
"06/21/2026","41.34","41.32","41.52","41.28","354.47K","-0.62%"
"06/18/2026","41.60","40.92","41.60","40.92","6.43M","1.46%"
"06/17/2026","41.00","41.00","41.34","40.88","2.29M","-0.73%"
"06/16/2026","41.30","40.98","41.52","40.96","3.86M","0.78%"
"06/15/2026","40.98","41.88","41.88","40.98","4.97M","0.54%"
"06/14/2026","40.76","40.32","40.98","40.32","1.93M","1.70%"
"06/11/2026","40.08","40.60","40.60","39.92","3.47M","-0.15%"
"06/10/2026","40.14","41.20","41.20","40.14","7.79M","-2.29%"
"06/09/2026","41.08","39.80","41.30","39.70","11.56M","4.21%"
"06/08/2026","39.42","38.50","39.46","38.50","6.03M","1.49%"
"06/07/2026","38.84","39.16","39.16","38.70","2.02M","-0.82%"
"06/04/2026","39.16","39.42","39.46","39.04","4.30M","-0.46%"
"06/03/2026","39.34","39.52","39.74","39.06","3.32M","0.00%"
"06/02/2026","39.34","39.70","39.70","39.08","3.23M","0.51%"
"06/01/2026","39.14","39.90","39.90","39.06","10.63M","-0.91%"
"05/31/2026","39.50","39.96","39.96","39.44","3.55M","0.25%"
"05/21/2026","39.40","38.60","39.48","38.60","13.79M","2.18%"
"05/20/2026","38.56","38.52","38.90","38.28","6.09M","0.36%"
"05/19/2026","38.42","38.60","38.84","38.42","3.84M","-0.21%"
"05/18/2026","38.50","38.44","38.74","38.26","3.70M","0.00%"
"05/17/2026","38.50","38.62","38.78","38.40","889.67K","-0.26%"
"05/14/2026","38.60","39.06","39.16","38.60","3.01M","-0.41%"
"05/13/2026","38.76","38.98","39.00","38.54","4.06M","0.62%"
"05/12/2026","38.52","39.32","39.64","38.52","4.99M","-2.23%"
"05/11/2026","39.40","40.00","40.12","39.24","7.11M","-1.70%"
"05/10/2026","40.08","39.38","40.28","39.20","2.43M","1.98%"
"05/07/2026","39.30","38.64","39.30","38.60","6.01M","1.92%"
"05/06/2026","38.56","38.58","38.94","38.40","9.77M","0.10%"
"05/05/2026","38.52","39.00","39.20","38.52","3.66M","-1.73%"
"05/04/2026","39.20","39.76","39.82","39.10","3.52M","-1.41%"
"05/03/2026","39.76","39.40","39.82","39.18","1.06M","1.22%"
"04/30/2026","39.28","39.86","39.86","39.28","5.35M","-1.55%"
"04/29/2026","39.90","39.86","40.00","39.58","2.92M","0.10%"
"04/28/2026","39.86","39.90","40.10","39.64","2.41M","0.86%"
"04/27/2026","39.52","39.96","40.18","39.52","4.17M","-1.05%"
"04/26/2026","39.94","39.60","40.14","39.40","1.64M","0.40%"
"04/23/2026","39.78","40.40","40.62","39.74","4.86M","-1.83%"
"04/22/2026","40.52","40.90","40.92","40.46","5.74M","-0.44%"
"04/21/2026","40.70","41.94","42.14","40.50","10.82M","-2.40%"
"04/20/2026","41.70","41.94","41.96","41.40","2.45M","-0.43%"
"04/19/2026","41.88","42.46","42.46","41.80","2.97M","-1.37%"
"04/16/2026","42.46","43.00","43.00","42.40","3.96M","-3.15%"
"04/15/2026","43.84","44.24","44.32","43.70","5.81M","-0.36%"
"04/14/2026","44.00","43.94","44.10","43.66","9.26M","0.14%"
"04/13/2026","43.94","42.70","43.96","42.70","6.11M","2.66%"
"04/12/2026","42.80","42.72","43.10","42.68","1.63M","-0.28%"
"04/09/2026","42.92","43.00","43.10","42.64","4.25M","-0.46%"
"04/08/2026","43.12","42.80","43.18","42.00","6.37M","3.60%"
"04/07/2026","41.62","41.90","42.04","41.52","2.65M","-0.67%"
"04/06/2026","41.90","42.36","42.36","41.90","2.09M","-0.66%"
"04/05/2026","42.18","42.46","42.46","42.10","603.81K","-0.66%"
"04/02/2026","42.46","42.20","42.54","42.06","4.15M","0.28%"
"04/01/2026","42.34","42.10","42.50","41.80","8.77M","1.24%"
"03/31/2026","41.82","42.00","42.10","41.82","6.54M","0.10%"
"03/30/2026","41.78","41.68","42.34","41.50","5.65M","0.24%"
"03/29/2026","41.68","42.30","42.48","41.58","3.33M","-1.93%"
"03/26/2026","42.50","42.40","42.76","41.76","6.71M","0.09%"
"03/25/2026","42.46","41.58","42.88","41.32","7.52M","2.12%"
"03/24/2026","41.58","41.46","41.90","40.36","11.24M","3.13%"
"03/16/2026","40.32","40.28","40.56","39.90","7.71M","1.05%"
"03/15/2026","39.90","40.40","40.40","39.50","1.64M","-1.29%"
"03/12/2026","40.42","40.36","40.78","40.28","5.81M","0.05%"
"03/11/2026","40.40","40.68","41.08","40.32","3.69M","-0.79%"
"03/10/2026","40.72","39.04","40.88","39.04","7.24M","4.36%"
"03/09/2026","39.02","40.64","40.80","39.02","8.03M","-4.46%"
"03/08/2026","40.84","40.92","41.22","40.50","3.07M","-0.15%"
"03/05/2026","40.90","40.80","41.08","40.42","5.55M","0.39%"
"03/04/2026","40.74","40.14","41.18","39.88","9.42M","1.44%"
"03/03/2026","40.16","39.98","40.22","39.48","6.92M","0.45%"
"03/02/2026","39.98","39.90","40.10","39.14","8.79M","0.20%"
"03/01/2026","39.90","39.00","40.50","39.00","7.70M","-4.27%"
"02/26/2026","41.68","42.28","42.28","41.44","9.57M","-1.65%"
"02/25/2026","42.38","42.50","42.74","41.86","6.03M","-0.84%"
"02/24/2026","42.74","42.28","42.74","42.02","5.83M","1.04%"
"02/23/2026","42.30","43.28","43.28","42.00","4.33M","0.95%"
"02/19/2026","41.90","42.62","42.62","41.80","5.97M","-2.10%"
"02/18/2026","42.80","41.86","42.80","41.86","3.20M","1.66%"
"02/17/2026","42.10","42.60","42.68","41.82","3.64M","-1.17%"
"02/16/2026","42.60","43.30","43.30","42.60","3.41M","-1.25%"
"02/15/2026","43.14","43.20","43.40","42.88","1.24M","0.09%"
"02/12/2026","43.10","42.76","43.10","42.70","3.94M","0.33%"
"02/11/2026","42.96","43.16","43.40","42.72","7.82M","-0.92%"
"02/10/2026","43.36","43.44","43.58","43.16","5.78M","0.09%"
"02/09/2026","43.32","44.00","44.22","43.14","4.38M","-1.55%"
"02/08/2026","44.00","44.70","44.70","43.78","1.94M","1.15%"
"02/05/2026","43.50","44.70","44.70","42.90","8.68M","-2.68%"
"02/04/2026","44.70","44.50","45.10","44.40","4.61M","0.22%"
"02/03/2026","44.60","44.58","44.60","44.24","3.26M","0.00%"
"02/02/2026","44.60","43.14","44.60","43.06","6.52M","0.90%"
"02/01/2026","44.20","44.44","44.86","43.14","4.37M","-1.47%"
"01/29/2026","44.86","45.00","45.24","44.80","8.11M","-0.31%"
"01/28/2026","45.00","44.64","45.00","44.28","7.98M","0.90%"
"01/27/2026","44.60","43.32","44.60","43.30","10.54M","3.38%"
"01/26/2026","43.14","42.98","43.30","42.34","3.54M","0.33%"
"01/25/2026","43.00","42.86","43.00","42.68","1.91M","0.00%"
"01/22/2026","43.00","42.16","43.00","42.04","8.75M","2.38%"
"01/21/2026","42.00","41.70","42.14","41.70","4.70M","-0.47%"
"01/20/2026","42.20","42.24","42.38","41.98","3.87M","-0.28%"
"01/19/2026","42.32","42.30","42.64","41.98","3.93M","0.76%"
"01/18/2026","42.00","42.30","42.80","42.00","2.99M","-0.10%"
"01/15/2026","42.04","42.68","42.70","41.80","5.96M","-1.55%"
"01/14/2026","42.70","42.02","42.88","41.96","9.04M","1.67%"
"01/13/2026","42.00","40.90","42.00","40.74","7.43M","2.69%"
"01/12/2026","40.90","40.36","40.90","40.36","4.53M","1.39%"
"01/11/2026","40.34","40.36","40.84","40.26","2.26M","0.10%"
"01/08/2026","40.30","40.08","40.88","39.64","6.99M","0.65%"
"01/07/2026","40.04","38.40","40.04","38.36","13.49M","5.87%"
"01/06/2026","37.82","37.90","38.30","37.54","3.29M","-0.73%"
"01/05/2026","38.10","37.20","38.10","37.20","2.80M","2.47%"
"01/04/2026","37.18","37.96","38.04","37.18","1.26M","-2.31%"
"01/01/2026","38.06","37.90","38.22","37.90","388.23K","0.48%"
"12/31/2025","37.88","38.00","38.26","37.84","2.31M","-0.42%"
"12/30/2025","38.04","38.20","38.22","37.56","2.21M","-0.47%"
"12/29/2025","38.22","37.90","38.22","37.46","1.85M","1.38%"
"12/28/2025","37.70","38.04","38.30","37.70","609.66K","-0.89%"
"12/25/2025","38.04","38.08","38.26","37.88","630.50K","-0.89%"
"12/24/2025","38.38","38.06","38.46","37.90","2.24M","0.89%"
"12/23/2025","38.04","37.20","38.04","37.00","4.93M","2.15%"
"12/22/2025","37.24","36.70","37.24","36.50","2.46M","1.47%"
"12/21/2025","36.70","37.10","37.34","36.60","1.56M","-0.81%"
"12/18/2025","37.00","36.68","37.00","36.54","9.47M","1.09%"
"12/17/2025","36.60","36.78","37.06","36.40","3.44M","-1.61%"
"12/16/2025","37.20","37.70","37.70","37.00","4.87M","-0.80%"
"12/15/2025","37.50","37.60","37.80","37.00","4.73M","-0.21%"
"12/14/2025","37.58","38.26","38.26","37.32","1.58M","-1.78%"
"12/11/2025","38.26","37.96","38.26","37.86","3.61M","0.95%"
"12/10/2025","37.90","37.98","37.98","37.52","6.22M","0.74%"
"12/09/2025","37.62","37.02","37.90","37.02","8.39M","0.37%"
"12/08/2025","37.48","37.36","37.64","37.00","3.67M","0.54%"
"12/07/2025","37.28","37.38","37.40","37.02","3.08M","0.16%"
"12/04/2025","37.22","36.62","37.42","36.58","6.15M","1.64%"
"12/03/2025","36.62","36.22","36.62","36.22","3.01M","-0.05%"
"12/02/2025","36.64","36.40","36.72","36.32","2.06M","0.66%"
"12/01/2025","36.40","36.74","36.76","36.00","3.42M","-0.93%"
"11/30/2025","36.74","36.70","37.00","36.50","1.08M","-0.43%"
"11/27/2025","36.90","36.70","37.08","36.66","4.65M","0.71%"
"11/26/2025","36.64","36.84","37.06","36.26","10.39M","-0.27%"
"11/25/2025","36.74","37.20","37.46","36.74","3.20M","-1.24%"
"11/24/2025","37.20","37.80","37.84","37.20","6.69M","-2.11%"
"11/23/2025","38.00","37.70","38.02","37.62","1.88M","0.74%"
"11/20/2025","37.72","37.80","37.90","37.42","3.05M","-0.16%"
"11/19/2025","37.78","37.98","38.30","37.62","3.46M","-0.84%"
"11/18/2025","38.10","38.08","38.32","37.70","4.30M","0.05%"
"11/17/2025","38.08","37.52","38.26","37.52","3.88M","0.74%"
"11/16/2025","37.80","38.14","38.50","37.72","2.72M","-1.31%"
"11/13/2025","38.30","38.86","39.16","38.30","5.66M","-1.44%"
"11/12/2025","38.86","39.06","39.22","38.82","3.32M","-0.56%"
"11/11/2025","39.08","38.72","39.12","38.72","5.95M","0.67%"
"11/10/2025","38.82","39.20","39.26","38.82","3.87M","-1.07%"
"11/09/2025","39.24","39.40","39.50","39.10","2.27M","0.00%"
"11/06/2025","39.24","39.38","39.72","39.18","3.14M","-0.41%"
"11/05/2025","39.40","39.00","39.74","39.00","5.31M","-1.10%"
"11/04/2025","39.84","39.90","40.34","39.60","5.10M","0.25%"
"11/03/2025","39.74","39.70","40.12","39.52","4.18M","0.10%"
"11/02/2025","39.70","39.30","40.28","39.30","2.17M","-0.45%"
"10/30/2025","39.88","40.88","41.00","39.62","7.51M","-2.45%"
"10/29/2025","40.88","39.98","40.88","39.84","5.21M","2.25%"
"10/28/2025","39.98","39.16","40.26","39.16","7.46M","1.68%"
"10/27/2025","39.32","39.04","39.76","39.00","5.23M","0.82%"
"10/26/2025","39.00","39.02","39.04","38.80","1.51M","0.00%"
"10/23/2025","39.00","39.04","39.20","38.88","2.84M","-0.05%"
"10/22/2025","39.02","38.84","39.08","38.58","3.43M","0.52%"
"10/21/2025","38.82","39.14","39.50","38.76","5.41M","-0.82%"
"10/20/2025","39.14","39.04","39.34","38.80","5.18M","1.66%"
"10/19/2025","38.50","38.66","39.10","38.26","2.51M","-0.31%"
"10/16/2025","38.62","38.80","38.96","38.44","3.39M","-0.82%"
"10/15/2025","38.94","38.50","38.94","38.46","4.13M","1.30%"
"10/14/2025","38.44","38.30","38.74","38.16","4.53M","0.31%"
"10/13/2025","38.32","38.26","38.48","37.92","4.20M","0.68%"
"10/12/2025","38.06","38.18","38.56","37.80","2.66M","-1.19%"
"10/09/2025","38.52","38.96","39.16","38.52","3.41M","-1.08%"
"10/08/2025","38.94","38.70","38.96","38.68","1.55M","0.67%"
"10/07/2025","38.68","38.94","38.94","38.50","3.69M","-1.07%"
"10/06/2025","39.10","38.70","39.14","38.62","3.21M","1.19%"
"10/05/2025","38.64","38.60","38.70","38.02","2.74M","0.10%"
"10/02/2025","38.60","39.30","39.30","38.44","7.40M","-1.78%"
"10/01/2025","39.30","39.38","39.60","39.02","5.44M","0.31%"
"09/30/2025","39.18","38.54","39.54","38.42","9.78M","1.77%"
"09/29/2025","38.50","37.72","38.70","37.64","9.95M","2.01%"
"09/28/2025","37.74","38.20","38.78","37.52","4.41M","-2.73%"
"09/25/2025","38.80","40.40","40.40","38.10","45.44M","2.11%"
"09/24/2025","38.00","38.00","38.00","38.00","11.50M","9.95%"
"09/22/2025","34.56","34.02","34.56","33.88","3.41M","1.59%"
"09/21/2025","34.02","34.90","34.90","34.00","2.63M","-0.99%"
"09/18/2025","34.36","34.40","34.66","34.36","5.61M","0.17%"
"09/17/2025","34.30","34.60","34.68","34.20","2.76M","-0.81%"
"09/16/2025","34.58","33.68","34.58","33.68","2.92M","2.67%"
"09/15/2025","33.68","33.92","33.92","33.30","5.30M","-0.71%"
"09/14/2025","33.92","34.20","34.28","33.78","1.92M","-0.93%"
"09/11/2025","34.24","34.28","34.56","34.02","5.10M","-0.06%"
"09/10/2025","34.26","34.40","34.46","34.16","3.76M","-0.58%"
"09/09/2025","34.46","34.50","34.68","34.24","4.41M","-0.12%"
"09/08/2025","34.50","34.98","35.08","34.42","3.60M","-1.37%"
"09/07/2025","34.98","35.18","35.30","34.96","1.02M","-0.57%"
"09/04/2025","35.18","35.06","35.30","35.06","1.67M","0.11%"
"09/03/2025","35.14","35.22","35.48","35.08","2.47M","-1.24%"
"09/02/2025","35.58","35.80","35.98","35.26","3.43M","-0.67%"
"09/01/2025","35.82","35.06","35.94","35.06","5.31M","2.34%"
"08/31/2025","35.00","35.30","35.30","34.90","1.19M","0.52%"
"08/28/2025","34.82","35.06","35.38","34.82","2.25M","-0.57%"
"08/27/2025","35.02","35.84","35.84","34.98","8.17M","-2.78%"
"08/26/2025","36.02","36.00","36.02","35.72","5.31M","0.90%"
"08/25/2025","35.70","35.88","36.12","35.70","2.12M","-0.78%"
"08/24/2025","35.98","36.10","36.24","35.90","1.26M","-0.28%"
"08/21/2025","36.08","35.98","36.18","35.84","2.83M","0.22%"
"08/20/2025","36.00","35.86","36.12","35.82","2.34M","0.39%"
"08/19/2025","35.86","35.96","36.18","35.70","3.14M","-0.28%"
"08/18/2025","35.96","36.00","36.02","35.34","3.33M","-0.17%"
"08/17/2025","36.02","36.06","36.12","35.96","1.90M","-0.44%"
"08/14/2025","36.18","35.56","36.18","35.40","3.00M","1.97%"
"08/13/2025","35.48","35.62","35.92","35.34","1.73M","-0.78%"
"08/12/2025","35.76","35.94","36.14","35.60","2.12M","-0.67%"
"08/11/2025","36.00","36.04","36.50","35.64","1.86M","-0.55%"
"08/10/2025","36.20","35.98","36.40","35.88","2.05M","0.56%"
"08/07/2025","36.00","36.20","36.36","36.00","2.49M","-1.04%"
"08/06/2025","36.38","36.48","36.52","36.22","2.25M","-0.22%"
"08/05/2025","36.46","36.10","36.48","36.10","2.35M","0.55%"
"08/04/2025","36.26","36.02","36.46","35.96","3.25M","-2.79%"
"08/03/2025","37.30","37.40","37.40","36.90","1.86M","-0.53%"
"07/31/2025","37.50","36.92","37.50","36.72","3.65M","1.52%"
"07/30/2025","36.94","36.40","36.94","36.36","2.61M","1.48%"
"07/29/2025","36.40","36.76","36.84","36.30","3.10M","-0.27%"
"07/28/2025","36.50","36.20","36.96","36.20","3.99M","-0.92%"
"07/27/2025","36.84","36.86","36.98","36.72","937.21K","-0.27%"
"07/24/2025","36.94","36.80","37.02","36.70","4.15M","0.54%"
"07/23/2025","36.74","36.00","36.90","35.92","7.38M","2.34%"
"07/22/2025","35.90","36.66","36.70","35.90","3.96M","-2.07%"
"07/21/2025","36.66","36.54","36.90","36.32","4.30M","1.16%"
"07/20/2025","36.24","36.50","36.72","36.14","2.53M","-0.77%"
"07/17/2025","36.52","37.00","37.04","36.44","5.68M","-1.78%"
"07/16/2025","37.18","37.04","37.34","36.80","2.48M","0.32%"
"07/15/2025","37.06","37.44","37.70","36.92","5.89M","-1.65%"
"07/14/2025","37.68","37.28","37.70","37.26","3.80M","0.53%"
"07/13/2025","37.48","37.20","37.62","37.10","3.17M","0.05%"
"07/10/2025","37.46","37.08","37.72","37.06","3.94M","1.08%"
"07/09/2025","37.06","36.78","37.06","36.72","2.57M","0.16%"
"07/08/2025","37.00","37.02","37.26","36.76","4.48M","-0.54%"
"07/07/2025","37.20","36.90","37.26","36.84","6.15M","0.81%"
"07/06/2025","36.90","37.08","37.20","36.60","1.79M","-1.13%"
"07/03/2025","37.32","35.92","37.32","35.90","6.72M","4.13%"
"07/02/2025","35.84","35.64","36.24","35.64","3.24M","0.34%"
"07/01/2025","35.72","36.10","36.20","35.50","4.14M","-1.11%"
"06/30/2025","36.12","36.18","36.50","36.08","11.07M","-0.17%"
"06/29/2025","36.18","36.00","36.24","35.64","3.25M","0.50%"
"06/26/2025","36.00","35.60","36.10","35.30","6.36M","0.98%"
"06/25/2025","35.65","35.40","35.95","35.35","4.62M","0.99%"
"06/24/2025","35.30","34.80","35.65","34.75","9.85M","3.22%"
"06/23/2025","34.20","33.80","34.20","33.80","3.13M","1.48%"
"06/22/2025","33.70","34.15","34.45","33.70","2.54M","-1.32%"
"06/19/2025","34.15","34.20","34.30","33.80","7.62M","-0.58%"
"06/18/2025","34.35","34.30","34.40","33.95","4.40M","-0.43%"
"06/17/2025","34.50","34.35","34.80","34.05","5.74M","0.58%"
"06/16/2025","34.30","34.10","34.45","33.95","4.63M","1.03%"
"06/15/2025","33.95","33.55","34.15","33.55","4.57M","-3.14%"
"06/12/2025","35.05","34.70","35.05","34.30","6.99M","0.14%"
"06/11/2025","35.00","35.00","35.25","34.65","8.90M","2.19%"
"06/04/2025","34.25","34.00","34.60","33.90","6.73M","0.88%"
"06/03/2025","33.95","34.00","34.05","33.55","4.27M","0.30%"
"06/02/2025","33.85","33.85","34.35","33.75","5.69M","0.00%"
"06/01/2025","33.85","34.70","34.70","33.85","3.39M","-2.45%"
"05/29/2025","34.70","34.75","35.05","34.20","9.05M","0.43%"
"05/28/2025","34.55","34.35","34.80","34.30","5.25M","0.44%"
"05/27/2025","34.40","34.70","34.85","34.25","3.70M","-0.86%"
"05/26/2025","34.70","34.90","35.00","34.30","4.37M","0.58%"
"05/25/2025","34.50","35.45","35.50","34.50","3.29M","-2.82%"
"05/22/2025","35.50","35.05","35.50","34.85","4.50M","1.14%"
"05/21/2025","35.10","35.75","35.90","35.10","4.31M","-2.36%"
"05/20/2025","35.95","35.55","35.95","35.40","6.30M","1.13%"
"05/19/2025","35.55","35.10","35.55","35.00","3.59M","1.14%"
"05/18/2025","35.15","35.40","35.55","35.15","1.53M","-0.99%"
"05/15/2025","35.50","35.60","35.80","35.40","2.96M","-0.84%"
"05/14/2025","35.80","35.45","35.80","35.35","4.96M","0.99%"
"05/13/2025","35.45","35.10","35.45","35.00","3.56M","1.14%"
"05/12/2025","35.05","35.25","35.35","34.90","5.59M","0.14%"
"05/11/2025","35.00","35.15","35.35","34.85","1.41M","-0.43%"
"05/08/2025","35.15","35.00","35.20","34.70","3.03M","0.72%"
"05/07/2025","34.90","34.95","35.10","34.75","3.74M","-0.14%"
"05/06/2025","34.95","34.70","35.05","34.65","3.81M","0.87%"
"05/05/2025","34.65","34.20","34.85","34.15","5.07M","0.73%"
"05/04/2025","34.40","35.00","35.10","34.15","3.55M","-1.43%"
"05/01/2025","34.90","35.55","35.55","34.90","4.30M","-2.24%"
"04/30/2025","35.70","35.40","35.85","35.40","7.17M","0.28%"
"04/29/2025","35.60","35.50","35.60","35.15","3.81M","0.28%"
"04/28/2025","35.50","35.50","35.55","35.25","3.81M","0.57%"
"04/27/2025","35.30","35.75","35.90","35.25","3.43M","-1.40%"
"04/24/2025","35.80","35.70","36.00","35.25","9.20M","0.28%"
"04/23/2025","35.70","35.75","35.85","35.40","8.11M","1.28%"
"04/22/2025","35.25","35.00","35.65","34.60","12.67M","3.98%"
"04/21/2025","33.90","34.00","34.05","33.80","2.63M","-0.15%"
"04/20/2025","33.95","34.10","34.30","33.90","3.84M","-0.29%"
"04/17/2025","34.05","34.25","34.45","34.05","5.04M","-0.87%"
"04/16/2025","34.35","33.85","34.35","33.75","5.50M","1.48%"
"04/15/2025","33.85","33.85","34.05","33.55","6.08M","0.00%"
"04/14/2025","33.85","34.15","34.20","33.80","4.21M","-0.15%"
"04/13/2025","33.90","34.00","34.20","33.75","3.41M","0.59%"
"04/10/2025","33.70","33.80","33.80","33.00","11.00M","5.48%"
"04/09/2025","31.95","32.55","33.00","31.95","7.52M","-1.99%"
"04/08/2025","32.60","32.90","33.40","32.60","9.23M","0.62%"
"04/07/2025","32.40","32.00","33.05","31.55","11.56M","-1.22%"
"04/06/2025","32.80","33.40","33.45","32.65","9.78M","-6.82%"
"04/03/2025","35.20","35.40","35.70","34.60","7.00M","-1.81%"
"03/27/2025","35.85","35.80","36.60","35.80","6.09M","-0.28%"
"03/26/2025","35.95","35.15","35.95","35.15","7.18M","2.42%"
"03/25/2025","35.10","35.20","35.35","35.05","4.25M","-0.28%"
"03/24/2025","35.20","34.90","35.30","34.70","3.27M","0.72%"
"03/23/2025","34.95","35.40","35.60","34.95","2.72M","-1.55%"
"03/20/2025","35.50","35.55","35.70","35.25","7.37M","-0.14%"
"03/19/2025","35.55","35.20","35.65","35.15","4.45M","0.99%"
"03/18/2025","35.20","35.50","35.65","35.15","5.34M","-0.85%"
"03/17/2025","35.50","34.90","35.75","34.90","8.08M","2.45%"
"03/16/2025","34.65","34.50","34.95","34.50","4.68M","0.43%"
"03/13/2025","34.50","34.45","34.65","34.25","2.15M","0.15%"
"03/12/2025","34.45","34.75","34.90","34.20","5.70M","-0.58%"
"03/11/2025","34.65","34.65","34.80","34.30","5.73M","-1.28%"
"03/10/2025","35.10","34.90","35.20","34.50","7.14M","1.30%"
"03/09/2025","34.65","34.55","34.70","34.25","2.16M","-0.43%"
"03/06/2025","34.80","34.85","35.15","34.25","6.64M","-1.00%"
"03/05/2025","35.15","35.15","35.35","34.80","5.76M","0.14%"
"03/04/2025","35.10","35.45","36.00","35.05","6.55M","-1.13%"
"03/03/2025","35.50","34.75","35.70","34.75","7.45M","2.01%"
"03/02/2025","34.80","35.00","35.25","34.70","2.33M","-0.57%"
"02/27/2025","35.00","35.50","35.55","34.85","7.36M","-1.69%"
"02/26/2025","35.60","36.00","36.25","35.45","4.86M","-1.79%"
"02/25/2025","36.25","36.15","36.35","35.75","4.25M","-0.28%"
"02/24/2025","36.35","35.75","36.60","35.50","15.30M","1.68%"
"02/20/2025","35.75","35.15","35.80","34.95","9.00M","2.14%"
"02/19/2025","35.00","34.80","35.15","34.70","9.20M","0.43%"
"02/18/2025","34.85","34.35","34.90","33.85","18.19M","4.34%"
"02/17/2025","33.40","33.70","33.80","33.20","4.10M","-0.89%"
"02/16/2025","33.70","33.75","33.90","33.55","1.29M","-0.15%"
"02/13/2025","33.75","33.90","33.90","33.55","3.00M","-0.44%"
"02/12/2025","33.90","33.95","33.95","33.60","2.61M","-0.15%"
"02/11/2025","33.95","34.25","34.25","33.80","3.35M","-0.59%"
"02/10/2025","34.15","33.70","34.25","33.60","6.17M","-1.30%"
"02/09/2025","34.60","34.35","34.60","34.35","3.70M","0.73%"
"02/06/2025","34.35","34.60","34.60","34.10","7.16M","-0.43%"
"02/05/2025","34.50","34.45","34.55","34.30","6.36M","0.15%"
"02/04/2025","34.45","34.45","34.80","34.25","4.37M","0.29%"
"02/03/2025","34.35","34.45","34.55","34.15","10.46M","-0.29%"
"02/02/2025","34.45","34.40","35.00","34.10","5.44M","0.73%"
"01/30/2025","34.20","34.25","34.40","34.05","6.90M","0.44%"
"01/29/2025","34.05","35.20","35.45","33.95","12.80M","-2.85%"
"01/28/2025","35.05","34.60","35.05","34.40","3.51M","1.59%"
"01/27/2025","34.50","34.50","34.75","34.25","3.44M","-0.29%"
"01/26/2025","34.60","34.55","34.70","34.40","2.07M","0.29%"
"01/23/2025","34.50","34.85","34.90","34.50","2.90M","-1.15%"
"01/22/2025","34.90","35.00","35.35","34.65","4.41M","-0.43%"
"01/21/2025","35.05","35.35","35.35","34.95","4.10M","-0.99%"
"01/20/2025","35.40","35.35","35.60","35.25","6.43M","0.14%"
"01/19/2025","35.35","35.05","35.45","34.95","6.99M","1.29%"
"01/16/2025","34.90","34.50","35.05","34.25","7.49M","1.31%"
"01/15/2025","34.45","33.40","34.45","33.40","7.92M","2.84%"
"01/14/2025","33.50","33.20","33.50","33.00","5.02M","0.75%"
"01/13/2025","33.25","33.35","33.35","33.05","4.87M","0.00%"
"01/12/2025","33.25","33.40","33.55","33.25","1.48M","-0.89%"
"01/09/2025","33.55","33.35","33.65","33.05","5.70M","0.15%"
"01/08/2025","33.50","33.75","33.95","33.30","5.73M","-0.89%"
"01/07/2025","33.80","33.45","33.95","33.35","4.56M","1.05%"
"01/06/2025","33.45","33.10","33.50","33.00","5.11M","1.06%"
"01/05/2025","33.10","33.25","33.45","33.00","2.16M","-0.45%"
"01/02/2025","33.25","33.50","33.55","33.20","3.56M","-0.45%"
"01/01/2025","33.40","33.40","33.60","33.35","1.22M","0.00%"
"12/31/2024","33.40","33.60","33.70","33.35","4.59M","-0.74%"
"12/30/2024","33.65","33.60","33.85","33.40","3.42M","0.00%"
"12/29/2024","33.65","33.15","33.75","33.00","1.76M","1.51%"
"12/26/2024","33.15","33.15","33.50","33.05","1.05M","-0.15%"
"12/25/2024","33.20","33.20","33.25","32.95","1.90M","-0.30%"
"12/24/2024","33.30","33.25","33.40","33.10","1.47M","0.15%"
"12/23/2024","33.25","32.85","33.25","32.60","4.71M","1.53%"
"12/22/2024","32.75","33.05","33.40","32.75","2.67M","-0.76%"
"12/19/2024","33.00","33.35","33.35","33.00","7.83M","-1.35%"
"12/18/2024","33.45","33.20","33.45","33.00","2.84M","0.90%"
"12/17/2024","33.15","33.70","33.75","33.15","4.09M","-1.63%"
"12/16/2024","33.70","33.90","34.00","33.65","4.66M","-0.59%"
"12/15/2024","33.90","34.10","34.30","33.85","2.83M","-0.59%"
"12/12/2024","34.10","34.30","34.55","34.05","3.64M","-0.58%"
"12/11/2024","34.30","34.50","34.60","34.15","4.46M","-0.44%"
"12/10/2024","34.45","34.10","34.65","33.95","5.66M","1.03%"
"12/09/2024","34.10","34.15","34.20","33.85","4.53M","-0.15%"
"12/08/2024","34.15","33.65","34.20","33.65","2.86M","1.49%"
"12/05/2024","33.65","33.40","33.65","33.25","3.94M","0.90%"
"12/04/2024","33.35","33.10","33.45","32.85","4.04M","0.76%"
"12/03/2024","33.10","32.50","33.10","32.45","3.98M","1.85%"
"12/02/2024","32.50","32.55","32.65","32.20","3.58M","0.00%"
"12/01/2024","32.50","32.60","32.90","32.45","2.76M","0.15%"
"11/28/2024","32.45","32.05","32.60","31.95","4.31M","1.41%"
"11/27/2024","32.00","32.80","33.15","31.90","7.40M","-2.44%"
"11/26/2024","32.80","32.75","33.00","32.70","2.12M","0.15%"
"11/25/2024","32.75","33.05","33.15","32.75","8.17M","-1.06%"
"11/24/2024","33.10","33.20","33.35","33.00","2.22M","0.00%"
"11/21/2024","33.10","33.30","33.35","33.00","3.52M","-0.60%"
"11/20/2024","33.30","33.15","33.45","33.15","2.72M","0.45%"
"11/19/2024","33.15","33.25","33.35","33.10","4.44M","0.00%"
"11/18/2024","33.15","33.25","33.50","32.90","4.24M","-0.45%"
"11/17/2024","33.30","33.00","33.30","32.85","1.93M","0.91%"
"11/14/2024","33.00","33.50","33.50","32.90","7.05M","-1.05%"
"11/13/2024","33.35","33.80","33.85","33.10","8.49M","-1.62%"
"11/12/2024","33.90","33.75","34.10","33.55","7.66M","0.44%"
"11/11/2024","33.75","33.00","33.95","32.80","8.36M","2.43%"
"11/10/2024","32.95","33.00","33.25","32.50","5.70M","0.92%"
"11/07/2024","32.65","32.80","32.90","32.40","15.12M","0.00%"
"11/06/2024","32.65","32.90","33.20","32.55","13.06M","0.00%"
"11/05/2024","32.65","32.85","33.05","32.40","4.17M","-0.61%"
"11/04/2024","32.85","33.45","33.45","32.50","12.46M","-1.50%"
"11/03/2024","33.35","33.30","33.75","33.25","2.62M","0.60%"
"10/31/2024","33.15","33.60","33.60","33.15","6.69M","-1.49%"
"10/30/2024","33.65","33.90","33.95","33.40","7.10M","-0.44%"
"10/29/2024","33.80","34.30","34.30","33.55","9.39M","-1.02%"
"10/28/2024","34.15","34.85","34.90","34.15","2.98M","-2.01%"
"10/27/2024","34.85","34.65","35.30","34.45","3.72M","1.46%"
"10/24/2024","34.35","34.35","34.55","34.15","3.50M","-0.58%"
"10/23/2024","34.55","34.90","34.95","34.45","2.25M","-0.86%"
"10/22/2024","34.85","35.05","35.30","34.65","3.14M","-0.14%"
"10/21/2024","34.90","34.80","35.10","34.75","3.40M","1.16%"
"10/20/2024","34.50","34.75","34.85","34.45","1.27M","-0.72%"
"10/17/2024","34.75","35.10","35.35","34.75","3.77M","-1.28%"
"10/16/2024","35.20","35.00","35.35","34.90","5.61M","0.57%"
"10/15/2024","35.00","34.50","35.10","34.15","4.38M","1.45%"
"10/14/2024","34.50","34.55","34.90","34.40","2.71M","-0.72%"
"10/13/2024","34.75","34.80","35.00","34.75","825.26K","-0.57%"
"10/10/2024","34.95","34.95","35.00","34.70","2.93M","0.00%"
"10/09/2024","34.95","35.00","35.00","34.60","2.33M","0.14%"
"10/08/2024","34.90","34.00","35.10","34.00","6.92M","2.80%"
"10/07/2024","33.95","33.30","34.25","33.25","2.98M","1.95%"
"10/06/2024","33.30","33.60","33.70","33.00","4.19M","-0.60%"
"10/03/2024","33.50","33.70","34.00","33.40","6.15M","-0.89%"
"10/02/2024","33.80","34.20","34.40","33.65","8.26M","-2.31%"
"10/01/2024","34.60","34.40","34.65","34.15","4.53M","0.87%"
"09/30/2024","34.30","35.00","35.10","34.20","9.35M","-2.00%"
"09/29/2024","35.00","35.50","35.55","34.70","3.99M","-1.82%"
"09/26/2024","35.65","35.80","35.85","35.50","4.13M","-0.42%"
"09/25/2024","35.80","36.00","36.00","35.60","5.25M","-0.56%"
"09/24/2024","36.00","35.45","36.05","35.30","11.08M","2.27%"
"09/22/2024","35.20","35.50","35.55","34.90","4.10M","0.00%"
"09/19/2024","35.20","34.65","35.45","34.40","9.01M","1.88%"
"09/18/2024","34.55","34.25","34.75","34.10","5.67M","0.73%"
"09/17/2024","34.30","34.10","34.55","34.00","4.65M","0.59%"
"09/16/2024","34.10","34.30","34.50","34.00","7.55M","-0.58%"
"09/15/2024","34.30","34.20","34.30","33.90","4.03M","0.29%"
"09/12/2024","34.20","34.40","34.60","34.00","3.18M","0.15%"
"09/11/2024","34.15","34.45","34.45","33.85","6.29M","-1.44%"
"09/10/2024","34.65","34.60","34.75","34.30","5.73M","0.73%"
"09/09/2024","34.40","34.60","34.65","34.35","4.21M","-0.58%"
"09/08/2024","34.60","35.15","35.25","34.35","4.30M","-2.26%"
"09/05/2024","35.40","35.00","35.40","34.85","4.31M","0.85%"
"09/04/2024","35.10","34.75","35.10","34.35","5.46M","0.43%"
"09/03/2024","34.95","35.00","35.10","34.80","5.47M","0.00%"
"09/02/2024","34.95","35.45","35.45","34.95","7.98M","-0.71%"
"09/01/2024","35.20","35.20","35.40","35.10","2.54M","0.57%"
"08/29/2024","35.00","35.25","35.30","34.85","22.10M","-0.57%"
"08/28/2024","35.20","36.20","36.20","34.90","8.36M","-2.36%"
"08/27/2024","36.05","36.80","36.80","35.95","3.90M","-1.50%"
"08/26/2024","36.60","36.85","36.95","36.25","3.29M","-0.68%"
"08/25/2024","36.85","36.95","37.30","36.55","2.53M","-0.14%"
"08/22/2024","36.90","36.85","37.20","36.65","6.04M","0.14%"
"08/21/2024","36.85","35.75","37.10","35.65","8.35M","3.08%"
"08/20/2024","35.75","35.05","35.85","34.75","5.18M","2.00%"
"08/19/2024","35.05","35.05","35.15","34.65","4.19M","0.14%"
"08/18/2024","35.00","34.90","35.20","34.80","2.31M","0.43%"
"08/15/2024","34.85","34.95","35.05","34.80","2.17M","-0.14%"
"08/14/2024","34.90","34.90","35.05","34.50","5.09M","0.14%"
"08/13/2024","34.85","35.10","35.15","34.55","3.26M","-0.14%"
"08/12/2024","34.90","34.90","35.15","34.60","3.12M","-1.69%"
"08/11/2024","35.50","35.40","35.50","35.00","3.31M","2.31%"
"08/08/2024","34.70","34.75","35.05","34.65","3.54M","0.29%"
"08/07/2024","34.60","34.95","35.20","34.60","4.00M","-0.29%"
"08/06/2024","34.70","35.00","35.80","34.25","9.25M","0.14%"
"08/05/2024","34.65","35.20","35.80","34.60","8.55M","-5.20%"
"08/04/2024","36.55","37.00","37.25","36.55","4.13M","-3.94%"
"08/01/2024","38.05","38.00","38.30","37.80","4.11M","0.13%"
"07/31/2024","38.00","37.40","38.30","37.40","5.50M","1.33%"
"07/30/2024","37.50","37.25","37.70","37.10","3.89M","0.27%"
"07/29/2024","37.40","37.50","37.90","37.15","4.00M","-0.80%"
"07/28/2024","37.70","37.20","37.75","37.00","3.13M","1.62%"
"07/25/2024","37.10","37.40","37.45","36.90","3.76M","-1.07%"
"07/24/2024","37.50","37.20","37.55","37.10","8.24M","0.00%"
"07/23/2024","37.50","37.90","37.90","37.25","8.15M","-1.06%"
"07/22/2024","37.90","38.10","38.45","37.90","4.43M","-1.04%"
"07/21/2024","38.30","38.20","38.45","37.90","1.75M","0.00%"
"07/18/2024","38.30","37.80","38.30","37.55","3.41M","1.59%"
"07/17/2024","37.70","37.80","38.25","37.40","4.85M","-0.13%"
"07/16/2024","37.75","36.90","37.75","36.85","9.21M","2.44%"
"07/15/2024","36.85","36.45","36.85","36.45","7.22M","0.68%"
"07/14/2024","36.60","36.00","36.60","35.85","5.01M","1.67%"
"07/11/2024","36.00","36.10","36.20","35.75","5.84M","-0.14%"
"07/10/2024","36.05","36.25","36.30","35.75","1.78M","-0.41%"
"07/09/2024","36.20","35.70","36.20","35.65","3.14M","1.40%"
"07/08/2024","35.70","35.40","35.80","35.20","3.72M","0.28%"
"07/07/2024","35.60","35.30","35.65","35.05","1.45M","0.85%"
"07/04/2024","35.30","35.60","35.60","34.80","4.97M","-0.84%"
"07/03/2024","35.60","35.80","35.80","35.35","2.88M","-0.28%"
"07/02/2024","35.70","35.95","36.10","35.60","3.08M","-1.24%"
"07/01/2024","36.15","36.20","36.80","35.80","3.33M","-0.28%"
"06/30/2024","36.25","36.65","36.75","36.15","1.71M","-1.23%"
"06/27/2024","36.70","36.00","36.70","35.90","4.43M","2.23%"
"06/26/2024","35.90","35.90","36.10","35.65","2.66M","0.14%"
"06/25/2024","35.85","36.30","36.30","35.65","13.80M","-1.51%"
"06/24/2024","36.40","36.40","37.25","36.10","11.44M","0.00%"
"06/23/2024","36.40","36.00","36.45","35.75","4.55M","3.56%"
"06/13/2024","35.15","35.15","35.95","35.15","26.31M","0.14%"
"06/12/2024","35.10","35.65","36.10","35.10","5.76M","-1.54%"
"06/11/2024","35.65","35.75","36.25","35.55","6.30M","-0.14%"
"06/10/2024","35.70","36.55","36.95","35.50","5.36M","-2.33%"
"06/09/2024","36.55","35.55","36.95","35.55","5.06M","3.10%"
"06/06/2024","35.45","34.35","35.65","34.35","6.57M","1.58%"
"06/05/2024","34.90","34.75","35.20","34.30","4.34M","0.87%"
"06/04/2024","34.60","35.20","35.30","34.40","5.80M","-1.70%"
"06/03/2024","35.20","34.60","35.90","34.60","7.62M","2.18%"
"06/02/2024","34.45","34.00","34.80","33.75","3.84M","1.77%"
"05/30/2024","33.85","35.00","35.15","33.80","11.36M","-3.01%"
"05/29/2024","34.90","33.10","35.05","33.05","10.42M","5.76%"
"05/28/2024","33.00","33.70","33.90","32.90","6.89M","-2.08%"
"05/27/2024","33.70","33.25","33.85","33.00","7.57M","1.97%"
"05/26/2024","33.05","33.70","34.25","33.05","6.83M","-2.65%"
"05/23/2024","33.95","35.10","35.10","33.95","5.02M","-3.41%"
"05/22/2024","35.15","34.60","35.15","34.35","3.40M","1.59%"
"05/21/2024","34.60","34.15","34.70","34.05","4.34M","0.73%"
"05/20/2024","34.35","35.05","35.10","34.10","7.01M","-2.00%"
"05/19/2024","35.05","35.35","35.35","34.90","3.04M","-1.54%"
"05/16/2024","35.60","35.10","35.60","35.05","6.96M","1.71%"
"05/15/2024","35.00","35.50","35.70","34.60","5.73M","-1.13%"
"05/14/2024","35.40","36.00","36.30","35.20","5.64M","-1.39%"
"05/13/2024","35.90","35.60","36.10","35.50","4.18M","0.56%"
"05/12/2024","35.70","35.90","36.25","35.50","2.12M","-0.56%"
"05/09/2024","35.90","36.00","36.05","35.75","3.32M","-0.14%"
"05/08/2024","35.95","36.20","36.25","35.95","2.91M","-0.55%"
"05/07/2024","36.15","36.15","36.25","35.60","4.23M","0.84%"
"05/06/2024","35.85","36.75","37.45","35.80","7.00M","-2.45%"
"05/05/2024","36.75","36.55","36.95","36.50","2.33M","1.52%"
"05/02/2024","36.20","36.80","36.85","36.20","5.34M","-2.82%"
"05/01/2024","37.25","37.60","37.80","37.25","3.73M","-0.93%"
"04/30/2024","37.60","37.85","37.85","37.35","3.69M","-0.66%"
"04/29/2024","37.85","37.50","37.85","37.35","3.51M","1.07%"
"04/28/2024","37.45","37.15","37.45","37.05","1.10M","1.35%"
"04/25/2024","36.95","37.10","37.70","36.95","4.26M","0.00%"
"04/24/2024","36.95","37.55","37.70","36.90","4.14M","-1.20%"
"04/23/2024","37.40","37.85","37.90","37.40","3.83M","-0.40%"
"04/22/2024","37.55","37.75","38.20","37.50","3.60M","-0.53%"
"04/21/2024","37.75","38.40","38.40","37.50","2.26M","0.13%"
"04/18/2024","37.70","38.00","38.20","37.70","5.04M","0.00%"
"04/17/2024","37.70","38.40","38.55","37.40","8.70M","-1.82%"
"04/16/2024","38.40","39.55","39.75","38.35","6.73M","-2.91%"
"04/15/2024","39.55","39.75","40.00","39.40","5.66M","-0.75%"
"04/14/2024","39.85","39.75","40.90","39.65","5.13M","-3.28%"
"04/04/2024","41.20","40.90","41.45","40.40","4.79M","0.98%"
"04/03/2024","40.80","40.00","41.00","39.80","3.87M","2.00%"
"04/02/2024","40.00","39.60","40.35","39.60","4.57M","0.76%"
"04/01/2024","39.70","40.10","40.35","39.35","2.01M","-1.24%"
"03/31/2024","40.20","40.80","41.05","39.90","2.27M","-1.47%"
"03/28/2024","40.80","41.00","41.15","40.10","11.07M","4.88%"
"03/27/2024","38.90","39.00","39.25","38.55","3.06M","0.00%"
"03/26/2024","38.90","39.25","39.80","38.90","4.43M","-1.14%"
"03/25/2024","39.35","39.90","40.10","39.25","2.65M","-1.38%"
"03/24/2024","39.90","40.25","40.40","39.50","1.59M","-0.87%"
"03/21/2024","40.25","39.50","40.45","39.40","4.01M","2.16%"
"03/20/2024","39.40","39.75","39.80","39.15","1.89M","-0.88%"
"03/19/2024","39.75","39.25","39.80","39.00","3.79M","0.89%"
"03/18/2024","39.40","39.00","39.45","38.50","5.82M","1.94%"
"03/17/2024","38.65","39.10","39.15","38.65","2.74M","-0.51%"
"03/14/2024","38.85","39.85","40.30","38.85","13.23M","-2.02%"
"03/13/2024","39.65","39.85","40.15","39.60","11.83M","-0.25%"
"03/12/2024","39.75","39.90","39.95","39.65","4.56M","-0.38%"
"03/11/2024","39.90","40.20","40.50","39.85","2.53M","-0.75%"
"03/10/2024","40.20","40.00","40.60","39.95","2.29M","0.50%"
"03/07/2024","40.00","40.10","40.50","40.00","3.08M","0.00%"
"03/06/2024","40.00","39.75","40.65","39.60","3.87M","0.50%"
"03/05/2024","39.80","40.60","40.65","39.80","6.67M","-1.73%"
"03/04/2024","40.50","41.80","41.80","40.50","4.91M","-3.23%"
"03/03/2024","41.85","42.20","42.45","41.70","1.85M","-1.18%"
"02/29/2024","42.35","42.20","42.55","42.15","4.10M","0.00%"
"02/28/2024","42.35","42.30","42.40","42.05","1.65M","0.12%"
"02/27/2024","42.30","42.30","42.75","41.80","3.50M","-0.12%"
"02/26/2024","42.35","42.05","43.00","42.05","2.93M","0.24%"
"02/25/2024","42.25","42.75","42.85","42.05","1.82M","-0.94%"
"02/21/2024","42.65","42.30","43.35","42.20","6.34M","1.07%"
"02/20/2024","42.20","41.50","42.20","41.10","4.38M","1.81%"
"02/19/2024","41.45","41.80","41.80","41.00","4.76M","0.00%"
"02/18/2024","41.45","41.85","41.95","41.30","1.88M","-1.19%"
"02/15/2024","41.95","41.80","42.25","41.60","2.36M","0.36%"
"02/14/2024","41.80","41.20","42.20","41.20","4.00M","-1.07%"
"02/13/2024","42.25","41.40","42.90","41.40","5.94M","1.93%"
"02/12/2024","41.45","40.95","41.50","40.90","4.61M","1.10%"
"02/11/2024","41.00","41.65","41.70","40.80","2.67M","-0.36%"
"02/08/2024","41.15","41.05","41.65","40.80","3.62M","-0.12%"
"02/07/2024","41.20","39.70","41.40","39.65","6.21M","2.74%"
"02/06/2024","40.10","40.70","40.95","39.30","10.79M","-1.23%"
"02/05/2024","40.60","41.00","41.20","40.30","5.03M","0.00%"
"02/04/2024","40.60","40.35","41.00","40.30","2.18M","-1.34%"
"02/01/2024","41.15","40.60","42.05","40.50","5.57M","1.35%"
"01/31/2024","40.60","41.65","41.95","40.50","6.22M","-3.56%"
"01/30/2024","42.10","43.05","43.05","41.60","6.05M","-1.86%"
"01/29/2024","42.90","43.45","43.75","42.80","3.14M","-0.58%"
"01/28/2024","43.15","43.20","43.50","43.05","2.33M","0.23%"
"01/25/2024","43.05","43.10","43.25","42.75","5.73M","-0.23%"
"01/24/2024","43.15","43.00","43.65","42.70","5.47M","0.47%"
"01/23/2024","42.95","43.65","43.65","42.65","6.30M","-0.46%"
"01/22/2024","43.15","42.25","43.90","42.25","6.00M","2.37%"
"01/21/2024","42.15","42.60","42.85","41.95","2.30M","-0.47%"
"01/18/2024","42.35","42.90","43.20","42.05","5.15M","-1.28%"
"01/17/2024","42.90","42.55","43.00","42.10","6.40M","0.94%"
"01/16/2024","42.50","43.00","43.05","42.05","4.91M","-1.16%"
"01/15/2024","43.00","42.35","43.45","42.00","7.56M","1.78%"
"01/14/2024","42.25","42.00","42.30","41.60","3.10M","-0.82%"
"01/11/2024","42.60","43.00","43.20","42.25","4.53M","-0.70%"
"01/10/2024","42.90","43.00","43.35","42.55","5.29M","-0.23%"
"01/09/2024","43.00","42.60","43.20","42.45","8.05M","0.23%"
"01/08/2024","42.90","43.80","44.35","42.60","6.64M","-1.83%"
"01/07/2024","43.70","43.20","44.10","42.90","13.59M","2.22%"
"01/04/2024","42.75","39.70","42.75","39.40","15.49M","6.88%"
"01/03/2024","40.00","40.10","40.50","39.75","8.07M","-0.87%"
"01/02/2024","40.35","38.85","40.40","38.80","8.55M","3.99%"
"01/01/2024","38.80","38.65","38.90","38.65","2.39M","0.39%"
"12/31/2023","38.65","38.70","38.90","38.45","1.23M","-0.13%"
"12/28/2023","38.70","38.70","38.85","38.10","3.51M","-0.26%"
"12/27/2023","38.80","39.05","39.35","38.40","3.49M","-0.51%"
"12/26/2023","39.00","38.80","39.30","38.80","3.92M","0.52%"
"12/25/2023","38.80","38.35","39.15","38.25","3.97M","1.04%"
"12/24/2023","38.40","38.25","38.50","38.20","1.64M","0.79%"
"12/21/2023","38.10","38.50","38.70","38.05","3.44M","-2.18%"
"12/20/2023","38.95","38.85","39.15","38.40","5.86M","0.39%"
"12/19/2023","38.80","38.20","38.80","37.70","9.09M","1.44%"
"12/18/2023","38.25","36.80","38.25","36.45","8.22M","3.38%"
"12/17/2023","37.00","37.10","37.45","36.85","3.16M","0.54%"
"12/14/2023","36.80","36.15","37.05","36.10","10.95M","2.22%"
"12/13/2023","36.00","36.00","36.00","35.30","4.39M","0.28%"
"12/12/2023","35.90","35.55","36.20","35.40","5.14M","1.13%"
"12/11/2023","35.50","34.95","35.50","34.75","5.14M","1.57%"
"12/10/2023","34.95","34.75","35.15","34.70","2.88M","0.72%"
"12/07/2023","34.70","34.15","34.75","34.10","4.67M","1.02%"
"12/06/2023","34.35","34.30","34.40","34.05","2.46M","0.29%"
"12/05/2023","34.25","34.50","34.75","34.05","3.12M","-1.01%"
"12/04/2023","34.60","34.70","34.85","34.45","2.77M","-0.29%"
"12/03/2023","34.70","34.90","34.90","34.65","2.32M","-0.72%"
"11/30/2023","34.95","34.25","34.95","33.90","8.20M","2.04%"
"11/29/2023","34.25","34.40","34.50","34.00","3.39M","0.00%"
"11/28/2023","34.25","34.15","34.35","33.95","2.81M","0.29%"
"11/27/2023","34.15","34.05","34.35","33.85","5.90M","0.29%"
"11/26/2023","34.05","34.25","34.30","34.00","1.57M","-0.87%"
"11/23/2023","34.35","34.30","34.60","34.05","3.52M","0.59%"
"11/22/2023","34.15","34.75","34.80","34.05","4.12M","-2.15%"
"11/21/2023","34.90","34.80","35.00","34.60","3.73M","0.43%"
"11/20/2023","34.75","34.85","34.85","34.55","7.36M","-0.57%"
"11/19/2023","34.95","34.70","35.05","34.50","3.84M","1.45%"
"11/16/2023","34.45","34.30","34.65","34.25","10.64M","-0.29%"
"11/15/2023","34.55","35.00","35.05","33.90","13.51M","0.73%"
"11/14/2023","34.30","34.30","35.05","34.05","5.96M","0.00%"
"11/13/2023","34.30","34.80","34.95","34.15","4.82M","-1.44%"
"11/12/2023","34.80","35.05","35.30","34.60","2.31M","-0.71%"
"11/09/2023","35.05","35.40","35.65","35.05","3.07M","-1.13%"
"11/08/2023","35.45","36.15","36.15","35.45","3.78M","-1.39%"
"11/07/2023","35.95","36.00","36.35","35.45","4.37M","-0.69%"
"11/06/2023","36.20","35.90","36.25","35.90","11.81M","-0.14%"
"11/05/2023","36.25","36.10","36.40","35.65","2.69M","0.69%"
"11/02/2023","36.00","35.00","36.50","35.00","12.29M","2.86%"
"11/01/2023","35.00","33.75","35.25","33.35","12.53M","4.32%"
"10/31/2023","33.55","32.30","33.85","32.20","11.23M","4.68%"
"10/30/2023","32.05","32.40","32.85","32.05","3.13M","-1.38%"
"10/29/2023","32.50","31.85","32.55","31.40","3.15M","2.20%"
"10/26/2023","31.80","32.00","32.30","31.50","5.10M","-1.24%"
"10/25/2023","32.20","32.10","32.25","31.60","4.57M","0.63%"
"10/24/2023","32.00","31.05","32.00","30.90","5.62M","3.23%"
"10/23/2023","31.00","31.35","31.85","30.90","7.58M","-1.59%"
"10/22/2023","31.50","31.75","32.00","31.05","4.43M","-0.63%"
"10/19/2023","31.70","32.30","32.40","31.50","7.87M","-1.86%"
"10/18/2023","32.30","32.50","32.80","32.00","5.79M","-0.62%"
"10/17/2023","32.50","31.45","32.55","31.45","5.90M","2.69%"
"10/16/2023","31.65","31.20","31.70","30.95","9.93M","1.12%"
"10/15/2023","31.30","31.90","31.95","31.20","4.22M","-2.34%"
"10/12/2023","32.05","32.00","32.05","31.30","6.11M","0.16%"
"10/11/2023","32.00","32.30","32.80","31.85","7.61M","0.00%"
"10/10/2023","32.00","32.00","32.35","31.65","6.53M","0.63%"
"10/09/2023","31.80","32.40","32.45","31.60","7.48M","-2.15%"
"10/08/2023","32.50","33.15","33.25","32.15","4.35M","-1.81%"
"10/05/2023","33.10","33.60","33.70","33.10","6.99M","-1.05%"
"10/04/2023","33.45","33.50","33.60","33.20","6.79M","-0.45%"
"10/03/2023","33.60","33.80","34.00","33.55","7.39M","-0.88%"
"10/02/2023","33.90","33.10","34.10","33.10","11.41M","2.42%"
"10/01/2023","33.10","32.95","33.20","32.80","2.66M","0.91%"
"09/28/2023","32.80","32.95","33.15","32.70","4.97M","-0.30%"
"09/27/2023","32.90","32.90","33.10","32.70","5.71M","0.30%"
"09/26/2023","32.80","32.85","33.15","32.60","12.84M","0.00%"
"09/25/2023","32.80","33.10","33.50","32.80","4.53M","-0.91%"
"09/21/2023","33.10","33.30","33.40","32.95","6.90M","-1.05%"
"09/20/2023","33.45","33.60","33.85","33.25","7.55M","-0.45%"
"09/19/2023","33.60","33.50","33.90","33.40","7.77M","0.00%"
"09/18/2023","33.60","34.00","34.35","33.60","6.10M","-1.18%"
"09/17/2023","34.00","34.00","34.30","33.85","2.62M","-0.15%"
"09/14/2023","34.05","34.70","34.70","33.85","7.31M","-0.58%"
"09/13/2023","34.25","34.40","34.60","34.05","3.30M","-0.87%"
"09/12/2023","34.55","34.80","34.90","34.40","3.54M","-0.86%"
"09/11/2023","34.85","35.00","35.35","34.70","4.51M","-0.14%"
"09/10/2023","34.90","35.05","35.15","34.85","2.55M","-0.57%"
"09/07/2023","35.10","35.35","35.50","35.05","6.75M","-0.43%"
"09/06/2023","35.25","35.70","35.85","35.25","4.97M","-0.98%"
"09/05/2023","35.60","36.05","36.10","35.60","4.87M","-0.97%"
"09/04/2023","35.95","35.90","36.20","35.85","4.38M","0.14%"
"09/03/2023","35.90","35.90","36.00","35.75","4.11M","0.42%"
"08/31/2023","35.75","36.20","36.40","35.75","12.22M","-1.24%"
"08/30/2023","36.20","35.85","36.45","35.85","6.02M","1.12%"
"08/29/2023","35.80","35.85","36.00","35.60","4.02M","0.00%"
"08/28/2023","35.80","36.00","36.10","35.80","3.53M","-0.28%"
"08/27/2023","35.90","35.45","36.05","35.45","3.25M","0.84%"
"08/24/2023","35.60","35.35","35.85","35.25","5.05M","0.99%"
"08/23/2023","35.25","35.50","35.90","35.25","5.24M","-0.70%"
"08/22/2023","35.50","35.60","35.95","35.50","3.80M","-0.70%"
"08/21/2023","35.75","36.15","36.20","35.75","3.87M","-0.42%"
"08/20/2023","35.90","35.40","36.15","35.35","3.94M","1.13%"
"08/17/2023","35.50","35.00","35.80","34.95","14.80M","1.14%"
"08/16/2023","35.10","35.45","35.60","35.00","5.39M","-0.99%"
"08/15/2023","35.45","35.90","35.90","35.40","6.40M","-1.25%"
"08/14/2023","35.90","36.30","36.45","35.85","7.16M","-1.37%"
"08/13/2023","36.40","36.15","36.85","36.00","3.27M","1.11%"
"08/10/2023","36.00","35.65","36.30","35.50","7.50M","0.98%"
"08/09/2023","35.65","36.00","36.05","35.15","4.95M","-0.42%"
"08/08/2023","35.80","36.60","36.95","35.80","4.36M","-2.19%"
"08/07/2023","36.60","37.10","37.35","36.25","5.05M","-1.48%"
"08/06/2023","37.15","37.25","37.65","37.00","1.93M","-0.27%"
"08/03/2023","37.25","37.20","37.75","37.10","11.74M","-1.46%"
"08/02/2023","37.80","38.25","38.30","37.35","5.61M","-2.58%"
"08/01/2023","38.80","38.70","39.05","38.25","4.95M","0.65%"
"07/31/2023","38.55","39.60","39.65","38.55","7.72M","-2.90%"
"07/30/2023","39.70","40.20","40.30","39.55","1.41M","-0.50%"
"07/27/2023","39.90","39.45","40.10","39.45","5.25M","0.00%"
"07/26/2023","39.90","40.30","40.40","39.50","5.61M","-0.25%"
"07/25/2023","40.00","40.40","40.65","40.00","6.20M","-0.74%"
"07/24/2023","40.30","40.35","40.55","40.10","4.62M","-0.74%"
"07/23/2023","40.60","40.70","40.75","40.20","1.28M","0.25%"
"07/20/2023","40.50","40.40","40.80","40.10","12.19M","-0.25%"
"07/19/2023","40.60","40.40","40.90","40.10","6.83M","0.74%"
"07/18/2023","40.30","39.30","40.45","39.00","12.69M","3.33%"
"07/17/2023","39.00","37.90","39.35","37.80","10.12M","2.77%"
"07/16/2023","37.95","37.75","38.10","37.50","2.47M","0.66%"
"07/13/2023","37.70","37.45","37.90","37.45","4.21M","0.13%"
"07/12/2023","37.65","37.10","38.20","37.05","8.64M","1.48%"
"07/11/2023","37.10","36.85","37.10","36.70","4.10M","1.09%"
"07/10/2023","36.70","36.70","36.85","36.50","6.27M","-0.14%"
"07/09/2023","36.75","36.80","36.95","36.65","1.81M","-0.27%"
"07/06/2023","36.85","36.95","37.00","36.70","3.98M","-0.67%"
"07/05/2023","37.10","37.20","37.25","36.90","3.33M","-0.40%"
"07/04/2023","37.25","37.05","37.25","36.90","2.70M","0.68%"
"07/03/2023","37.00","36.70","37.10","36.65","6.21M","0.41%"
"07/02/2023","36.85","37.25","37.25","36.70","2.75M","0.14%"
"06/22/2023","36.80","36.60","37.00","36.55","5.41M","0.27%"
"06/21/2023","36.70","36.60","36.80","36.50","1.73M","0.14%"
"06/20/2023","36.65","36.90","37.00","36.60","3.80M","-0.95%"
"06/19/2023","37.00","37.05","37.20","36.80","3.38M","-0.54%"
"06/18/2023","37.20","37.30","37.50","37.15","1.29M","0.27%"
"06/15/2023","37.10","37.40","37.55","37.10","6.42M","-0.54%"
"06/14/2023","37.30","37.20","37.60","37.10","5.47M","0.81%"
"06/13/2023","37.00","37.25","37.35","37.00","5.33M","-0.67%"
"06/12/2023","37.25","37.50","37.60","37.05","4.27M","-0.53%"
"06/11/2023","37.45","37.75","38.20","37.45","2.55M","-0.93%"
"06/08/2023","37.80","37.80","37.90","37.45","3.76M","-0.13%"
"06/07/2023","37.85","37.15","37.85","37.00","5.20M","2.30%"
"06/06/2023","37.00","37.20","37.20","36.70","2.76M","-0.40%"
"06/05/2023","37.15","37.30","37.35","36.90","3.89M","-0.40%"
"06/04/2023","37.30","37.00","37.30","36.65","2.86M","1.77%"
"06/01/2023","36.65","36.80","37.15","36.45","4.07M","-0.68%"
"05/31/2023","36.90","37.00","37.20","36.00","16.39M","-0.81%"
"05/30/2023","37.20","37.30","37.45","37.15","2.04M","-0.27%"
"05/29/2023","37.30","37.30","37.60","37.00","2.16M","0.00%"
"05/28/2023","37.30","37.55","37.70","37.15","1.93M","-0.67%"
"05/25/2023","37.55","37.60","37.80","37.40","2.70M","0.13%"
"05/24/2023","37.50","37.50","37.60","37.10","4.53M","-0.40%"
"05/23/2023","37.65","37.95","38.05","37.55","3.24M","-0.66%"
"05/22/2023","37.90","37.80","38.15","37.60","4.79M","0.13%"
"05/21/2023","37.85","38.05","38.40","37.80","3.66M","-0.39%"
"05/18/2023","38.00","37.05","38.10","37.00","7.84M","2.70%"
"05/17/2023","37.00","35.90","37.00","35.70","5.13M","3.64%"
"05/16/2023","35.70","35.80","36.20","35.70","3.06M","0.28%"
"05/15/2023","35.60","36.50","36.60","35.60","4.05M","-2.33%"
"05/14/2023","36.45","37.10","37.10","36.45","2.19M","-0.82%"
"05/11/2023","36.75","36.15","36.75","36.10","4.77M","1.66%"
"05/10/2023","36.15","36.60","36.65","35.85","6.82M","-1.23%"
"05/09/2023","36.60","37.05","37.05","36.60","2.91M","-0.81%"
"05/08/2023","36.90","36.85","37.35","36.40","4.23M","-0.42%"
"05/07/2023","37.05","37.02","37.24","36.83","4.10M","0.91%"
"05/04/2023","36.72","37.02","37.05","36.57","3.29M","-1.01%"
"05/03/2023","37.09","36.79","37.32","36.68","6.11M","0.61%"
"05/02/2023","36.87","37.24","37.61","36.79","4.16M","-0.50%"
"05/01/2023","37.05","36.98","37.39","36.79","2.91M","0.51%"
"04/30/2023","36.87","36.76","36.94","36.57","2.87M","1.02%"
"04/27/2023","36.50","36.94","36.94","36.46","7.13M","-0.71%"
"04/26/2023","36.76","37.32","37.32","36.76","4.31M","-1.50%"
"04/25/2023","37.32","37.32","37.61","36.76","6.52M","-0.79%"
"04/17/2023","37.61","37.13","37.84","37.13","4.92M","1.10%"
"04/16/2023","37.20","37.32","37.39","37.13","1.32M","0.20%"
"04/13/2023","37.13","37.39","37.39","37.05","3.11M","-0.50%"
"04/12/2023","37.32","37.02","37.32","36.91","2.46M","0.91%"
"04/11/2023","36.98","37.24","37.28","36.83","2.11M","-0.70%"
"04/10/2023","37.24","37.28","37.39","37.20","1.05M","-0.10%"
"04/09/2023","37.28","37.24","37.32","37.09","1.03M","0.60%"
"04/06/2023","37.05","36.91","37.13","36.72","1.84M","-0.50%"
"04/05/2023","37.24","36.79","37.39","36.38","3.10M","1.22%"
"04/04/2023","36.79","35.97","36.79","35.82","4.41M","2.71%"
"04/03/2023","35.82","34.74","35.82","34.55","6.53M","4.35%"
"04/02/2023","34.33","34.37","34.93","34.33","4.06M","0.33%"
"03/30/2023","34.22","33.47","34.44","33.36","3.42M","2.23%"
"03/29/2023","33.47","33.51","33.77","33.25","1.70M","-0.11%"
"03/28/2023","33.51","34.14","34.18","33.10","3.27M","-1.43%"
"03/27/2023","34.00","34.03","34.67","34.00","7.43M","-0.11%"
"03/26/2023","34.03","34.41","34.55","33.92","2.70M","-1.83%"
"03/23/2023","34.67","34.26","34.70","33.66","3.24M","0.98%"
"03/22/2023","34.33","34.29","34.48","33.92","4.93M","0.22%"
"03/21/2023","34.26","33.44","34.41","33.40","7.48M","3.38%"
"03/20/2023","33.14","31.35","33.14","31.16","15.10M","3.86%"
"03/19/2023","31.91","31.23","32.50","31.01","7.52M","3.01%"
"03/16/2023","30.97","31.64","31.83","29.67","41.34M","-2.92%"
"03/15/2023","31.91","33.17","33.25","31.87","5.20M","-2.73%"
"03/14/2023","32.80","33.25","33.62","32.80","4.63M","-1.46%"
"03/13/2023","33.29","34.37","34.74","33.25","6.02M","-2.83%"
"03/12/2023","34.26","34.55","34.63","34.03","4.83M","-1.18%"
"03/09/2023","34.67","34.63","34.93","34.52","4.04M","0.32%"
"03/08/2023","34.55","35.26","35.26","34.55","5.02M","-1.91%"
"03/07/2023","35.23","35.64","35.82","35.23","6.10M","-0.84%"
"03/06/2023","35.53","35.34","35.86","35.30","4.19M","0.53%"
"03/05/2023","35.34","35.08","35.49","35.00","3.70M","1.61%"
"03/02/2023","34.78","35.26","35.49","34.78","17.20M","-0.85%"
"03/01/2023","35.08","35.49","35.67","35.08","4.26M","-0.53%"
"02/28/2023","35.26","35.23","35.53","34.93","10.74M","0.11%"
"02/27/2023","35.23","35.23","35.41","34.97","2.89M","0.11%"
"02/26/2023","35.19","35.75","35.75","35.08","753.63K","-1.46%"
"02/23/2023","35.71","35.49","35.71","35.00","11.74M","0.53%"
"02/21/2023","35.53","35.82","35.86","35.49","1.45M","-0.83%"
"02/20/2023","35.82","36.35","36.50","35.82","2.47M","-1.44%"
"02/19/2023","36.35","36.35","36.38","36.16","987.93K","-0.51%"
"02/16/2023","36.53","36.53","36.68","36.16","3.61M","0.41%"
"02/15/2023","36.38","35.86","36.38","35.86","3.20M","1.14%"
"02/14/2023","35.97","36.72","37.02","35.97","3.45M","-1.63%"
"02/13/2023","36.57","36.16","36.61","36.12","6.07M","1.45%"
"02/12/2023","36.05","36.16","36.23","36.01","1.35M","-0.21%"
"02/09/2023","36.12","36.50","36.61","36.01","2.50M","-0.72%"
"02/08/2023","36.38","36.16","36.50","35.97","3.31M","0.62%"
"02/07/2023","36.16","36.94","37.24","36.08","4.46M","-1.82%"
"02/06/2023","36.83","36.64","37.17","36.61","4.41M","0.00%"
"02/05/2023","36.83","36.23","36.94","36.01","3.49M","1.13%"
"02/02/2023","36.42","35.97","36.50","35.82","6.04M","1.35%"
"02/01/2023","35.94","35.82","36.23","35.41","6.87M","1.80%"
"01/31/2023","35.30","35.15","35.30","34.67","7.11M","0.21%"
"01/30/2023","35.23","36.01","36.05","34.97","8.33M","-2.07%"
"01/29/2023","35.97","36.20","36.23","35.82","1.58M","-0.10%"
"01/26/2023","36.01","36.01","36.23","35.67","4.37M","0.10%"
"01/25/2023","35.97","36.12","36.46","35.94","3.31M","-0.41%"
"01/24/2023","36.12","36.05","36.31","36.05","2.27M","0.31%"
"01/23/2023","36.01","36.05","36.20","35.67","3.59M","-0.10%"
"01/22/2023","36.05","36.05","36.23","35.90","2.17M","0.52%"
"01/19/2023","35.86","36.16","36.42","35.86","5.29M","-0.93%"
"01/18/2023","36.20","37.13","37.20","36.20","5.24M","-2.22%"
"01/17/2023","37.02","37.47","37.69","36.98","6.12M","-1.59%"
"01/16/2023","37.61","37.47","37.99","37.24","6.48M","0.40%"
"01/15/2023","37.47","37.28","38.14","37.24","2.74M","0.80%"
"01/12/2023","37.17","36.57","37.54","36.16","18.68M","2.68%"
"01/11/2023","36.20","36.64","36.94","36.20","3.73M","-1.22%"
"01/10/2023","36.64","37.05","37.09","36.31","3.46M","-1.21%"
"01/09/2023","37.09","36.76","37.13","36.61","2.53M","1.02%"
"01/08/2023","36.72","37.09","37.24","36.57","1.10M","-1.01%"
"01/05/2023","37.09","37.24","37.54","35.75","6.76M","-0.60%"
"01/04/2023","37.32","38.06","38.44","37.20","4.11M","-1.96%"
"01/03/2023","38.06","37.69","38.51","37.61","1.53M","1.19%"
"01/02/2023","37.61","37.91","37.91","37.28","3.14M","-0.59%"
"01/01/2023","37.84","37.84","38.21","37.76","474.90K","0.40%"
"12/29/2022","37.69","37.20","38.21","36.94","2.99M","1.20%"
"12/28/2022","37.24","36.38","37.24","36.38","3.81M","1.22%"
"12/27/2022","36.79","36.16","36.94","35.90","1.21M","1.23%"
"12/26/2022","36.35","36.35","36.35","35.79","1.30M","0.00%"
"12/25/2022","36.35","36.20","36.35","36.01","458.60K","0.41%"
"12/22/2022","36.20","36.79","36.94","36.20","1.64M","-1.02%"
"12/21/2022","36.57","35.75","37.09","35.67","2.61M","2.40%"
"12/20/2022","35.71","35.53","35.86","34.67","5.31M","-0.31%"
"12/19/2022","35.82","36.68","36.72","35.60","4.00M","-2.34%"
"12/18/2022","36.68","36.42","37.28","36.42","1.57M","-0.61%"
"12/15/2022","36.91","36.57","37.28","36.31","7.79M","0.92%"
"12/14/2022","36.57","37.28","38.06","36.57","4.65M","-1.01%"
"12/13/2022","36.94","36.05","37.54","36.01","4.25M","2.70%"
"12/12/2022","35.97","35.67","36.16","35.04","4.44M","0.73%"
"12/11/2022","35.71","35.38","35.97","35.08","4.43M","2.03%"
"12/08/2022","35.00","34.70","35.60","34.14","6.94M","1.30%"
"12/07/2022","34.55","35.67","35.90","34.55","8.43M","-3.14%"
"12/06/2022","35.67","36.50","36.57","35.19","16.36M","-1.85%"
"12/05/2022","36.35","37.69","37.91","36.35","6.95M","-2.99%"
"12/04/2022","37.47","38.06","38.44","37.28","4.77M","-1.18%"
"12/01/2022","37.91","39.03","39.26","37.91","6.27M","-1.17%"
"11/30/2022","38.36","38.14","38.44","37.76","8.17M","0.39%"
"11/29/2022","38.21","38.88","39.48","37.84","5.49M","-1.92%"
"11/28/2022","38.96","39.11","39.78","38.44","5.79M","-0.76%"
"11/27/2022","39.26","39.33","39.70","38.81","1.55M","-0.75%"
"11/24/2022","39.56","39.56","40.08","39.03","7.33M","0.38%"
"11/22/2022","39.41","39.18","39.56","38.81","4.24M","0.38%"
"11/21/2022","39.26","40.08","40.15","39.11","6.81M","-1.87%"
"11/20/2022","40.00","40.67","40.82","39.78","4.16M","-1.65%"
"11/17/2022","40.67","40.23","40.90","40.00","5.22M","1.30%"
"11/16/2022","40.15","40.08","40.45","39.33","15.93M","0.19%"
"11/15/2022","40.08","41.05","41.12","39.56","9.35M","-2.01%"
"11/14/2022","40.90","41.87","42.54","40.45","8.54M","-3.01%"
"11/13/2022","42.17","42.54","42.76","41.64","5.42M","2.91%"
"11/10/2022","40.97","42.54","42.62","40.90","4.20M","-4.02%"
"11/09/2022","42.69","43.14","43.36","42.32","5.89M","-1.04%"
"11/08/2022","43.14","44.33","44.63","42.69","6.24M","-2.69%"
"11/07/2022","44.33","43.73","44.33","43.29","4.98M","1.37%"
"11/06/2022","43.73","43.81","44.11","43.51","3.46M","1.03%"
"11/03/2022","43.29","42.69","44.78","42.47","7.90M","0.87%"
"11/02/2022","42.91","42.62","43.36","41.72","10.09M","1.05%"
"11/01/2022","42.47","44.63","44.63","42.39","11.87M","-4.21%"
"10/31/2022","44.33","43.29","45.08","43.06","11.57M","2.77%"
"10/30/2022","43.14","44.26","44.26","42.91","7.63M","-3.34%"
"10/27/2022","44.63","46.27","47.62","44.63","24.30M","-6.27%"
"10/26/2022","47.62","48.51","49.18","47.09","4.74M","-2.60%"
"10/25/2022","48.88","48.88","49.41","48.51","3.96M","-0.61%"
"10/24/2022","49.18","49.11","49.41","48.73","11.00M","0.00%"
"10/23/2022","49.18","49.71","49.71","48.96","4.73M","0.30%"
"10/20/2022","49.03","47.99","49.63","47.99","6.62M","2.18%"
"10/19/2022","47.99","47.76","48.44","47.62","5.14M","0.47%"
"10/18/2022","47.76","46.20","47.99","46.20","7.69M","4.23%"
"10/17/2022","45.82","45.53","46.12","45.45","4.59M","0.66%"
"10/16/2022","45.53","45.75","45.90","45.15","2.11M","0.00%"
"10/13/2022","45.53","46.65","46.65","45.53","2.45M","-2.24%"
"10/12/2022","46.57","45.97","46.65","45.90","6.96M","1.79%"
"10/11/2022","45.75","47.32","47.32","45.68","4.97M","-2.54%"
"10/10/2022","46.94","47.99","48.29","46.94","2.44M","-2.48%"
"10/09/2022","48.14","49.11","49.11","47.69","1.17M","-0.46%"
"10/06/2022","48.36","49.03","49.11","48.21","2.36M","-0.77%"
"10/05/2022","48.73","48.51","49.03","47.99","4.95M","0.46%"
"10/04/2022","48.51","47.84","48.81","47.62","3.83M","2.36%"
"10/03/2022","47.39","47.76","47.91","46.94","3.72M","1.28%"
"10/02/2022","46.79","47.09","47.84","46.65","3.89M","-0.63%"
"09/29/2022","47.09","46.27","47.54","46.27","7.31M","2.27%"
"09/28/2022","46.05","46.12","46.50","45.97","6.49M","0.65%"
"09/27/2022","45.75","45.68","46.42","45.68","7.20M","0.33%"
"09/26/2022","45.60","45.90","47.24","45.60","8.84M","-1.45%"
"09/25/2022","46.27","45.68","46.72","45.53","3.29M","-1.74%"
"09/21/2022","47.09","47.39","47.76","47.09","3.44M","-0.63%"
"09/20/2022","47.39","46.72","47.76","46.72","4.71M","2.25%"
"09/19/2022","46.35","47.84","47.99","46.27","2.91M","-2.51%"
"09/18/2022","47.54","48.51","48.73","47.54","2.19M","-2.45%"
"09/15/2022","48.73","49.48","49.93","48.73","8.27M","-1.51%"
"09/14/2022","49.48","49.41","49.85","49.26","2.56M","-1.04%"
"09/13/2022","50.00","50.75","50.75","49.93","2.97M","-1.33%"
"09/12/2022","50.68","49.93","50.68","49.85","3.99M","1.34%"
"09/11/2022","50.00","49.93","50.45","49.78","2.66M","1.21%"
"09/08/2022","49.41","50.75","50.75","49.18","3.86M","-1.93%"
"09/07/2022","50.38","50.60","51.20","50.15","3.05M","-0.15%"
"09/06/2022","50.45","50.60","51.05","50.30","1.98M","0.60%"
"09/05/2022","50.15","51.12","51.27","50.15","3.08M","-1.90%"
"09/04/2022","51.12","50.75","51.72","50.45","1.34M","0.15%"
"09/01/2022","51.05","51.79","51.94","50.97","2.76M","-2.15%"
"08/31/2022","52.17","51.65","52.39","51.57","6.07M","-0.14%"
"08/30/2022","52.24","52.47","52.77","52.24","1.97M","-0.71%"
"08/29/2022","52.62","52.62","53.06","52.32","2.45M","0.00%"
"08/28/2022","52.62","52.77","52.91","52.39","1.08M","-1.26%"
"08/25/2022","53.29","52.91","53.29","52.54","2.74M","0.85%"
"08/24/2022","52.84","53.14","53.36","52.17","2.67M","-0.42%"
"08/23/2022","53.06","53.36","54.11","53.06","1.89M","-0.56%"
"08/22/2022","53.36","53.74","53.88","53.29","2.74M","-0.28%"
"08/21/2022","53.51","53.74","54.11","53.44","882.95K","-0.42%"
"08/18/2022","53.74","54.48","54.71","53.74","3.02M","-1.10%"
"08/17/2022","54.33","54.33","54.48","54.11","1.82M","0.14%"
"08/16/2022","54.26","54.11","54.26","53.44","2.48M","0.55%"
"08/15/2022","53.96","54.18","54.26","53.66","1.34M","-0.69%"
"08/14/2022","54.33","54.33","54.48","54.18","925.57K","-0.27%"
"08/11/2022","54.48","55.23","55.68","54.18","3.37M","-1.35%"
"08/10/2022","55.23","55.23","55.23","54.71","2.12M","0.68%"
"08/09/2022","54.85","54.41","54.85","54.41","3.27M","0.96%"
"08/08/2022","54.33","53.59","54.56","53.59","5.12M","1.82%"
"08/07/2022","53.36","53.36","53.51","52.91","1.15M","0.00%"
"08/04/2022","53.36","53.36","53.74","53.06","1.73M","-0.56%"
"08/03/2022","53.66","53.81","53.81","52.99","1.38M","-0.28%"
"08/02/2022","53.81","52.99","53.81","52.39","3.82M","1.84%"
"08/01/2022","52.84","52.77","52.84","52.09","4.06M","1.58%"
"07/31/2022","52.02","52.54","52.77","51.87","1.09M","-0.57%"
"07/28/2022","52.32","52.47","52.99","52.24","3.89M","0.29%"
"07/27/2022","52.17","52.69","52.99","51.65","4.10M","0.72%"
"07/26/2022","51.79","51.50","52.09","51.35","1.62M","1.02%"
"07/25/2022","51.27","52.09","52.17","50.15","2.10M","-1.29%"
"07/24/2022","51.94","51.94","52.47","51.57","1.26M","0.00%"
"07/21/2022","51.94","51.79","51.94","51.27","2.74M","1.75%"
"07/20/2022","51.05","51.79","52.99","51.05","3.88M","-0.73%"
"07/19/2022","51.42","51.35","51.87","50.90","3.49M","0.15%"
"07/18/2022","51.35","50.00","51.35","50.00","4.10M","2.69%"
"07/17/2022","50.00","49.48","50.00","49.26","1.13M","1.98%"
"07/14/2022","49.03","49.93","50.23","48.73","2.78M","-2.52%"
"07/13/2022","50.30","51.12","51.87","50.30","7.14M","0.00%"
"07/06/2022","50.30","49.26","50.45","49.03","5.45M","1.66%"
"07/05/2022","49.48","48.96","49.71","48.96","4.20M","0.76%"
"07/04/2022","49.11","49.93","50.00","48.88","2.49M","-1.05%"
"07/03/2022","49.63","50.60","50.68","49.48","1.09M","0.91%"
"06/30/2022","49.18","50.97","50.97","49.18","8.45M","-3.51%"
"06/29/2022","50.97","49.33","51.12","49.33","7.81M","2.86%"
"06/28/2022","49.56","47.76","49.56","47.62","4.25M","3.43%"
"06/27/2022","47.91","47.91","48.21","47.39","3.02M","0.47%"
"06/26/2022","47.69","48.51","48.51","47.62","1.62M","0.79%"
"06/23/2022","47.32","47.62","47.99","46.65","2.58M","-0.31%"
"06/22/2022","47.47","48.51","49.78","47.47","4.87M","-2.90%"
"06/21/2022","48.88","47.76","48.96","47.54","3.62M","3.31%"
"06/20/2022","47.32","46.72","47.76","46.65","2.79M","0.96%"
"06/19/2022","46.87","49.33","49.41","46.65","4.05M","-5.28%"
"06/16/2022","49.48","50.75","51.12","49.33","12.64M","-1.63%"
"06/15/2022","50.30","50.00","50.97","49.63","5.54M","0.75%"
"06/14/2022","49.93","50.30","50.90","48.96","6.93M","-0.74%"
"06/13/2022","50.30","51.87","52.09","50.30","5.08M","-3.71%"
"06/12/2022","52.24","52.84","52.84","52.09","2.20M","-1.96%"
"06/09/2022","53.29","52.99","53.36","52.54","2.48M","0.71%"
"06/08/2022","52.91","54.03","54.26","52.91","1.69M","-0.84%"
"06/07/2022","53.36","54.48","54.48","53.36","3.16M","-2.05%"
"06/06/2022","54.48","53.29","54.56","53.29","2.19M","1.96%"
"06/05/2022","53.44","53.21","53.74","52.39","1.42M","0.56%"
"06/02/2022","53.14","53.74","54.11","52.99","3.21M","-0.84%"
"06/01/2022","53.59","53.74","54.71","53.06","4.17M","-0.83%"
"05/31/2022","54.03","52.24","54.03","52.24","13.40M","3.58%"
"05/30/2022","52.17","51.05","52.62","51.05","11.38M","2.64%"
"05/29/2022","50.82","50.97","51.50","50.60","4.17M","1.34%"
"05/26/2022","50.15","51.50","51.79","49.93","5.59M","-1.61%"
"05/25/2022","50.97","50.82","52.02","50.75","11.63M","0.74%"
"05/24/2022","50.60","51.27","51.65","50.53","4.40M","-0.29%"
"05/23/2022","50.75","50.75","51.94","50.60","6.32M","0.00%"
"05/22/2022","50.75","52.77","52.77","50.08","8.33M","-2.58%"
"05/19/2022","52.09","52.09","52.84","51.50","4.69M","-3.19%"
"05/18/2022","53.81","52.91","53.96","52.62","11.76M","2.85%"
"05/17/2022","52.32","53.74","53.88","51.79","8.55M","-2.09%"
"05/16/2022","53.44","56.50","56.72","53.44","9.94M","-4.53%"
"05/15/2022","55.97","55.97","56.94","55.75","4.18M","1.35%"
"05/12/2022","55.23","57.62","57.62","55.23","9.00M","-4.02%"
"05/11/2022","57.54","57.62","59.18","57.54","12.35M","-1.03%"
"05/10/2022","58.14","59.11","59.63","57.62","6.85M","-1.77%"
"05/09/2022","59.18","59.86","60.60","59.18","10.26M","-2.10%"
"05/08/2022","60.45","59.86","61.20","59.48","5.70M","2.53%"
"04/28/2022","58.96","56.12","58.96","55.97","12.59M","5.34%"
"04/27/2022","55.97","54.71","55.97","54.71","7.89M","4.15%"
"04/26/2022","53.74","54.93","55.97","53.59","9.03M","-1.77%"
"04/25/2022","54.71","54.85","55.08","54.18","9.59M","-0.26%"
"04/24/2022","54.85","54.26","55.08","54.11","1.32M","0.53%"
"04/21/2022","54.56","54.85","55.38","54.56","4.48M","-0.40%"
"04/20/2022","54.78","55.15","55.68","54.11","9.07M","0.55%"
"04/19/2022","54.48","55.75","56.42","54.48","4.84M","-2.28%"
"04/18/2022","55.75","55.75","55.83","55.23","2.34M","-0.53%"
"04/17/2022","56.05","56.42","56.57","55.68","2.57M","-0.66%"
"04/14/2022","56.42","56.65","56.65","55.75","12.97M","-0.41%"
"04/13/2022","56.65","55.97","57.32","55.90","18.14M","1.34%"
"04/12/2022","55.90","55.08","55.97","54.71","12.26M","2.18%"
"04/11/2022","54.71","54.33","55.60","54.18","10.12M","1.52%"
"04/10/2022","53.88","53.74","53.96","53.59","2.52M","0.28%"
"04/07/2022","53.74","53.06","53.74","52.84","3.27M","1.69%"
"04/06/2022","52.84","52.77","53.29","52.69","9.25M","0.13%"
"04/05/2022","52.77","53.44","53.74","52.54","6.15M","-0.70%"
"04/04/2022","53.14","52.32","53.14","52.24","3.69M","1.57%"
"04/03/2022","52.32","52.91","53.36","52.17","2.61M","-1.12%"
"03/31/2022","52.91","53.59","53.66","52.54","5.04M","-1.27%"
"03/30/2022","53.59","53.88","54.33","53.51","8.86M","-0.96%"
"03/29/2022","54.11","53.81","54.26","53.74","9.89M","0.56%"
"03/28/2022","53.81","53.66","53.88","53.36","6.27M","0.56%"
"03/27/2022","53.51","52.99","53.88","52.99","4.22M","0.28%"
"03/24/2022","53.36","53.74","53.74","53.06","6.16M","-0.71%"
"03/23/2022","53.74","52.99","54.03","52.84","11.38M","1.28%"
"03/22/2022","53.06","52.02","53.29","52.02","11.05M","1.57%"
"03/21/2022","52.24","51.65","52.39","51.57","15.33M","1.44%"
"03/20/2022","51.50","51.27","51.94","50.90","4.52M","1.48%"
"03/17/2022","50.75","51.42","52.09","50.75","13.65M","-0.59%"
"03/16/2022","51.05","50.97","51.50","50.75","5.11M","0.45%"
"03/15/2022","50.82","50.53","51.05","50.38","3.30M","0.43%"
"03/14/2022","50.60","51.65","51.65","50.60","3.37M","-1.17%"
"03/13/2022","51.20","52.09","52.09","51.20","2.19M","-1.01%"
"03/10/2022","51.72","52.24","52.39","51.20","4.96M","0.00%"
"03/09/2022","51.72","50.97","52.24","50.97","9.48M","1.47%"
"03/08/2022","50.97","50.30","51.05","50.00","4.96M","1.17%"
"03/07/2022","50.38","50.38","50.53","49.26","5.63M","-0.14%"
"03/06/2022","50.45","50.68","50.82","49.56","11.66M","-0.30%"
"03/03/2022","50.60","50.23","50.60","49.71","4.64M","1.34%"
"03/02/2022","49.93","50.60","50.75","49.71","5.94M","-0.89%"
"03/01/2022","50.38","51.12","51.87","50.38","13.11M","-1.02%"
"02/28/2022","50.90","50.75","51.42","50.08","14.41M","0.43%"
"02/27/2022","50.68","52.32","53.14","50.60","33.44M","-1.15%"
"02/24/2022","51.27","51.94","52.24","50.60","8.42M","-3.92%"
"02/23/2022","53.36","53.81","53.96","53.36","16.83M","-1.39%"
"02/21/2022","54.11","53.96","54.48","53.81","5.30M","0.56%"
"02/20/2022","53.81","54.33","54.71","53.51","4.46M","-0.96%"
"02/17/2022","54.33","54.71","54.71","53.88","3.91M","-0.28%"
"02/16/2022","54.48","53.96","54.85","53.74","4.57M","1.11%"
"02/15/2022","53.88","52.99","54.03","52.62","5.43M","1.68%"
"02/14/2022","52.99","51.42","52.99","51.05","4.58M","3.05%"
"02/13/2022","51.42","52.32","52.32","50.30","3.97M","-2.41%"
"02/10/2022","52.69","52.84","52.91","52.39","3.31M","-0.28%"
"02/09/2022","52.84","53.59","53.66","52.54","2.87M","-1.40%"
"02/08/2022","53.59","53.81","53.81","53.29","1.24M","-0.41%"
"02/07/2022","53.81","53.81","54.03","53.59","3.12M","0.28%"
"02/06/2022","53.66","54.48","54.48","53.44","1.42M","0.13%"
"02/03/2022","53.59","53.96","54.41","53.59","3.43M","-1.51%"
"02/02/2022","54.41","55.38","55.53","54.41","3.91M","-2.67%"
"02/01/2022","55.90","55.53","55.97","55.38","2.44M","1.49%"
"01/31/2022","55.08","54.48","56.20","54.41","4.15M","1.10%"
"01/30/2022","54.48","54.48","54.78","54.33","1.27M","0.00%"
"01/27/2022","54.48","53.29","54.56","53.29","4.45M","1.38%"
"01/26/2022","53.74","53.36","54.33","53.21","2.79M","0.71%"
"01/25/2022","53.36","53.06","53.66","52.47","4.83M","-0.15%"
"01/24/2022","53.44","54.48","54.78","53.44","2.42M","-2.45%"
"01/23/2022","54.78","55.23","55.23","54.48","2.10M","-0.81%"
"01/20/2022","55.23","55.38","55.60","54.85","3.99M","-0.13%"
"01/19/2022","55.30","54.85","55.30","54.26","3.44M","0.82%"
"01/18/2022","54.85","54.48","55.53","54.26","4.18M","0.68%"
"01/17/2022","54.48","53.96","54.48","52.84","3.84M","1.38%"
"01/16/2022","53.74","54.48","54.85","52.99","3.40M","-1.36%"
"01/13/2022","54.48","53.66","54.48","53.51","6.24M","1.53%"
"01/12/2022","53.66","52.77","53.66","52.39","3.92M","1.26%"
"01/11/2022","52.99","51.72","52.99","51.65","6.00M","2.59%"
"01/10/2022","51.65","51.05","51.65","51.05","3.04M","1.33%"
"01/09/2022","50.97","50.38","51.27","50.38","1.19M","1.17%"
"01/06/2022","50.38","50.75","51.12","50.23","2.52M","-1.31%"
"01/05/2022","51.05","49.56","51.05","49.56","3.28M","2.70%"
"01/04/2022","49.71","49.18","49.78","49.11","2.64M","1.08%"
"01/03/2022","49.18","48.29","49.26","48.29","2.71M","1.70%"
"01/02/2022","48.36","47.76","48.44","47.69","797.81K","0.62%"
"12/30/2021","48.06","47.39","48.06","47.09","2.45M","0.63%"
"12/29/2021","47.76","47.84","47.91","47.17","1.82M","-0.31%"
"12/28/2021","47.91","47.62","47.91","47.32","2.04M","0.78%"
"12/27/2021","47.54","46.94","47.62","46.50","1.00M","1.11%"
"12/26/2021","47.02","47.39","47.76","46.79","1.01M","-1.40%"
"12/23/2021","47.69","47.32","47.69","47.02","1.94M","0.95%"
"12/22/2021","47.24","47.09","47.62","46.87","2.01M","0.64%"
"12/21/2021","46.94","46.35","46.94","46.27","1.08M","0.95%"
"12/20/2021","46.50","46.20","46.65","45.45","3.00M","0.65%"
"12/19/2021","46.20","46.57","47.02","46.12","1.90M","-1.43%"
"12/16/2021","46.87","46.27","47.76","46.20","9.37M","1.45%"
"12/15/2021","46.20","45.30","46.35","45.23","2.65M","1.99%"
"12/14/2021","45.30","46.05","46.12","45.30","2.33M","-1.46%"
"12/13/2021","45.97","46.50","46.72","45.97","2.69M","-0.97%"
"12/12/2021","46.42","46.35","47.02","45.97","1.22M","0.00%"
"12/09/2021","46.42","46.35","46.65","45.90","2.02M","0.00%"
"12/08/2021","46.42","47.09","47.09","46.20","1.97M","-1.42%"
"12/07/2021","47.09","47.76","47.76","46.42","3.19M","0.79%"
"12/06/2021","46.72","47.91","48.51","46.72","4.52M","-2.03%"
"12/05/2021","47.69","47.02","47.99","46.94","2.32M","2.23%"
"12/02/2021","46.65","45.90","46.65","45.30","3.71M","1.81%"
"12/01/2021","45.82","45.45","45.90","44.78","3.32M","1.64%"
"11/30/2021","45.08","45.30","45.30","44.48","8.00M","-0.33%"
"11/29/2021","45.23","45.82","46.72","44.85","4.36M","-0.66%"
"11/28/2021","45.53","44.48","46.27","44.48","4.11M","-5.13%"
"11/25/2021","47.99","48.66","49.26","47.99","2.41M","-1.38%"
"11/24/2021","48.66","49.33","49.48","48.51","2.41M","0.14%"
"11/23/2021","48.59","47.91","48.88","47.47","4.94M","0.16%"
"11/22/2021","48.51","50.38","50.53","48.14","3.71M","-3.71%"
"11/21/2021","50.38","51.05","51.05","50.00","2.41M","-2.02%"
"11/18/2021","51.42","51.42","51.87","51.05","1.70M","-1.00%"
"11/17/2021","51.94","50.75","51.94","50.60","1.77M","1.74%"
"11/16/2021","51.05","50.45","51.05","50.38","1.75M","1.19%"
"11/15/2021","50.45","51.35","51.50","50.45","2.33M","-2.04%"
"11/14/2021","51.50","52.24","52.24","51.42","3.51M","-1.42%"
"11/11/2021","52.24","51.50","52.24","51.42","3.83M","1.44%"
"11/10/2021","51.50","50.15","51.87","50.15","5.08M","3.00%"
"11/09/2021","50.00","49.26","50.00","49.26","5.25M","1.50%"
"11/08/2021","49.26","48.96","49.56","48.96","5.01M","0.31%"
"11/07/2021","49.11","49.41","49.48","48.81","2.85M","-0.14%"
"11/04/2021","49.18","49.11","49.18","48.73","1.70M","0.14%"
"11/03/2021","49.11","49.03","49.18","48.81","2.89M","0.16%"
"11/02/2021","49.03","48.81","49.11","48.66","2.07M","0.45%"
"11/01/2021","48.81","48.81","49.03","48.81","1.34M","0.31%"
"10/31/2021","48.66","49.03","49.26","48.66","1.27M","-1.06%"
"10/28/2021","49.18","48.88","49.33","48.59","3.82M","0.61%"
"10/27/2021","48.88","48.59","48.88","48.21","2.83M","0.76%"
"10/26/2021","48.51","48.66","49.18","48.51","2.74M","-0.16%"
"10/25/2021","48.59","48.66","48.96","48.36","1.33M","-0.45%"
"10/24/2021","48.81","49.03","49.26","48.51","2.36M","-0.31%"
"10/21/2021","48.96","48.73","48.96","48.51","3.00M","0.47%"
"10/20/2021","48.73","48.51","48.81","48.36","2.38M","0.60%"
"10/19/2021","48.44","48.66","49.03","47.69","5.56M","-0.14%"
"10/18/2021","48.51","48.51","48.59","48.36","2.73M","-0.16%"
"10/17/2021","48.59","48.14","48.59","48.14","3.24M","1.10%"
"10/14/2021","48.06","47.91","48.06","47.47","2.10M","0.63%"
"10/13/2021","47.76","47.24","47.76","47.24","1.16M","1.10%"
"10/12/2021","47.24","47.32","47.47","46.94","3.44M","0.64%"
"10/11/2021","46.94","48.14","48.29","46.87","4.30M","-2.33%"
"10/10/2021","48.06","47.76","48.29","47.62","2.87M","0.63%"
"10/07/2021","47.76","47.47","47.84","47.39","1.85M","0.78%"
"10/06/2021","47.39","47.39","47.91","46.94","3.81M","0.00%"
"10/05/2021","47.39","46.72","47.91","46.57","8.25M","1.43%"
"10/04/2021","46.72","45.45","46.79","45.45","6.38M","2.46%"
"10/03/2021","45.60","45.82","45.82","45.15","1.29M","-0.48%"
"09/30/2021","45.82","44.85","45.82","44.85","4.46M","1.98%"
"09/29/2021","44.93","45.08","45.15","44.70","1.57M","-0.49%"
"09/28/2021","45.15","44.93","45.15","44.78","2.16M","0.49%"
"09/27/2021","44.93","44.93","45.15","44.63","2.56M","0.00%"
"09/26/2021","44.93","44.85","45.00","44.56","1.65M","0.67%"
"09/22/2021","44.63","45.08","45.23","44.56","1.43M","-0.82%"
"09/21/2021","45.00","44.78","45.45","44.63","1.91M","-0.18%"
"09/20/2021","45.08","45.30","45.30","44.93","1.62M","-0.81%"
"09/19/2021","45.45","45.90","45.90","45.38","1.39M","-0.98%"
"09/16/2021","45.90","45.75","45.90","45.53","5.26M","0.00%"
"09/15/2021","45.90","45.60","45.90","45.38","2.54M","0.66%"
"09/14/2021","45.60","45.68","45.97","45.30","3.68M","0.00%"
"09/13/2021","45.60","45.30","45.60","44.93","2.92M","0.66%"
"09/12/2021","45.30","45.68","45.75","45.23","1.76M","-0.98%"
"09/09/2021","45.75","45.97","46.05","45.68","3.65M","-0.65%"
"09/08/2021","46.05","45.90","46.12","45.75","3.35M","0.33%"
"09/07/2021","45.90","46.12","46.20","45.75","4.76M","-0.48%"
"09/06/2021","46.12","45.60","46.12","45.53","3.88M","1.14%"
"09/05/2021","45.60","45.60","45.68","45.23","2.79M","-0.18%"
"09/02/2021","45.68","45.68","45.90","45.45","3.22M","0.00%"
"09/01/2021","45.68","45.23","45.75","45.15","4.65M","0.66%"
"08/31/2021","45.38","44.78","45.38","44.78","6.58M","1.34%"
"08/30/2021","44.78","43.96","44.85","43.88","3.87M","1.87%"
"08/29/2021","43.96","43.73","44.11","43.73","1.41M","0.34%"
"08/26/2021","43.81","44.03","44.03","43.66","1.54M","-0.50%"
"08/25/2021","44.03","44.03","44.26","43.81","2.28M","-0.34%"
"08/24/2021","44.18","44.26","44.41","43.81","2.14M","-0.18%"
"08/23/2021","44.26","43.88","44.48","43.81","3.11M","1.21%"
"08/22/2021","43.73","44.03","44.18","43.66","2.63M","-0.68%"
"08/19/2021","44.03","44.63","44.78","43.96","4.78M","-1.67%"
"08/18/2021","44.78","45.15","45.23","44.48","2.74M","-0.67%"
"08/17/2021","45.08","45.00","45.08","44.56","4.01M","0.18%"
"08/16/2021","45.00","44.03","45.23","43.59","8.14M","2.02%"
"08/15/2021","44.11","44.70","44.70","43.96","2.80M","-1.50%"
"08/12/2021","44.78","44.78","45.08","44.41","4.63M","0.00%"
"08/11/2021","44.78","44.48","45.23","44.48","11.14M","0.67%"
"08/10/2021","44.48","42.84","44.48","42.84","10.15M","3.47%"
"08/09/2021","42.99","42.62","43.06","42.39","5.28M","1.22%"
"08/08/2021","42.47","42.32","42.69","41.79","6.51M","-1.03%"
"08/05/2021","42.91","42.76","42.91","42.32","3.89M","0.52%"
"08/04/2021","42.69","42.54","42.91","42.24","4.50M","0.35%"
"08/03/2021","42.54","41.64","42.62","41.50","7.65M","2.16%"
"08/02/2021","41.64","41.35","41.64","41.20","2.78M","0.90%"
"08/01/2021","41.27","40.90","41.42","40.82","5.35M","0.54%"
"07/29/2021","41.05","40.82","41.05","40.75","3.10M","1.11%"
"07/28/2021","40.60","41.05","41.20","40.60","3.78M","-0.90%"
"07/27/2021","40.97","40.75","41.12","40.53","2.86M","0.91%"
"07/26/2021","40.60","40.82","40.90","40.23","5.40M","0.74%"
"07/25/2021","40.30","41.79","42.24","40.00","10.70M","-2.70%"
"07/15/2021","41.42","41.79","42.09","41.42","4.39M","-0.89%"
"07/14/2021","41.79","41.12","42.17","41.05","2.64M","1.43%"
"07/13/2021","41.20","41.12","41.57","40.90","1.97M","0.37%"
"07/12/2021","41.05","41.20","41.64","40.82","3.69M","-0.73%"
"07/11/2021","41.35","42.32","42.32","41.27","3.09M","-1.76%"
"07/08/2021","42.09","42.47","42.62","41.72","3.91M","-1.41%"
"07/07/2021","42.69","42.84","42.99","42.24","3.16M","-0.70%"
"07/06/2021","42.99","43.14","43.21","42.84","2.60M","-0.51%"
"07/05/2021","43.21","43.44","43.51","42.99","3.84M","-0.35%"
"07/04/2021","43.36","43.44","43.66","43.21","4.11M","0.00%"
"07/01/2021","43.36","43.29","43.59","43.06","5.05M","0.86%"
"06/30/2021","42.99","43.29","43.44","42.84","4.33M","-0.69%"
"06/29/2021","43.29","43.14","43.29","42.84","3.31M","1.05%"
"06/28/2021","42.84","43.29","43.44","42.84","3.86M","-1.04%"
"06/27/2021","43.29","42.76","43.36","42.62","5.12M","1.41%"
"06/24/2021","42.69","42.76","42.84","42.39","4.46M","0.35%"
"06/23/2021","42.54","42.47","43.06","42.47","5.73M","0.52%"
"06/22/2021","42.32","41.42","42.84","41.42","13.36M","2.54%"
"06/21/2021","41.27","40.60","41.50","40.53","6.62M","1.28%"
"06/20/2021","40.75","40.75","40.90","40.38","3.64M","0.00%"
"06/17/2021","40.75","40.53","41.42","40.30","17.68M","0.54%"
"06/16/2021","40.53","40.67","40.67","40.30","2.74M","0.00%"
"06/15/2021","40.53","40.53","40.82","40.38","9.15M","0.20%"
"06/14/2021","40.45","40.30","40.45","40.08","6.00M","0.55%"
"06/13/2021","40.23","40.30","40.30","40.00","3.54M","0.00%"
"06/10/2021","40.23","40.30","40.30","40.08","4.62M","0.20%"
"06/09/2021","40.15","40.23","40.38","40.00","4.26M","-0.20%"
"06/08/2021","40.23","40.15","40.30","39.78","5.42M","0.20%"
"06/07/2021","40.15","40.08","40.23","40.00","2.48M","0.17%"
"06/06/2021","40.08","40.30","40.45","40.00","2.12M","-0.55%"
"06/03/2021","40.30","40.53","40.60","40.15","6.87M","-0.37%"
"06/02/2021","40.45","39.85","40.67","39.78","7.72M","1.89%"
"06/01/2021","39.70","39.63","40.08","39.56","5.07M","0.18%"
"05/31/2021","39.63","39.78","39.78","39.11","7.26M","-0.38%"
"05/30/2021","39.78","40.08","40.23","39.56","5.79M","-0.92%"
"05/27/2021","40.15","39.93","40.23","39.70","14.49M","0.93%"
"05/26/2021","39.78","40.30","40.53","39.78","6.31M","-1.49%"
"05/25/2021","40.38","40.00","40.53","39.93","11.20M","1.13%"
"05/24/2021","39.93","40.30","40.38","39.93","3.44M","-0.75%"
"05/23/2021","40.23","40.60","40.67","40.15","1.63M","-0.74%"
"05/20/2021","40.53","40.60","40.60","40.30","4.31M","0.20%"
"05/19/2021","40.45","40.75","40.75","40.30","1.82M","-0.54%"
"05/18/2021","40.67","40.38","41.05","40.23","6.52M","0.92%"
"05/17/2021","40.30","40.30","40.60","40.30","3.84M","0.00%"
"05/10/2021","40.30","40.45","40.45","40.23","5.10M","0.00%"
"05/09/2021","40.30","41.05","41.05","40.15","1.90M","-1.83%"
"05/06/2021","41.05","40.82","41.05","40.60","6.31M","0.56%"
"05/05/2021","40.82","40.82","41.20","40.60","3.49M","-0.37%"
"05/04/2021","40.97","40.97","41.42","40.38","4.55M","0.00%"
"05/03/2021","40.97","41.50","41.64","40.90","3.84M","-1.28%"
"05/02/2021","41.50","41.94","42.17","41.42","2.56M","-2.10%"
"04/29/2021","42.39","42.54","42.76","41.64","8.63M","-1.90%"
"04/28/2021","43.21","41.05","43.29","40.67","19.73M","6.43%"
"04/27/2021","40.60","40.15","40.60","39.78","5.57M","1.30%"
"04/26/2021","40.08","40.15","40.23","39.48","7.07M","0.96%"
"04/25/2021","39.70","40.08","40.38","39.63","2.46M","-0.95%"
"04/22/2021","40.08","40.30","40.38","40.08","2.08M","0.00%"
"04/21/2021","40.08","40.38","40.38","40.08","3.26M","-0.74%"
"04/20/2021","40.38","40.30","40.45","40.15","2.85M","-0.17%"
"04/19/2021","40.45","40.82","40.90","39.93","5.02M","-0.74%"
"04/18/2021","40.75","41.05","41.42","40.53","2.86M","-0.37%"
"04/15/2021","40.90","39.78","40.97","39.63","5.98M","3.60%"
"04/14/2021","39.48","39.18","39.56","38.96","2.37M","0.38%"
"04/13/2021","39.33","40.00","40.08","39.11","5.71M","-1.67%"
"04/12/2021","40.00","40.75","40.90","40.00","6.93M","-2.20%"
"04/11/2021","40.90","41.64","41.64","40.75","2.55M","-1.97%"
"04/08/2021","41.72","41.72","41.94","40.97","5.84M","0.00%"
"04/07/2021","41.72","41.57","42.54","41.42","4.88M","0.36%"
"04/06/2021","41.57","41.64","41.72","40.97","5.31M","-0.36%"
"04/05/2021","41.72","42.62","42.99","41.35","5.03M","-1.93%"
"04/04/2021","42.54","41.12","44.41","41.12","7.03M","3.63%"
"04/01/2021","41.05","39.93","42.02","39.85","9.68M","3.58%"
"03/31/2021","39.63","38.81","39.93","38.14","14.70M","5.15%"
"03/30/2021","37.69","37.47","38.14","37.28","2.45M","0.59%"
"03/29/2021","37.47","36.31","37.47","36.27","3.49M","3.62%"
"03/28/2021","36.16","35.94","36.27","35.94","962.13K","0.84%"
"03/25/2021","35.86","36.35","36.35","35.82","1.76M","-1.13%"
"03/24/2021","36.27","36.57","36.57","36.05","2.27M","-0.82%"
"03/23/2021","36.57","36.94","37.05","36.57","2.30M","-0.92%"
"03/22/2021","36.91","37.24","37.24","36.61","2.09M","-1.10%"
"03/21/2021","37.32","37.32","37.69","37.28","1.52M","-0.40%"
"03/18/2021","37.47","38.51","38.51","37.47","3.72M","-2.52%"
"03/17/2021","38.44","38.66","38.73","38.14","1.66M","-0.57%"
"03/16/2021","38.66","38.44","38.81","38.44","3.43M","0.21%"
"03/15/2021","38.58","38.81","38.96","38.44","3.27M","-0.21%"
"03/14/2021","38.66","38.81","39.18","38.58","2.14M","0.00%"
"03/11/2021","38.66","38.66","39.41","38.06","4.02M","0.00%"
"03/10/2021","38.66","37.69","38.81","37.61","7.12M","3.59%"
"03/09/2021","37.32","36.64","37.54","36.64","7.01M","1.86%"
"03/08/2021","36.64","36.01","36.91","36.01","3.52M","0.71%"
"03/07/2021","36.38","36.64","37.39","36.38","2.16M","-1.22%"
"03/04/2021","36.83","37.32","37.32","36.57","3.31M","-0.99%"
"03/03/2021","37.20","37.32","37.47","36.79","4.01M","-0.11%"
"03/02/2021","37.24","36.20","37.32","36.20","6.96M","3.30%"
"03/01/2021","36.05","35.26","36.27","35.26","6.36M","2.24%"
"02/28/2021","35.26","34.89","35.41","34.74","2.22M","0.51%"
"02/25/2021","35.08","34.18","35.08","34.18","7.59M","2.63%"
"02/24/2021","34.18","34.67","34.67","34.14","3.42M","-0.44%"
"02/23/2021","34.33","33.73","34.55","33.70","5.38M","1.78%"
"02/22/2021","33.73","33.96","34.03","33.66","3.23M","-0.79%"
"02/21/2021","34.00","34.29","34.29","33.96","511.83K","0.35%"
"02/18/2021","33.88","34.44","34.48","33.88","2.05M","-1.94%"
"02/17/2021","34.55","34.52","34.78","34.44","2.71M","0.00%"
"02/16/2021","34.55","34.14","34.82","34.03","3.99M","1.53%"
"02/15/2021","34.03","33.62","34.41","33.62","4.69M","1.43%"
"02/14/2021","33.55","33.77","33.96","33.51","1.32M","-0.65%"
"02/11/2021","33.77","33.58","33.92","33.44","2.56M","0.57%"
"02/10/2021","33.58","33.21","34.26","33.21","6.27M","3.67%"
"02/09/2021","32.39","32.05","32.61","32.02","2.56M","1.50%"
"02/08/2021","31.91","31.76","32.05","31.72","1.86M","1.33%"
"02/07/2021","31.49","31.87","32.32","31.49","1.65M","-1.87%"
"02/04/2021","32.09","31.38","32.20","31.38","2.56M","1.65%"
"02/03/2021","31.57","32.24","32.24","31.53","2.51M","-2.08%"
"02/02/2021","32.24","32.02","32.80","31.79","1.31M","2.12%"
"02/01/2021","31.57","31.42","32.13","31.38","1.60M","0.61%"
"01/31/2021","31.38","31.87","31.94","31.38","1.45M","-2.46%"
"01/28/2021","32.17","32.32","32.47","31.91","2.91M","-1.59%"
"01/27/2021","32.69","32.84","32.95","32.69","981.39K","0.00%"
"01/26/2021","32.69","33.25","33.32","32.69","2.10M","-2.24%"
"01/25/2021","33.44","33.32","33.58","33.32","5.25M","0.57%"
"01/24/2021","33.25","33.73","33.81","33.25","789.96K","-1.66%"
"01/21/2021","33.81","33.85","33.88","33.73","1.10M","-0.12%"
"01/20/2021","33.85","33.62","33.88","33.62","1.33M","0.24%"
"01/19/2021","33.77","33.66","33.92","33.66","979.34K","0.45%"
"01/18/2021","33.62","33.29","33.66","33.25","2.18M","0.99%"
"01/17/2021","33.29","33.29","33.55","33.25","550.85K","-0.33%"
"01/14/2021","33.40","33.58","33.58","33.29","2.58M","-0.45%"
"01/13/2021","33.55","32.91","33.55","32.84","2.29M","2.04%"
"01/12/2021","32.88","32.73","32.88","32.58","2.04M","0.24%"
"01/11/2021","32.80","32.61","32.80","32.28","2.12M","0.68%"
"01/10/2021","32.58","32.28","32.61","32.24","1.13M","1.05%"
"01/07/2021","32.24","31.98","32.24","31.94","927.84K","0.69%"
"01/06/2021","32.02","32.28","32.28","32.02","1.09M","-0.81%"
"01/05/2021","32.28","32.28","32.32","32.05","1.52M","0.72%"
"01/04/2021","32.05","32.47","32.47","32.02","916.59K","-0.25%"
"01/03/2021","32.13","32.43","32.58","32.09","476.42K","-0.68%"